id,zuerst_gesehen,zuletzt_gesehen,link,kategorie,typ,plz,ort,gemeinde,wahlkreis,miete_netto,nebenkosten,miete_brutto,zimmer,flaeche_m2,baujahr,renovationsjahr,stockwerk,moebliert,befristet,lat,lon,balconygarden,lift,washingmachine,tumbler,dishwasher,view,parkingspace,garage,fireplace,petsallowed,miete_pro_m2
86430579,2026-10-08,2026-10-08,https://flatfox.ch/en/flat/marausstrasse-3-7310-bad-ragaz/86430579/,APARTMENT,APARTMENT,7310,Bad Ragaz,Bad Ragaz,Sarganserland,2800.0,250.0,,4.5,250.0,,2011.0,1.0,False,False,47.007053201617,9.502789694352,True,False,True,True,False,False,False,True,False,False,11.2
86430319,2026-10-08,2026-10-08,https://flatfox.ch/en/flat/bronschhoferstrasse-44-9500-wil/86430319/,APARTMENT,SINGLE_ROOM,9500,Wil,Zuzwil (SG),Wil,100.0,40.0,140.0,1.0,,,,1.0,False,False,47.468380201614,9.041233698354,False,False,False,False,False,False,False,False,False,False,
86430255,2026-10-08,2026-10-08,https://flatfox.ch/en/flat/rutistrasse-46-8636-wald-zh/86430255/,APARTMENT,SINGLE_ROOM,8636,Wald ZH,Eschenbach (SG),See-Gaster,,,700.0,1.0,,,,,False,False,47.273528201615,8.909209698355,False,False,False,False,False,False,False,False,False,False,
86430202,2026-10-08,2026-10-08,https://flatfox.ch/en/flat/gaschurstrasse-13-7310-bad-ragaz/86430202/,APARTMENT,APARTMENT,7310,Bad Ragaz,Bad Ragaz,Sarganserland,1400.0,300.0,,3.5,80.0,,,2.0,False,False,47.001944201612,9.501383693358,True,False,True,True,True,True,False,False,False,False,17.5
86430141,2026-10-08,2026-10-08,https://flatfox.ch/en/flat/bacharhof-2-7310-bad-ragaz/86430141/,HOUSE,SINGLE_HOUSE,7310,Bad Ragaz,Bad Ragaz,Sarganserland,2260.0,400.0,,5.5,,1820.0,2013.0,,False,False,46.993760201613,9.465517694357,True,False,True,False,True,True,True,False,False,False,
86429950,2026-10-08,2026-10-08,https://flatfox.ch/en/flat/sonnenbergstrasse-35-9000-st-gallen/86429950/,APARTMENT,APARTMENT,9000,St. Gallen,St. Gallen,St. Gallen,726.0,138.0,,2.0,43.0,,,1.0,False,False,47.425274201616,9.358354694354,False,False,True,True,True,True,True,True,False,False,16.88
86429611,2026-10-08,2026-10-08,https://flatfox.ch/en/flat/hummelbergstr-60-8645-jona/86429611/,APARTMENT,APARTMENT,8645,Jona,Rapperswil-Jona,See-Gaster,1300.0,235.0,1535.0,2.5,51.0,1982.0,,0.0,False,False,47.232616201617,8.856735694354,False,False,False,False,False,False,False,True,False,False,25.49
86429539,2026-10-08,2026-10-08,https://flatfox.ch/en/flat/zurcherstrasse-102-9000-st-gallen/86429539/,APARTMENT,APARTMENT,9000,St. Gallen,St. Gallen,St. Gallen,,220.0,1350.0,3.5,,,,2.0,False,False,47.416284201611,9.346435694354,True,False,False,False,False,True,False,False,False,True,
86429169,2026-10-08,2026-10-08,https://flatfox.ch/en/flat/zieglerstrasse-1-9008-stgallen/86429169/,APARTMENT,APARTMENT,9008,St.Gallen,St. Gallen,St. Gallen,,,1296.0,3.5,,,,0.0,False,False,47.439145201616,9.395519695354,False,False,True,True,True,False,True,False,False,True,
86429148,2026-10-08,2026-10-08,https://flatfox.ch/en/flat/falkensteinstrasse-15-9000-st-gallen/86429148/,APARTMENT,APARTMENT,9000,St. Gallen,St. Gallen,St. Gallen,1470.0,160.0,,3.5,68.0,,2025.0,0.0,False,False,47.430296201611,9.392543699351,True,True,True,True,True,False,True,True,False,False,21.62
86429062,2026-10-08,2026-10-08,https://flatfox.ch/en/flat/seestrasse-2-8714-feldbach/86429062/,APARTMENT,APARTMENT,8714,Feldbach,Rapperswil-Jona,See-Gaster,1900.0,200.0,2100.0,2.5,69.0,1719.0,2018.0,2.0,False,False,47.239494201619,8.787728694351,False,False,False,False,False,False,True,False,False,False,27.54
86429051,2026-10-08,2026-10-08,https://flatfox.ch/en/flat/rainstrasse-6-8645-jona/86429051/,APARTMENT,APARTMENT,8645,Jona,Rapperswil-Jona,See-Gaster,,215.0,1781.0,4.0,83.0,,,1.0,False,False,47.232374201618,8.839348694359,True,False,True,True,True,False,False,False,False,True,
86429040,2026-10-08,2026-10-08,https://flatfox.ch/en/flat/escherstrasse-13a-8730-uznach/86429040/,APARTMENT,APARTMENT,8730,Uznach,Schmerikon,See-Gaster,1430.0,260.0,1690.0,3.5,65.0,0.0,,,False,False,47.223366201611,8.979643694356,True,True,False,False,False,True,False,False,False,False,22.0
86429037,2026-10-08,2026-10-08,https://flatfox.ch/en/flat/nelkenstrasse-9-9100-herisau/86429037/,APARTMENT,APARTMENT,9100,Herisau,Gossau (SG),St. Gallen,1250.0,250.0,1500.0,4.0,,,,2.0,False,False,47.392494201616,9.276993694352,True,False,False,False,True,True,False,False,False,False,
86429024,2026-10-08,2026-10-08,https://flatfox.ch/en/flat/santisblickstrasse-8580-amriswil/86429024/,APARTMENT,APARTMENT,8580,Amriswil,Muolen,St. Gallen,,,580.0,1.0,30.0,,,,False,False,47.549384201613,9.307335694357,False,False,False,False,False,False,False,False,False,False,
86428858,2026-10-08,2026-10-08,https://flatfox.ch/en/flat/zurcherstrasse-231-9014-st-gallen/86428858/,APARTMENT,APARTMENT,9014,St. Gallen,St. Gallen,St. Gallen,,170.0,990.0,2.0,60.0,1966.0,2015.0,4.0,False,False,47.410914201611,9.333489694352,False,True,False,False,True,False,False,False,False,False,
86428855,2026-10-08,2026-10-08,https://flatfox.ch/en/flat/zwinglistrasse-19-st-gallen-9000-st-gallen/86428855/,APARTMENT,APARTMENT,9000,St. Gallen,St. Gallen,St. Gallen,,,530.0,4.0,,,,,False,False,47.425554201618,9.370244694356,False,False,False,False,False,False,False,False,False,False,
86428754,2026-10-08,2026-10-08,https://flatfox.ch/en/flat/metzgergasse-17-9000-st-gallen/86428754/,APARTMENT,ROOF_FLAT,9000,St. Gallen,St. Gallen,St. Gallen,,,1080.0,2.0,50.0,,,4.0,False,False,47.426904201615,9.375144690358,False,False,False,False,True,False,False,False,False,False,
86428719,2026-10-08,2026-10-08,https://flatfox.ch/en/flat/varnbuelstrasse-11-9000-st-gallen/86428719/,APARTMENT,FURNISHED_FLAT,9000,St. Gallen,St. Gallen,St. Gallen,,,1430.0,1.0,24.0,,2026.0,1.0,True,False,47.430554201613,9.373719694359,False,False,False,False,False,False,False,False,False,False,
86428653,2026-10-08,2026-10-08,https://flatfox.ch/en/flat/zwinglistrasse-19-9000-st-gallen/86428653/,APARTMENT,APARTMENT,9000,St. Gallen,St. Gallen,St. Gallen,,210.0,560.0,4.0,,,,,False,False,47.425554201618,9.370244694356,False,False,False,False,False,False,False,False,False,False,
86428582,2026-10-08,2026-10-08,https://flatfox.ch/en/flat/gerhardtstrasse-6-9012-st-gallen/86428582/,APARTMENT,ROOF_FLAT,9012,St. Gallen,St. Gallen,St. Gallen,2030.0,300.0,2330.0,4.5,126.0,1984.0,,3.0,False,False,47.411358201613,9.363673696358,False,False,False,False,False,False,False,False,False,False,16.11
86428397,2026-10-08,2026-10-08,https://flatfox.ch/en/flat/ebnaterstrasse-9630-wattwil/86428397/,APARTMENT,APARTMENT,9630,Wattwil,Mosnang,Toggenburg,,,1760.0,4.5,,,,,False,False,47.296477201616,9.093043694351,False,False,False,False,False,False,False,False,False,False,
86428113,2026-10-08,2026-10-08,https://flatfox.ch/en/flat/dorfstrasse-6-8722-kaltbrunn/86428113/,APARTMENT,APARTMENT,8722,Kaltbrunn,Gommiswald,See-Gaster,1260.0,100.0,,2.5,,,,1.0,False,False,47.213210201615,9.025455697359,True,False,False,False,True,False,False,False,False,False,
86427907,2026-10-08,2026-10-08,https://flatfox.ch/en/flat/auf-anfrage-1-9464-ruthi/86427907/,HOUSE,SINGLE_HOUSE,9464,Rüthi,Rüthi (SG),Rheintal,1400.0,150.0,1550.0,4.5,145.0,1910.0,,,False,False,47.293603201612,9.537633694352,False,False,False,False,False,False,True,False,True,False,9.66
86427778,2026-10-08,2026-10-08,https://flatfox.ch/en/flat/st-josefstrasse-3-8730-uznach/86427778/,APARTMENT,APARTMENT,8730,Uznach,Schmerikon,See-Gaster,1246.0,260.0,1506.0,3.5,80.0,1985.0,,0.0,False,False,47.229724201615,8.967904699351,False,False,False,False,False,False,False,False,False,False,15.58
86427591,2026-10-08,2026-10-08,https://flatfox.ch/en/flat/9230-flawil/86427591/,APARTMENT,APARTMENT,9230,Flawil,Oberuzwil,Wil,1750.0,250.0,2000.0,4.5,88.0,1999.0,2018.0,1.0,False,False,47.410406201617,9.184808694359,False,False,False,False,False,False,False,False,False,True,19.89
86427444,2026-10-08,2026-10-08,https://flatfox.ch/en/flat/9312-haggenschwil/86427444/,HOUSE,SINGLE_HOUSE,9312,Häggenschwil,Häggenschwil,St. Gallen,3100.0,250.0,3350.0,5.5,247.0,1990.0,2026.0,,False,False,47.489474201619,9.337456690359,True,False,False,False,False,False,True,False,True,True,12.55
86427367,2026-10-08,2026-10-08,https://flatfox.ch/en/flat/9000-st-gallen/86427367/,APARTMENT,TERRACE_FLAT,9000,St. Gallen,St. Gallen,St. Gallen,1840.0,350.0,2190.0,4.5,100.0,1908.0,2022.0,1.0,False,False,47.424574201612,9.374875699351,False,False,False,False,False,False,False,False,False,True,18.4
86427335,2026-10-08,2026-10-08,https://flatfox.ch/en/flat/9230-flawil/86427335/,APARTMENT,APARTMENT,9230,Flawil,Oberuzwil,Wil,2050.0,250.0,2300.0,5.5,102.0,1999.0,2018.0,0.0,False,False,47.410365201611,9.184890690353,False,False,False,False,False,False,False,False,False,True,20.1
86427284,2026-10-08,2026-10-08,https://flatfox.ch/en/flat/9220-bischofszell/86427284/,APARTMENT,DUPLEX,9220,Bischofszell,Muolen,St. Gallen,1990.0,300.0,2290.0,5.5,200.0,1979.0,,3.0,False,False,47.496314201614,9.253007698356,True,False,False,False,False,False,True,False,True,False,9.95
86427269,2026-10-08,2026-10-08,https://flatfox.ch/en/flat/9424-rheineck/86427269/,APARTMENT,DUPLEX,9424,Rheineck,Rheineck,Rheintal,1990.0,280.0,2270.0,4.5,175.0,1920.0,2026.0,3.0,False,False,47.467084201616,9.585944699356,True,False,False,False,False,False,True,False,False,False,11.37
86427242,2026-10-08,2026-10-08,https://flatfox.ch/en/flat/9543-st-margarethen/86427242/,APARTMENT,APARTMENT,9543,St. Margarethen,Wil (SG),Wil,1730.0,250.0,1980.0,4.5,93.0,1990.0,2026.0,0.0,False,False,47.488254201616,9.000883695357,False,False,False,False,False,False,False,False,False,False,18.6
86427052,2026-10-08,2026-10-08,https://flatfox.ch/en/flat/hofacker-9-8733-eschenbach/86427052/,APARTMENT,APARTMENT,8733,Eschenbach,Eschenbach (SG),See-Gaster,2170.0,180.0,,4.5,110.0,,,1.0,False,False,47.240205201617,8.924924694352,False,False,False,False,False,False,False,False,False,False,19.73
86426908,2026-10-08,2026-10-08,https://flatfox.ch/en/flat/st-gallerstr-66-9200-gossau-sg/86426908/,APARTMENT,APARTMENT,9200,Gossau SG,Gossau (SG),St. Gallen,1050.0,120.0,1170.0,2.5,42.0,1920.0,2013.0,2.0,False,False,47.416267201616,9.250939695352,False,True,False,False,False,False,False,False,False,True,25.0
86426907,2026-10-08,2026-10-08,https://flatfox.ch/en/flat/seeblickstr-9-9010-st-gallen/86426907/,APARTMENT,APARTMENT,9010,St. Gallen,St. Gallen,St. Gallen,1425.0,135.0,1560.0,2.5,55.0,2023.0,,0.0,False,False,47.440194201618,9.377744699354,False,False,False,False,False,False,False,True,False,False,25.91
86426807,2026-10-08,2026-10-08,https://flatfox.ch/en/flat/auf-anfrage-8733-eschenbach-sg/86426807/,HOUSE,SINGLE_HOUSE,8733,Eschenbach SG,Eschenbach (SG),See-Gaster,2650.0,,,4.5,104.0,,,,False,False,47.243834201614,8.923003694357,True,False,False,False,False,False,True,True,False,False,25.48
86426114,2026-10-08,2026-10-08,https://flatfox.ch/en/flat/friedenstrasse-5-9220-bischofszell/86426114/,APARTMENT,APARTMENT,9220,Bischofszell,Muolen,St. Gallen,,,1400.0,3.5,70.0,1950.0,,1.0,False,False,47.493617201611,9.246743696354,True,False,True,False,True,False,True,False,False,False,
86426024,2026-10-08,2026-10-08,https://flatfox.ch/en/flat/zwinglistrasse-19-9000-st-gallen/86426024/,APARTMENT,APARTMENT,9000,St. Gallen,St. Gallen,St. Gallen,,,1590.0,4.0,,,,,False,False,47.425554201618,9.370244694356,False,False,False,False,False,False,False,False,False,False,
86425916,2026-10-08,2026-10-08,https://flatfox.ch/en/flat/9042-speicher/86425916/,APARTMENT,APARTMENT,9042,Speicher,St. Gallen,St. Gallen,1050.0,80.0,,1.5,28.0,1999.0,,0.0,True,False,47.408975201611,9.444066694352,True,False,False,False,False,True,True,False,False,False,37.5
86425908,2026-10-08,2026-10-08,https://flatfox.ch/en/flat/rickenstrasse-70-9630-wattwil/86425908/,APARTMENT,APARTMENT,9630,Wattwil,Mosnang,Toggenburg,990.0,260.0,1250.0,3.5,70.0,,,1.0,False,False,47.295814201618,9.085804695353,False,False,False,False,False,False,False,False,False,False,14.14
86425860,2026-10-08,2026-10-08,https://flatfox.ch/en/flat/rosenbergweg-23-9000-stgallen/86425860/,APARTMENT,APARTMENT,9000,St.Gallen,St. Gallen,St. Gallen,,100.0,385.0,1.0,,,,3.0,False,False,47.421754201614,9.361909694359,False,False,False,False,False,False,True,False,False,False,
86425711,2026-10-08,2026-10-08,https://flatfox.ch/en/flat/zwinglistrasse-19-9000-st-gallen/86425711/,APARTMENT,APARTMENT,9000,St Gallen,St. Gallen,St. Gallen,,210.0,1590.0,4.0,,,,0.0,False,False,47.425554201618,9.370244694356,False,False,False,False,False,False,False,False,False,False,
86425446,2026-10-08,2026-10-08,https://flatfox.ch/en/flat/bahnhofstr44-9200-gossau-sg/86425446/,APARTMENT,APARTMENT,9200,Gossau SG,Gossau (SG),St. Gallen,1490.0,230.0,1720.0,3.5,81.0,2008.0,,1.0,False,False,47.412194201615,9.252666696357,True,True,False,False,False,False,False,True,False,False,18.4
86425434,2026-10-08,2026-10-08,https://flatfox.ch/en/flat/bahnhofstr-21b-9470-buchs-sg/86425434/,APARTMENT,APARTMENT,9470,Buchs SG,Grabs,Werdenberg,1450.0,350.0,1800.0,3.5,83.0,1996.0,,3.0,False,False,47.166457201616,9.476066694351,False,True,False,False,False,False,False,True,False,True,17.47
86425433,2026-10-08,2026-10-08,https://flatfox.ch/en/flat/boschenweg-13-9230-flawil/86425433/,APARTMENT,APARTMENT,9230,Flawil,Oberuzwil,Wil,1680.0,240.0,1920.0,4.5,102.0,2013.0,,0.0,False,False,47.410184201618,9.191273694352,False,True,False,False,False,False,False,True,False,True,16.47
86425313,2026-10-08,2026-10-08,https://flatfox.ch/en/flat/imrissfueter-4-9475-sevelen/86425313/,HOUSE,SINGLE_HOUSE,9475,Sevelen,Sevelen,Werdenberg,,,800.0,1.0,,,,,False,False,47.125184201613,9.478793695356,False,False,False,False,False,False,False,False,False,False,
86425150,2026-10-08,2026-10-08,https://flatfox.ch/en/flat/9532-rickenbach/86425150/,APARTMENT,APARTMENT,9532,Rickenbach,Kirchberg (SG),Toggenburg,,,1700.0,3.5,99.0,,,1.0,True,True,47.448616201616,9.046210695354,True,True,True,True,True,False,True,False,False,False,
86425048,2026-10-08,2026-10-08,https://flatfox.ch/en/flat/st-gallerstrasse-1-9100-herisau/86425048/,APARTMENT,FURNISHED_FLAT,9100,Herisau,Gossau (SG),St. Gallen,800.0,90.0,,1.0,,,,-2.0,True,False,47.391689201612,9.272400699359,False,False,False,False,False,False,False,False,False,False,
86425021,2026-10-08,2026-10-08,https://flatfox.ch/en/flat/9107-urnasch/86425021/,APARTMENT,FURNISHED_FLAT,9107,Urnäsch,Wildhaus-Alt St. Johann,Toggenburg,,,2940.0,7.5,130.0,,,,True,True,47.316984201611,9.282636696359,True,False,False,False,False,False,True,True,True,True,
86425007,2026-10-08,2026-10-08,https://flatfox.ch/en/flat/neue-steig-2-9100-herisau/86425007/,APARTMENT,FURNISHED_FLAT,9100,Herisau,Gossau (SG),St. Gallen,610.0,120.0,,1.0,21.0,,,2.0,True,False,47.385027201615,9.276249698355,False,True,False,False,False,False,True,True,False,False,29.05
86424526,2026-10-08,2026-10-08,https://flatfox.ch/en/flat/rutistrasse-2-8636-wald-zh/86424526/,APARTMENT,APARTMENT,8636,Wald ZH,Eschenbach (SG),See-Gaster,,,2580.0,6.5,154.0,,,,False,False,47.276604201612,8.914993694352,False,False,False,False,False,False,False,False,False,False,
86424368,2026-10-08,2026-10-08,https://flatfox.ch/en/flat/kirchgasse-7-wildhaus-9658-wildhaus/86424368/,APARTMENT,APARTMENT,9658,Wildhaus,Grabs,Werdenberg,,,670.0,1.0,21.0,,,,False,False,47.204375201619,9.352287694355,False,False,False,False,False,False,False,False,False,False,
86424062,2026-10-08,2026-10-08,https://flatfox.ch/en/flat/9012-st-gallen/86424062/,APARTMENT,APARTMENT,9012,St. Gallen,St. Gallen,St. Gallen,,50.0,550.0,1.0,50.0,,,4.0,False,False,47.409224201617,9.365219694352,False,False,False,False,False,False,False,False,False,False,
86424060,2026-10-08,2026-10-08,https://flatfox.ch/en/flat/st-gallerstr-68-9500-wil/86424060/,APARTMENT,APARTMENT,9500,Wil,Zuzwil (SG),Wil,1730.0,200.0,1930.0,3.5,103.0,2005.0,,4.0,False,False,47.464084201614,9.063046694355,False,True,False,False,False,False,True,True,False,True,16.8
86424059,2026-10-08,2026-10-08,https://flatfox.ch/en/flat/st-gallerstr-66-9500-wil/86424059/,APARTMENT,APARTMENT,9500,Wil,Zuzwil (SG),Wil,1730.0,180.0,1910.0,3.5,103.0,2005.0,,4.0,False,False,47.464205201613,9.062598695355,False,True,False,False,False,False,True,True,False,True,16.8
86424058,2026-10-08,2026-10-08,https://flatfox.ch/en/flat/st-gallerstr-62a-9500-wil/86424058/,APARTMENT,APARTMENT,9500,Wil,Zuzwil (SG),Wil,1530.0,180.0,1710.0,3.5,91.0,2005.0,,1.0,False,False,47.464154201613,9.061443694359,False,True,False,False,False,False,True,True,False,True,16.81
86424057,2026-10-08,2026-10-08,https://flatfox.ch/en/flat/turnerstr-34-9000-st-gallen/86424057/,APARTMENT,APARTMENT,9000,St. Gallen,St. Gallen,St. Gallen,2060.0,320.0,2380.0,5.5,136.0,2006.0,,3.0,False,False,47.418388201611,9.354644694352,False,True,False,False,False,False,False,True,False,True,15.15
86424052,2026-10-08,2026-10-08,https://flatfox.ch/en/flat/in-der-wure-2-9552-bronschhofen/86424052/,APARTMENT,APARTMENT,9552,Bronschhofen,Wil (SG),Wil,1400.0,200.0,1600.0,3.5,75.0,1979.0,2016.0,1.0,False,False,47.479677201614,9.032980694351,True,False,False,False,False,False,True,True,False,False,18.67
86423986,2026-10-08,2026-10-08,https://flatfox.ch/en/flat/hauptstrasse-38-9422-staad-sg/86423986/,APARTMENT,APARTMENT,9422,Staad SG,Thal,Rorschach,,,980.0,2.0,,,,,False,False,47.480354201611,9.532867694358,False,False,False,False,False,False,False,False,False,False,
86423983,2026-10-08,2026-10-08,https://flatfox.ch/en/flat/oberdorfstr-1-9607-mosnang/86423983/,APARTMENT,APARTMENT,9607,Mosnang,Mosnang,Toggenburg,,,1380.0,2.5,65.0,,,,False,False,47.362154201611,9.038616695353,False,False,False,False,False,False,False,False,False,False,
86423982,2026-10-08,2026-10-08,https://flatfox.ch/en/flat/bascharhof-2-7310-bad-ragaz/86423982/,HOUSE,SINGLE_HOUSE,7310,Bad Ragaz,Bad Ragaz,Sarganserland,,,2260.0,5.5,,,,,False,False,47.025754201618,9.476240696354,False,False,False,False,False,False,False,False,False,False,
86423956,2026-10-08,2026-10-08,https://flatfox.ch/en/flat/haupstrasse-14-9422-staad-sg/86423956/,APARTMENT,APARTMENT,9422,Staad SG,Thal,Rorschach,,,1400.0,2.0,,,,,False,False,47.479773201614,9.529634697354,False,False,False,False,False,False,False,False,False,False,
86423952,2026-10-08,2026-10-08,https://flatfox.ch/en/flat/9450-luchingen/86423952/,APARTMENT,APARTMENT,9450,Lüchingen,Altstätten,Rheintal,,,1990.0,5.0,,,,,False,False,47.386609201613,9.552709690358,False,False,False,False,False,False,False,False,False,False,
86423684,2026-10-08,2026-10-08,https://flatfox.ch/en/flat/rotbaldstrasse-2-9532-rickenbach-b-wil/86423684/,APARTMENT,APARTMENT,9532,Rickenbach b. Wil,Kirchberg (SG),Toggenburg,980.0,110.0,1090.0,2.0,40.0,,,1.0,False,False,47.450114201611,9.047464694352,False,True,True,True,False,True,False,False,False,False,24.5
86423507,2026-10-08,2026-10-08,https://flatfox.ch/en/flat/erlengrund-5-9470-buchs-sg/86423507/,APARTMENT,DUPLEX,9470,Buchs SG,Grabs,Werdenberg,1924.0,460.0,2384.0,6.5,184.0,1985.0,,3.0,False,False,47.164894201617,9.482627697355,True,False,False,False,False,True,False,False,False,False,10.46
86423338,2026-10-08,2026-10-08,https://flatfox.ch/en/flat/rainstrasse-18-8645-jona/86423338/,APARTMENT,APARTMENT,8645,Jona,Rapperswil-Jona,See-Gaster,,273.0,1893.0,3.0,75.0,,,4.0,False,False,47.232864201619,8.841416694357,True,False,True,True,True,True,False,False,False,True,
86423105,2026-10-08,2026-10-08,https://flatfox.ch/en/flat/zurcher-strasse-16-9000-st-gallen/86423105/,APARTMENT,APARTMENT,9000,St. Gallen,St. Gallen,St. Gallen,1140.0,200.0,1340.0,2.5,,,,2.0,False,False,47.420484201612,9.356164694359,True,False,False,False,True,False,False,False,False,True,
86423036,2026-10-08,2026-10-08,https://flatfox.ch/en/flat/zurcherstrasse-292-9014-st-gallen/86423036/,APARTMENT,APARTMENT,9014,St. Gallen,St. Gallen,St. Gallen,,200.0,1450.0,4.0,,,,1.0,False,False,47.408254201612,9.327944698351,True,False,False,False,False,False,False,True,False,True,
86422801,2026-10-08,2026-10-08,https://flatfox.ch/en/flat/auf-anfrage-9613-muhlruti/86422801/,APARTMENT,APARTMENT,9613,Mühlrüti,Kirchberg (SG),Toggenburg,2100.0,200.0,2300.0,5.5,190.0,,,3.0,False,False,47.370754201617,8.985166697355,True,False,False,False,False,False,True,False,False,False,11.05
86422796,2026-10-08,2026-10-08,https://flatfox.ch/en/flat/auf-anfrage-9000-st-gallen/86422796/,APARTMENT,ATTIC_FLAT,9000,St. Gallen,St. Gallen,St. Gallen,2000.0,230.0,2230.0,3.5,82.0,,2025.0,3.0,False,False,47.424565201619,9.374898694352,True,False,False,False,False,False,False,False,False,False,24.39
86422351,2026-10-08,2026-10-08,https://flatfox.ch/en/flat/krazernstrasse-108c-9015-st-gallen/86422351/,APARTMENT,APARTMENT,9015,St. Gallen,Gossau (SG),St. Gallen,,,1050.0,2.0,41.0,,,,False,False,47.406363201616,9.310995694352,False,False,False,False,False,False,False,False,False,False,
86422346,2026-10-08,2026-10-08,https://flatfox.ch/en/flat/spyristrasse-9008-st-gallen/86422346/,APARTMENT,SINGLE_ROOM,9008,St. Gallen,St. Gallen,St. Gallen,,,750.0,1.0,,,,,False,False,47.436554201619,9.392093698351,False,False,False,False,False,False,False,False,False,False,
86422230,2026-10-08,2026-10-08,https://flatfox.ch/en/flat/bruggwiesenweg-20c-9000-st-gallen/86422230/,APARTMENT,APARTMENT,9000,St. Gallen,St. Gallen,St. Gallen,,,1350.0,4.5,80.0,,2017.0,1.0,False,False,47.429595201617,9.402000694356,True,False,False,False,False,False,False,False,False,False,
86422202,2026-10-08,2026-10-08,https://flatfox.ch/en/flat/tobelgasse-6-7310-bad-ragaz/86422202/,APARTMENT,APARTMENT,7310,Bad Ragaz,Bad Ragaz,Sarganserland,865.0,115.0,,2.0,45.0,,,3.0,False,False,47.001058201614,9.499153694357,True,False,False,False,False,False,True,False,False,True,19.22
86422159,2026-10-08,2026-10-08,https://flatfox.ch/en/flat/melchtalstrasse-3-9000-st-gallen/86422159/,APARTMENT,APARTMENT,9000,St. Gallen,St. Gallen,St. Gallen,2100.0,300.0,,4.0,100.0,,2020.0,1.0,False,False,47.423884201614,9.365039697355,True,False,True,True,True,True,False,False,False,False,21.0
86422066,2026-10-08,2026-10-08,https://flatfox.ch/en/flat/oberstudtlistrasse-38-9470-buchs-sg/86422066/,APARTMENT,APARTMENT,9470,Buchs SG,Grabs,Werdenberg,,,1800.0,3.5,81.0,,,3.0,False,False,47.170965201611,9.474984695357,True,False,True,True,True,True,False,False,False,True,
86422063,2026-10-08,2026-10-08,https://flatfox.ch/en/flat/8640-rapperswil/86422063/,APARTMENT,APARTMENT,8640,Rapperswil,Rapperswil-Jona,See-Gaster,,,1500.0,2.5,,,,3.0,False,False,47.227964201616,8.825656693353,True,False,False,False,True,True,False,False,False,True,
86422054,2026-10-08,2026-10-08,https://flatfox.ch/en/flat/9200-gossau-sg/86422054/,APARTMENT,APARTMENT,9200,Gossau SG,Gossau (SG),St. Gallen,,,2420.0,4.5,140.0,,,,False,False,47.415184201617,9.248185696352,False,False,False,False,False,False,False,False,False,False,
86421993,2026-10-08,2026-10-08,https://flatfox.ch/en/flat/salenstrasse-9-8739-rieden/86421993/,APARTMENT,APARTMENT,8739,Rieden,Kaltbrunn,See-Gaster,1500.0,220.0,,3.5,78.0,,2026.0,0.0,False,False,47.221504201615,9.048814694359,True,False,True,True,True,True,True,False,False,False,19.23
86421974,2026-10-08,2026-10-08,https://flatfox.ch/en/flat/8739-rieden/86421974/,APARTMENT,APARTMENT,8739,Rieden,Kaltbrunn,See-Gaster,1460.0,200.0,,2.5,74.0,,2026.0,1.0,False,False,47.231584201615,9.078097694355,True,False,True,True,True,True,True,False,True,False,19.73
86421963,2026-10-08,2026-10-08,https://flatfox.ch/en/flat/sagenrainstrasse-7320-fehraltorf/86421963/,APARTMENT,APARTMENT,7320,Fehraltorf,Wartau,Werdenberg,,,1050.0,1.0,40.0,,,0.0,True,True,47.390044201618,8.751620695351,False,False,False,False,False,False,False,False,False,False,
86421803,2026-10-08,2026-10-08,https://flatfox.ch/en/flat/gossauerstrasse-25-9100-herisau/86421803/,APARTMENT,APARTMENT,9100,Herisau,Gossau (SG),St. Gallen,,,1280.0,2.5,50.0,,,2.0,False,False,47.386449201611,9.276966690353,False,False,False,False,False,True,False,False,False,True,
86421522,2026-10-08,2026-10-08,https://flatfox.ch/en/flat/muller-friedberg-strasse-5-9630-wattwil/86421522/,APARTMENT,APARTMENT,9630,Wattwil,Mosnang,Toggenburg,1260.0,230.0,1490.0,4.5,87.0,,,10.0,False,False,47.306127201614,9.081124694352,False,False,False,False,False,False,False,False,False,False,14.48
86421494,2026-10-08,2026-10-08,https://flatfox.ch/en/flat/harfenbergstrasse-29-9000-st-gallen/86421494/,APARTMENT,APARTMENT,9000,St. Gallen,St. Gallen,St. Gallen,1420.0,130.0,,3.5,90.0,,,3.0,False,False,47.423244201617,9.380487693359,False,False,False,False,True,True,False,False,False,False,15.78
86421327,2026-10-08,2026-10-08,https://flatfox.ch/en/flat/spisergasse-14-9000-st-gallen/86421327/,APARTMENT,APARTMENT,9000,St. Gallen,St. Gallen,St. Gallen,2790.0,200.0,,4.5,116.0,,2026.0,,False,False,47.424674201618,9.377624694353,True,True,True,True,True,True,False,False,False,True,24.05
86421305,2026-10-08,2026-10-08,https://flatfox.ch/en/flat/fuchsbuhlstrasse-11-8580-amriswil/86421305/,APARTMENT,APARTMENT,8580,Amriswil,Muolen,St. Gallen,1600.0,200.0,,3.5,85.0,1993.0,2026.0,1.0,False,False,47.545494201611,9.273663695351,True,True,True,False,True,False,True,False,False,True,18.82
86421281,2026-10-08,2026-10-08,https://flatfox.ch/en/flat/steigenstrasse-5-8638-goldingen/86421281/,APARTMENT,APARTMENT,8638,Goldingen,Eschenbach (SG),See-Gaster,1900.0,180.0,2080.0,3.5,91.0,2026.0,,3.0,False,False,47.263188201611,8.966474693358,True,True,True,False,True,True,False,True,False,True,20.88
86421269,2026-10-08,2026-10-08,https://flatfox.ch/en/flat/steigenstrasse-5-8638-goldingen/86421269/,APARTMENT,APARTMENT,8638,Goldingen,Eschenbach (SG),See-Gaster,2300.0,180.0,2480.0,4.5,120.0,2026.0,,2.0,False,False,47.263188201611,8.966474693358,False,True,True,False,True,True,False,True,False,True,19.17
86421221,2026-10-08,2026-10-08,https://flatfox.ch/en/flat/kobelhohe-8-9244-niederuzwil/86421221/,APARTMENT,APARTMENT,9244,Niederuzwil,Uzwil,Wil,,,1500.0,3.5,70.0,,,,False,False,47.439854201611,9.146467697355,False,False,False,False,False,False,False,False,False,False,
86421075,2026-10-08,2026-10-08,https://flatfox.ch/en/flat/rainstrasse-20-8645-jona/86421075/,APARTMENT,APARTMENT,8645,Jona,Rapperswil-Jona,See-Gaster,1540.0,90.0,1630.0,2.0,52.0,1963.0,2005.0,2.0,False,False,47.233124201614,8.841849693352,True,False,False,False,False,False,False,False,False,False,29.62
86421007,2026-10-08,2026-10-08,https://flatfox.ch/en/flat/zilstrasse-6a-9016-st-gallen/86421007/,APARTMENT,APARTMENT,9016,St. Gallen,St. Gallen,St. Gallen,1300.0,210.0,1510.0,3.5,76.0,,,1.0,False,False,47.440874201619,9.404790696353,True,False,False,False,False,True,False,False,False,False,17.11
86420730,2026-10-08,2026-10-08,https://flatfox.ch/en/flat/8882-walensee/86420730/,APARTMENT,APARTMENT,8882,Walensee,Quarten,Sarganserland,,,1550.0,3.0,100.0,,,-3.0,True,True,47.112869201617,9.255443694356,True,True,True,True,True,True,False,False,False,False,
86420608,2026-10-08,2026-10-08,https://flatfox.ch/en/flat/neugrubenstr-27-9500-wil/86420608/,APARTMENT,APARTMENT,9500,Wil,Zuzwil (SG),Wil,1740.0,230.0,1970.0,4.5,107.0,2006.0,,2.0,False,False,47.476214201611,9.053913698359,False,True,False,False,False,False,False,True,False,False,16.26
86420607,2026-10-08,2026-10-08,https://flatfox.ch/en/flat/zweibruggenmuhlestr-5-9014-st-gallen/86420607/,APARTMENT,ATTIC_FLAT,9014,St. Gallen,St. Gallen,St. Gallen,1520.0,210.0,1730.0,2.5,70.0,2012.0,,3.0,False,False,47.407234201618,9.326967694352,False,True,False,False,False,True,False,True,False,True,21.71
86420454,2026-10-08,2026-10-08,https://flatfox.ch/en/flat/porthofstrasse-45-8645-jona/86420454/,APARTMENT,APARTMENT,8645,Jona,Rapperswil-Jona,See-Gaster,1100.0,210.0,1310.0,2.5,66.0,0.0,,3.0,False,False,47.229368201611,8.844653694356,True,False,False,False,False,False,False,False,False,True,16.67
86420410,2026-10-08,2026-10-08,https://flatfox.ch/en/flat/sonnenstr-8-9200-gossau/86420410/,APARTMENT,APARTMENT,9200,Gossau,Gossau (SG),St. Gallen,,,1480.0,4.5,82.0,1910.0,,3.0,False,False,47.414695201619,9.247164699356,False,False,False,False,True,True,True,False,False,False,
86420286,2026-10-08,2026-10-08,https://flatfox.ch/en/flat/langgasse-78-9008-stgallen/86420286/,APARTMENT,APARTMENT,9008,St.Gallen,St. Gallen,St. Gallen,945.0,150.0,,1.5,43.0,1875.0,2024.0,2.0,False,False,47.439424201618,9.391347694351,False,False,False,False,False,False,True,False,False,False,21.98
86420168,2026-10-08,2026-10-08,https://flatfox.ch/en/flat/9642-ebnat-kappel/86420168/,APARTMENT,APARTMENT,9642,Ebnat-Kappel,Ebnat-Kappel,Toggenburg,,,950.0,2.0,38.0,,,,True,False,47.252247201614,9.127543694354,True,False,False,False,False,False,True,False,False,False,
86420066,2026-10-08,2026-10-08,https://flatfox.ch/en/flat/8877-murg/86420066/,APARTMENT,APARTMENT,8877,Murg,Quarten,Sarganserland,2000.0,100.0,2100.0,2.5,99.0,,,3.0,False,False,47.113394201618,9.215895694355,False,True,False,False,False,True,True,False,False,False,20.2
86419888,2026-10-08,2026-10-08,https://flatfox.ch/en/flat/konkordiastrasse-30-9000-st-gallen/86419888/,APARTMENT,APARTMENT,9000,St. Gallen,St. Gallen,St. Gallen,1380.0,190.0,1570.0,3.5,73.0,1983.0,,3.0,False,False,47.426384201613,9.385345694351,True,True,False,False,False,False,False,False,False,False,18.9
86419734,2026-10-08,2026-10-08,https://flatfox.ch/en/flat/felseggstrasse-41-9247-henau/86419734/,APARTMENT,APARTMENT,9247,Henau,Uzwil,Wil,830.0,160.0,990.0,2.5,30.0,,,1.0,False,False,47.459560201617,9.119629698355,False,False,False,False,False,False,True,False,False,False,27.67
86419674,2026-10-08,2026-10-08,https://flatfox.ch/en/flat/bahnhofstrasse-15-9450-altstatten/86419674/,APARTMENT,APARTMENT,9450,Altstätten,Altstätten,Rheintal,1270.0,160.0,1430.0,2.5,64.0,,2026.0,0.0,False,False,47.377744201616,9.546866694357,False,True,True,False,True,False,True,True,False,False,19.84
86419657,2026-10-08,2026-10-08,https://flatfox.ch/en/flat/bahnhofstrasse-15-9450-altstatten/86419657/,APARTMENT,APARTMENT,9450,Altstätten,Altstätten,Rheintal,1350.0,170.0,1520.0,3.5,69.0,,2026.0,0.0,False,False,47.377744201616,9.546866694357,False,True,True,False,True,True,True,True,False,False,19.57
86419600,2026-10-08,2026-10-08,https://flatfox.ch/en/flat/lowenstrasse-1-9403-goldach/86419600/,APARTMENT,APARTMENT,9403,Goldach,Rorschacherberg,Rorschach,2500.0,280.0,2780.0,4.5,121.0,2018.0,,1.0,False,False,47.475858201613,9.466393695354,True,True,False,False,False,False,True,True,False,True,20.66
86419485,2026-10-08,2026-10-08,https://flatfox.ch/en/flat/schwertgasse-27-9000-stgallen/86419485/,APARTMENT,APARTMENT,9000,St.Gallen,St. Gallen,St. Gallen,740.0,100.0,,1.0,20.0,1908.0,2014.0,1.0,False,False,47.427564201613,9.377455695359,False,False,True,True,False,False,False,False,False,False,37.0
86419377,2026-10-08,2026-10-08,https://flatfox.ch/en/flat/weieren-31a-9523-zuberwangen/86419377/,APARTMENT,APARTMENT,9523,Züberwangen,Zuzwil (SG),Wil,,,2480.0,5.5,131.0,,,,False,False,47.464734201613,9.102944694352,False,False,False,False,False,False,False,False,False,False,
86419271,2026-10-08,2026-10-08,https://flatfox.ch/en/flat/kreuzbuhlstrasse-44a-9015-st-gallen/86419271/,APARTMENT,APARTMENT,9015,St. Gallen,Gossau (SG),St. Gallen,,270.0,2200.0,3.5,102.0,,,2.0,False,False,47.401603201611,9.294755698354,True,True,True,True,True,False,False,True,True,True,
86419152,2026-10-08,2026-10-08,https://flatfox.ch/en/flat/grutlistrasse-8-9000-stgallen/86419152/,APARTMENT,APARTMENT,9000,St.Gallen,St. Gallen,St. Gallen,1340.0,190.0,,3.5,78.0,1955.0,2026.0,3.0,False,False,47.434394201611,9.403118694356,True,False,True,True,True,True,False,False,False,False,17.18
86419101,2026-10-08,2026-10-08,https://flatfox.ch/en/flat/9015-st-gallen/86419101/,APARTMENT,APARTMENT,9015,St. Gallen,Gossau (SG),St. Gallen,,150.0,1050.0,1.5,,,,1.0,False,False,47.408100201614,9.304443694352,True,False,True,True,False,True,True,False,False,True,
86419062,2026-10-08,2026-10-08,https://flatfox.ch/en/flat/9400-rorschach/86419062/,APARTMENT,APARTMENT,9400,Rorschach,Rorschach,Rorschach,,,2090.0,4.0,100.0,,,,False,False,47.478904201617,9.491655697355,False,False,False,False,False,False,False,False,False,False,
86419059,2026-10-08,2026-10-08,https://flatfox.ch/en/flat/9434-au-sg/86419059/,APARTMENT,SINGLE_ROOM,9434,Au SG,Berneck,Rheintal,,,800.0,1.0,,,,,False,False,47.429565201614,9.640403690355,False,False,False,False,False,False,False,False,False,False,
86419055,2026-10-08,2026-10-08,https://flatfox.ch/en/flat/9606-butschwil/86419055/,APARTMENT,APARTMENT,9606,Bütschwil,Bütschwil-Ganterschwil,Toggenburg,,,1200.0,3.5,80.0,,,,False,False,47.360285201612,9.070318694356,False,False,False,False,False,False,False,False,False,False,
86418860,2026-10-08,2026-10-08,https://flatfox.ch/en/flat/9606-butschwil/86418860/,APARTMENT,APARTMENT,9606,Bütschwil,Bütschwil-Ganterschwil,Toggenburg,,,1300.0,2.5,,2024.0,,0.0,True,True,47.360365201612,9.070278694357,True,False,True,True,True,False,False,True,False,False,
86418659,2026-10-08,2026-10-08,https://flatfox.ch/en/flat/wilenhalde-6-9100-herisau/86418659/,APARTMENT,APARTMENT,9100,Herisau,Gossau (SG),St. Gallen,,250.0,1370.0,4.0,,,,2.0,False,False,47.376934201611,9.280184699355,True,False,False,False,True,True,True,False,False,True,
86418591,2026-10-08,2026-10-08,https://flatfox.ch/en/flat/9000-st-gallen/86418591/,APARTMENT,APARTMENT,9000,St. Gallen,St. Gallen,St. Gallen,,,1600.0,4.0,85.0,,,,False,False,47.424533201619,9.374838694357,False,False,False,False,False,False,False,False,False,False,
86418461,2026-10-08,2026-10-08,https://flatfox.ch/en/flat/unterdorfstrasse-19-9630-wattwil/86418461/,APARTMENT,APARTMENT,9630,Wattwil,Mosnang,Toggenburg,,,650.0,1.0,30.0,,,0.0,False,False,47.304337201614,9.086874696355,True,False,True,True,False,False,True,False,False,False,
86418340,2026-10-08,2026-10-08,https://flatfox.ch/en/flat/unterer-hompeliweg-4-9008-stgallen/86418340/,APARTMENT,APARTMENT,9008,St.Gallen,St. Gallen,St. Gallen,1200.0,100.0,,1.5,50.0,,,5.0,True,True,47.438734201619,9.389428697356,True,False,True,True,True,True,False,False,False,False,24.0
86418032,2026-10-08,2026-10-08,https://flatfox.ch/en/flat/steigenstrasse-5-8638-goldingen/86418032/,APARTMENT,APARTMENT,8638,Goldingen,Eschenbach (SG),See-Gaster,1650.0,180.0,1830.0,3.5,80.0,2026.0,,2.0,False,False,47.263188201611,8.966474693358,True,True,True,False,True,True,False,True,False,True,20.62
86417920,2026-10-08,2026-10-08,https://flatfox.ch/en/flat/steigenstrasse-5-8638-goldingen/86417920/,APARTMENT,APARTMENT,8638,Goldingen,Eschenbach (SG),See-Gaster,2350.0,180.0,2530.0,4.5,133.0,2026.0,,-1.0,False,False,47.263188201611,8.966474693358,False,True,True,False,True,True,False,True,False,True,17.67
86417554,2026-10-08,2026-10-08,https://flatfox.ch/en/flat/falkenstrasse-11-8630-ruti-zh/86417554/,APARTMENT,APARTMENT,8630,Rüti ZH,Rapperswil-Jona,See-Gaster,,,1580.0,2.5,70.0,,,3.0,False,False,47.261178201616,8.855043690352,False,False,False,False,False,True,False,False,False,False,
86417529,2026-10-08,2026-10-08,https://flatfox.ch/en/flat/fuchsenstrasse-1-9016-st-gallen/86417529/,APARTMENT,APARTMENT,9016,St. Gallen,St. Gallen,St. Gallen,,190.0,1290.0,3.5,67.0,,,2.0,False,False,47.436405201617,9.408740694354,True,False,True,True,True,True,False,True,False,False,
86417350,2026-10-08,2026-10-08,https://flatfox.ch/en/flat/konkordiastr-12-9000-st-gallen/86417350/,APARTMENT,APARTMENT,9000,St. Gallen,St. Gallen,St. Gallen,1020.0,180.0,1200.0,2.0,39.0,1920.0,,4.0,False,False,47.425255201615,9.383208695355,False,False,False,False,False,False,False,False,False,True,26.15
86417084,2026-10-08,2026-10-08,https://flatfox.ch/en/flat/amp-strasse-17-9552-bronschhofen/86417084/,APARTMENT,APARTMENT,9552,Bronschhofen,Wil (SG),Wil,,,1540.0,3.5,80.0,,,2.0,False,False,47.479374201611,9.029715694353,True,True,True,True,True,True,True,False,False,True,
86416967,2026-10-08,2026-10-08,https://flatfox.ch/en/flat/auf-anfrage-1-9445-rebstein/86416967/,APARTMENT,APARTMENT,9445,Rebstein,Rebstein,Rheintal,950.0,100.0,1050.0,2.5,45.0,1945.0,,1.0,False,False,47.397724201612,9.582704697355,False,False,False,False,False,False,False,False,False,False,21.11
86416912,2026-10-08,2026-10-08,https://flatfox.ch/en/flat/metzgergasse-9000-st-gallen/86416912/,APARTMENT,APARTMENT,9000,St. Gallen,St. Gallen,St. Gallen,,,1170.0,2.0,,,,3.0,True,False,47.427167201613,9.375017694358,True,False,True,True,True,True,False,False,False,False,
86416747,2026-10-08,2026-10-08,https://flatfox.ch/en/flat/9100-herisau/86416747/,APARTMENT,APARTMENT,9100,Herisau,Gossau (SG),St. Gallen,,0.0,1500.0,3.5,85.0,2005.0,,0.0,False,False,47.382344201616,9.286759693354,True,False,True,True,True,False,True,False,False,False,
86416715,2026-10-08,2026-10-08,https://flatfox.ch/en/flat/schachenstrasse-19-8633-wolfhausen/86416715/,APARTMENT,APARTMENT,8633,Wolfhausen,Rapperswil-Jona,See-Gaster,1650.0,180.0,,2.5,67.0,1980.0,2021.0,0.0,False,False,47.254409201611,8.798723697352,True,False,True,True,True,True,True,False,False,True,24.63
86416692,2026-10-08,2026-10-08,https://flatfox.ch/en/flat/9543-st-margarethen-tg/86416692/,HOUSE,SINGLE_HOUSE,9543,St. Margarethen TG,Wil (SG),Wil,2900.0,,,7.5,263.0,2002.0,,,False,False,47.488284201611,9.000946698359,True,False,True,True,True,False,False,True,True,False,11.03
86416574,2026-10-08,2026-10-08,https://flatfox.ch/en/flat/pizolstrasse-5-7320-sargans/86416574/,APARTMENT,APARTMENT,7320,Sargans,Wartau,Werdenberg,1610.0,150.0,1760.0,2.5,58.0,,,4.0,False,False,47.045158201612,9.441857694353,True,False,False,False,False,True,False,False,False,False,27.76
86416427,2026-10-08,2026-10-08,https://flatfox.ch/en/flat/obergasse-13-8888-heiligkreuz-mels/86416427/,APARTMENT,APARTMENT,8888,Heiligkreuz (Mels),Mels,Sarganserland,1950.0,250.0,2200.0,4.0,96.0,,,1.0,False,False,47.057416201618,9.416405695354,True,False,False,False,False,False,False,False,True,False,20.31
86416074,2026-10-08,2026-10-08,https://flatfox.ch/en/flat/alpenstrasse-3-8640-rapperswil/86416074/,APARTMENT,APARTMENT,8640,Rapperswil,Rapperswil-Jona,See-Gaster,,180.0,2480.0,2.5,85.0,1983.0,,3.0,False,False,47.225824201614,8.817363690359,True,True,True,True,True,False,False,True,False,False,
86416045,2026-10-08,2026-10-08,https://flatfox.ch/en/flat/grossfeldstrasse-12-8887-mels/86416045/,APARTMENT,ROOF_FLAT,8887,Mels,Mels,Sarganserland,2200.0,250.0,2450.0,4.0,137.0,2002.0,,4.0,False,False,47.046475201619,9.430115694353,True,True,True,True,False,True,False,True,False,False,16.06
86415881,2026-10-08,2026-10-08,https://flatfox.ch/en/flat/seegartenstrasse-4-8716-schmerikon/86415881/,APARTMENT,APARTMENT,8716,Schmerikon,Schmerikon,See-Gaster,,300.0,3100.0,5.5,132.0,2020.0,,2.0,False,False,47.226107201618,8.950883693356,True,True,True,True,True,True,True,True,False,True,
86415801,2026-10-08,2026-10-08,https://flatfox.ch/en/flat/unterer-kreuzacker-8-8645-rapperswil-jona/86415801/,APARTMENT,APARTMENT,8645,Rapperswil-Jona,Rapperswil-Jona,See-Gaster,3750.0,300.0,4050.0,4.5,113.0,2025.0,,3.0,False,False,47.240114201617,8.829363690356,True,True,True,False,True,True,False,True,False,False,33.19
86415788,2026-10-08,2026-10-08,https://flatfox.ch/en/flat/nordstrasse-11-9532-rickenbach-bei-wil/86415788/,APARTMENT,APARTMENT,9532,Rickenbach bei Wil,Kirchberg (SG),Toggenburg,,170.0,1760.0,3.5,,,,0.0,False,False,47.451944201615,9.048610695351,True,True,True,True,True,False,True,True,False,False,
86415709,2026-10-08,2026-10-08,https://flatfox.ch/en/flat/grunaustrasse-16-9016-st-gallen/86415709/,APARTMENT,APARTMENT,9016,St. Gallen,St. Gallen,St. Gallen,825.0,170.0,,1.5,,,,0.0,False,False,47.435564201611,9.406033694353,True,False,False,False,False,True,True,False,False,True,
86415527,2026-10-08,2026-10-08,https://flatfox.ch/en/flat/ruderbach-44-stmargrethen-9443-widnau/86415527/,APARTMENT,APARTMENT,9443,Widnau,Diepoldsau,Rheintal,,,1450.0,3.0,68.0,,,,False,False,47.460599201612,9.600669694352,False,False,False,False,False,False,False,False,False,False,
86415498,2026-10-08,2026-10-08,https://flatfox.ch/en/flat/wassergasse-1d-9472-grabs/86415498/,APARTMENT,APARTMENT,9472,Grabs,Grabs,Werdenberg,1760.0,300.0,2060.0,4.5,102.0,2017.0,,2.0,False,False,47.182114201618,9.446114698359,True,True,False,False,False,False,True,True,False,False,17.25
86415286,2026-10-08,2026-10-08,https://flatfox.ch/en/flat/ruderbach-44-9430-st-margrethen/86415286/,APARTMENT,APARTMENT,9430,St. Margrethen,St. Margrethen,Rheintal,,150.0,1450.0,3.5,68.0,,,1.0,False,False,47.461583201618,9.595166695357,False,False,False,False,False,False,True,False,False,True,
86415121,2026-10-08,2026-10-08,https://flatfox.ch/en/flat/dufourstrasse-103-9000-st-gallen/86415121/,APARTMENT,APARTMENT,9000,St. Gallen,St. Gallen,St. Gallen,1460.0,230.0,,4.5,,,,1.0,False,False,47.424374201618,9.364890699357,True,False,False,False,True,True,False,False,False,False,
86414781,2026-10-08,2026-10-08,https://flatfox.ch/en/flat/teufenerstrasse-119-9000-stgallen/86414781/,APARTMENT,APARTMENT,9000,St.Gallen,St. Gallen,St. Gallen,1000.0,200.0,,3.0,80.0,,,4.0,False,False,47.413744201614,9.363894694359,False,False,False,False,True,False,False,False,False,False,12.5
86413985,2026-10-08,2026-10-08,https://flatfox.ch/en/flat/unterstrasse-52-9000-sankt-gallen/86413985/,APARTMENT,APARTMENT,9000,Sankt Gallen,St. Gallen,St. Gallen,1180.0,215.0,,2.5,38.0,,,2.0,True,False,47.418644201618,9.366389695356,False,True,True,False,True,True,False,False,False,False,31.05
86413919,2026-10-08,2026-10-08,https://flatfox.ch/en/flat/niederburerstrasse-37-9220-bischofszell/86413919/,APARTMENT,APARTMENT,9220,Bischofszell,Muolen,St. Gallen,,200.0,1450.0,4.0,,,,0.0,False,False,47.488346201617,9.234433694352,True,False,False,False,False,False,True,False,False,True,
86413870,2026-10-08,2026-10-08,https://flatfox.ch/en/flat/linsebuhlstrasse-25a-9000-st-gallen/86413870/,APARTMENT,APARTMENT,9000,St. Gallen,St. Gallen,St. Gallen,,170.0,1250.0,3.0,,,,0.0,False,False,47.424654201614,9.381393694356,False,False,False,False,False,False,False,False,False,True,
86413816,2026-10-08,2026-10-08,https://flatfox.ch/en/flat/falkensteinstrasse-16-9000-st-gallen/86413816/,APARTMENT,APARTMENT,9000,St. Gallen,St. Gallen,St. Gallen,,130.0,1050.0,2.0,,,,4.0,False,False,47.430083201619,9.393167697357,False,False,False,False,False,False,False,False,False,True,
86413807,2026-10-08,2026-10-08,https://flatfox.ch/en/flat/falkensteinstrasse-16-9000-st-gallen/86413807/,APARTMENT,APARTMENT,9000,St. Gallen,St. Gallen,St. Gallen,,200.0,1280.0,3.0,,,,3.0,False,False,47.430083201619,9.393167697357,True,False,False,False,False,False,False,False,False,True,
86413350,2026-10-08,2026-10-08,https://flatfox.ch/en/flat/haini-rennhas-strasse-12-9403-goldach/86413350/,APARTMENT,APARTMENT,9403,Goldach,Rorschacherberg,Rorschach,1100.0,190.0,1290.0,3.5,72.0,1963.0,2005.0,2.0,False,False,47.478304201612,9.463274694354,False,False,False,False,False,False,False,False,False,False,15.28
86413266,2026-10-08,2026-10-08,https://flatfox.ch/en/flat/konsumstrasse-41-9240-uzwil/86413266/,APARTMENT,APARTMENT,9240,Uzwil,Oberuzwil,Wil,,,1200.0,2.5,65.0,,2018.0,,False,False,47.438164201611,9.134809694356,True,False,True,True,True,True,True,False,False,False,
86412921,2026-10-08,2026-10-08,https://flatfox.ch/en/flat/tschudistrasse-42-9000-st-gallen/86412921/,APARTMENT,APARTMENT,9000,St. Gallen,St. Gallen,St. Gallen,1330.0,150.0,1480.0,2.5,40.0,1929.0,,1.0,False,False,47.416234201612,9.363609694356,False,False,False,False,False,False,False,False,False,False,33.25
86412882,2026-10-08,2026-10-08,https://flatfox.ch/en/flat/gallusstrasse-41-9500-wil/86412882/,APARTMENT,APARTMENT,9500,Wil,Zuzwil (SG),Wil,,280.0,1420.0,3.5,59.0,,,2.0,False,False,47.463704201618,9.035904698356,True,False,False,False,True,False,False,False,False,False,
86412765,2026-10-08,2026-10-08,https://flatfox.ch/en/flat/wilerstrasse-55-9630-wattwil/86412765/,APARTMENT,APARTMENT,9630,Wattwil,Mosnang,Toggenburg,1200.0,225.0,1425.0,3.5,87.0,,,6.0,False,False,47.307725201611,9.086179694351,True,False,False,False,False,False,False,False,False,False,13.79
86412733,2026-10-08,2026-10-08,https://flatfox.ch/en/flat/weiherstrasse-8580-amriswil/86412733/,APARTMENT,APARTMENT,8580,Amriswil,Muolen,St. Gallen,,,1360.0,3.5,,,,,False,False,47.552024201614,9.297243694358,False,False,False,False,False,False,False,False,False,False,
86412665,2026-10-08,2026-10-08,https://flatfox.ch/en/flat/9500-wil/86412665/,APARTMENT,ATTIC_FLAT,9500,Wil,Zuzwil (SG),Wil,1680.0,190.0,1870.0,3.5,78.0,,2026.0,4.0,False,False,47.460485201613,9.053157694353,True,False,True,False,True,True,False,False,False,False,21.54
86412604,2026-10-08,2026-10-08,https://flatfox.ch/en/flat/glarnischstrasse-3-8640-rapperswil-sg/86412604/,APARTMENT,APARTMENT,8640,Rapperswil SG,Rapperswil-Jona,See-Gaster,1496.0,120.0,1616.0,2.0,56.0,0.0,,5.0,False,False,47.227394201613,8.821003695357,True,True,False,False,False,True,False,True,False,True,26.71
86412560,2026-10-08,2026-10-08,https://flatfox.ch/en/flat/9323-steinach/86412560/,APARTMENT,APARTMENT,9323,Steinach,Steinach,Rorschach,,,1450.0,4.5,,,,1.0,False,False,47.503179201615,9.442036690357,True,True,False,False,True,False,True,True,False,True,
86412293,2026-10-08,2026-10-08,https://flatfox.ch/en/flat/churerstrasse-101-9470-buchs/86412293/,APARTMENT,APARTMENT,9470,Buchs,Grabs,Werdenberg,1350.0,130.0,1480.0,2.5,57.0,2012.0,,0.0,False,False,47.151684201613,9.482584694355,True,False,False,False,False,True,False,False,False,False,23.68
86412266,2026-10-08,2026-10-08,https://flatfox.ch/en/flat/kauenstrasse-4-8887-mels/86412266/,APARTMENT,APARTMENT,8887,Mels,Mels,Sarganserland,1550.0,200.0,1750.0,4.5,101.0,,,1.0,False,False,47.048845201617,9.429825694359,True,True,False,False,False,True,False,True,False,True,15.35
86411849,2026-10-08,2026-10-08,https://flatfox.ch/en/flat/krazernstrasse-114-9015-st-gallen/86411849/,APARTMENT,APARTMENT,9015,St. Gallen,Gossau (SG),St. Gallen,,,1620.0,3.5,66.0,,,,False,False,47.406495201618,9.310394694357,False,False,False,False,False,False,False,False,False,False,
86411848,2026-10-08,2026-10-08,https://flatfox.ch/en/flat/schwagalpstrasse-3-9107-urnasch/86411848/,HOUSE,SINGLE_HOUSE,9107,Urnäsch,Wildhaus-Alt St. Johann,Toggenburg,,,2300.0,8.0,180.0,,,,False,False,47.316445201619,9.281650694352,False,False,False,False,False,False,False,False,False,False,
86411825,2026-10-08,2026-10-08,https://flatfox.ch/en/flat/industriestrasse-44-9430-st-margrethen/86411825/,APARTMENT,APARTMENT,9430,St. Margrethen,St. Margrethen,Rheintal,850.0,170.0,1020.0,2.0,36.0,,,3.0,False,False,47.447868201613,9.648524698354,True,False,False,False,False,False,False,False,False,False,23.61
86411799,2026-10-08,2026-10-08,https://flatfox.ch/en/flat/gallusstrasse-51a-9500-wil/86411799/,APARTMENT,APARTMENT,9500,Wil,Zuzwil (SG),Wil,1600.0,250.0,1850.0,4.5,114.0,,,2.0,False,False,47.463659201617,9.033646694355,True,False,False,False,False,True,False,False,False,False,14.04
86411766,2026-10-08,2026-10-08,https://flatfox.ch/en/flat/burgstrasse-2-9400-rorschach/86411766/,APARTMENT,APARTMENT,9400,Rorschach,Rorschach,Rorschach,1620.0,150.0,1770.0,3.5,,,,2.0,False,False,47.476604201613,9.492120694356,False,False,False,False,False,False,False,False,False,False,
86411736,2026-10-08,2026-10-08,https://flatfox.ch/en/flat/bovelstrasse-2-7312-pfafers/86411736/,APARTMENT,ROOF_FLAT,7312,Pfäfers,Pfäfers,Sarganserland,1860.0,240.0,2100.0,4.5,127.0,2014.0,,4.0,False,False,46.988114201612,9.497344690352,True,True,False,False,False,False,False,True,True,False,14.65
86411616,2026-10-08,2026-10-08,https://flatfox.ch/en/flat/rietliweg-5-9475-sevelen/86411616/,APARTMENT,APARTMENT,9475,Sevelen,Sevelen,Werdenberg,800.0,190.0,,1.5,22.0,1960.0,,1.0,False,False,47.126818201613,9.485008694359,False,False,False,False,False,True,True,True,False,False,36.36
86411593,2026-10-08,2026-10-08,https://flatfox.ch/en/flat/hauptstrasse-21-9400-rorschach/86411593/,APARTMENT,APARTMENT,9400,Rorschach,Rorschach,Rorschach,1300.0,200.0,1500.0,2.5,70.0,2018.0,,1.0,False,False,47.477524201615,9.496494694357,True,True,False,False,False,True,False,True,False,True,18.57
86411145,2026-10-08,2026-10-08,https://flatfox.ch/en/flat/bergblickstrasse-9-8630-ruti-zh/86411145/,APARTMENT,APARTMENT,8630,Rüti ZH,Rapperswil-Jona,See-Gaster,2800.0,300.0,3100.0,4.5,123.0,2026.0,,1.0,False,False,47.256724201618,8.843967694354,True,True,True,True,False,True,False,True,False,True,22.76
86411144,2026-10-08,2026-10-08,https://flatfox.ch/en/flat/bergblickstrasse-5-8630-ruti-zh/86411144/,APARTMENT,APARTMENT,8630,Rüti ZH,Rapperswil-Jona,See-Gaster,3250.0,300.0,3550.0,5.5,134.0,2026.0,,0.0,False,False,47.256874201616,8.843596697359,True,True,True,True,False,True,False,True,False,True,24.25
86411122,2026-10-08,2026-10-08,https://flatfox.ch/en/flat/bergblickstrasse-11-8630-ruti-zh/86411122/,APARTMENT,APARTMENT,8630,Rüti ZH,Rapperswil-Jona,See-Gaster,2400.0,250.0,2650.0,3.5,77.0,2026.0,,2.0,False,False,47.256724201618,8.843967694354,True,True,True,True,False,True,False,True,False,True,31.17
86411108,2026-10-08,2026-10-08,https://flatfox.ch/en/flat/9000-st-gallen/86411108/,APARTMENT,FURNISHED_FLAT,9000,St. Gallen,St. Gallen,St. Gallen,,,1476.0,3.0,73.0,,,2.0,True,True,47.424534201619,9.374924693358,True,False,False,False,False,False,False,False,False,True,
86410804,2026-10-08,2026-10-08,https://flatfox.ch/en/flat/neugasse-1b-9443-widnau-sankt-gallen/86410804/,APARTMENT,APARTMENT,9443,"Widnau, Sankt Gallen",Diepoldsau,Rheintal,,150.0,948.0,2.0,39.0,,,0.0,False,False,47.406088201611,9.635074694351,False,True,True,False,True,False,False,True,False,False,
86410788,2026-10-08,2026-10-08,https://flatfox.ch/en/flat/plattenstrasse-14-7312-pfafers/86410788/,APARTMENT,APARTMENT,7312,Pfäfers,Pfäfers,Sarganserland,1600.0,200.0,1800.0,4.5,90.0,,2024.0,1.0,False,False,46.989904201618,9.496920694358,True,False,False,False,False,False,True,False,False,False,17.78
86410731,2026-10-08,2026-10-08,https://flatfox.ch/en/flat/oberstrasse-117-9000-st-gallen-9000-st-gallen/86410731/,APARTMENT,APARTMENT,9000,St. Gallen,St. Gallen,St. Gallen,2770.0,225.0,2995.0,4.5,127.0,2022.0,,,False,False,47.415134201613,9.360599690358,True,True,False,False,False,False,True,False,False,False,21.81
86410523,2026-10-08,2026-10-08,https://flatfox.ch/en/flat/9000-st-gallen/86410523/,APARTMENT,FURNISHED_FLAT,9000,St. Gallen,St. Gallen,St. Gallen,,,1875.0,4.0,90.0,,,2.0,True,True,47.424604201616,9.374894693356,True,False,False,False,False,False,False,False,False,False,
86410464,2026-10-08,2026-10-08,https://flatfox.ch/en/flat/8880-walenstadt/86410464/,APARTMENT,APARTMENT,8880,Walenstadt,Walenstadt,Sarganserland,1390.0,210.0,,2.5,80.0,1955.0,2023.0,1.0,True,True,47.124196201616,9.312658694353,True,False,False,False,True,False,True,False,False,False,17.38
86410399,2026-10-08,2026-10-08,https://flatfox.ch/en/flat/auf-anfrage-9468-sax/86410399/,APARTMENT,FURNISHED_FLAT,9468,Sax,Sennwald,Werdenberg,1350.0,,,2.5,50.0,,,0.0,True,False,47.227164201615,9.450764694351,False,False,False,False,False,False,True,False,False,False,27.0
86410267,2026-10-08,2026-10-08,https://flatfox.ch/en/flat/schwellbrunnerstrasse-9100-herisau/86410267/,APARTMENT,APARTMENT,9100,Herisau,Gossau (SG),St. Gallen,,,1300.0,2.0,63.0,,,,False,False,47.375506201617,9.265028694358,False,False,False,False,False,False,False,False,False,False,
86409878,2026-10-08,2026-10-08,https://flatfox.ch/en/flat/alvierstrasse-9-9470-buchs-sg/86409878/,APARTMENT,ATTIC_FLAT,9470,Buchs SG,Grabs,Werdenberg,1826.0,235.0,2061.0,3.5,89.0,2013.0,,4.0,False,False,47.167094201618,9.475704694359,True,True,False,False,False,False,False,False,False,False,20.52
86409769,2026-10-08,2026-10-08,https://flatfox.ch/en/flat/8633-wolfhausen/86409769/,APARTMENT,APARTMENT,8633,Wolfhausen,Rapperswil-Jona,See-Gaster,2321.0,250.0,,2.5,110.0,,,3.0,False,False,47.260004201617,8.794959694351,True,True,True,True,True,True,True,True,False,True,21.1
86409489,2026-10-08,2026-10-08,https://flatfox.ch/en/flat/dreilindenhang-10-9000-st-gallen/86409489/,APARTMENT,APARTMENT,9000,St. Gallen,St. Gallen,St. Gallen,1120.0,210.0,1330.0,3.0,55.0,1963.0,1999.0,1.0,False,False,47.422954201611,9.383980695353,True,False,False,False,False,True,False,False,False,False,20.36
86409471,2026-10-08,2026-10-08,https://flatfox.ch/en/flat/webergasse-8-8640-hurden/86409471/,APARTMENT,APARTMENT,8640,Hurden,Rapperswil-Jona,See-Gaster,,,2790.0,3.5,90.0,,,,False,False,47.226598201619,8.817307695357,False,False,False,False,False,False,False,False,False,False,
86409419,2026-10-08,2026-10-08,https://flatfox.ch/en/flat/buchenstrasse-26-9100-herisau/86409419/,APARTMENT,APARTMENT,9100,Herisau,Gossau (SG),St. Gallen,,80.0,1150.0,1.5,32.0,,,2.0,False,False,47.387929201611,9.281884697353,False,False,True,False,True,False,False,False,False,True,
86409223,2026-10-08,2026-10-08,https://flatfox.ch/en/flat/werkstrasse-15-8636-wald-zh/86409223/,APARTMENT,APARTMENT,8636,Wald ZH,Eschenbach (SG),See-Gaster,1975.0,335.0,2310.0,5.0,120.0,,,0.0,False,False,47.277715201612,8.910844694351,True,False,True,True,True,False,True,False,False,False,16.46
86408982,2026-10-08,2026-10-08,https://flatfox.ch/en/flat/webergasse-8-8640-rapperswil-jona/86408982/,APARTMENT,APARTMENT,8640,Rapperswil-Jona,Rapperswil-Jona,See-Gaster,,340.0,2790.0,3.5,90.0,,,2.0,True,True,47.226598201619,8.817307695357,True,False,True,True,True,True,False,False,False,False,
86408856,2026-10-08,2026-10-08,https://flatfox.ch/en/flat/washingtonstrasse-13-9400-rorschach/86408856/,APARTMENT,APARTMENT,9400,Rorschach,Rorschach,Rorschach,1320.0,260.0,,4.5,88.0,1932.0,2025.0,0.0,False,False,47.473425201619,9.492807694351,False,False,True,True,True,False,True,True,False,True,15.0
86408786,2026-10-08,2026-10-08,https://flatfox.ch/en/flat/santisstrasse-7-8716-schmerikon/86408786/,APARTMENT,APARTMENT,8716,Schmerikon,Schmerikon,See-Gaster,,,1290.0,4.0,99.0,,,2.0,False,True,47.225280201611,8.956226694353,True,False,False,False,False,False,False,False,False,False,
86408694,2026-10-08,2026-10-08,https://flatfox.ch/en/flat/ruhsitzstrasse-31-9000-st-gallen/86408694/,APARTMENT,APARTMENT,9000,St. Gallen,St. Gallen,St. Gallen,1150.0,100.0,1250.0,2.5,36.0,,,1.0,False,False,47.412267201615,9.353527697351,True,False,False,False,True,True,True,False,False,False,31.94
86408054,2026-10-08,2026-10-08,https://flatfox.ch/en/flat/geltenwilenstrasse-23-9000-st-gallen/86408054/,APARTMENT,APARTMENT,9000,St. Gallen,St. Gallen,St. Gallen,1100.0,270.0,1370.0,3.5,110.0,,2017.0,5.0,False,False,47.418359201614,9.367138694353,False,True,False,False,False,True,False,False,True,False,10.0
86407276,2026-10-08,2026-10-08,https://flatfox.ch/en/flat/oberaustrasse-12-9036-grub-sg/86407276/,APARTMENT,APARTMENT,9036,Grub SG,Eggersriet,St. Gallen,,,1190.0,3.0,65.0,,,,False,False,47.453904201611,9.512477694353,False,False,False,False,False,False,False,False,False,False,
86407262,2026-10-08,2026-10-08,https://flatfox.ch/en/flat/9444-diepoldsau/86407262/,APARTMENT,APARTMENT,9444,Diepoldsau,Diepoldsau,Rheintal,,,1250.0,3.0,,,,,False,False,47.382195201617,9.645984694351,False,False,False,False,False,False,False,False,False,False,
86407253,2026-10-08,2026-10-08,https://flatfox.ch/en/flat/bahnhofstrasse-11-8630-ruti-zh/86407253/,APARTMENT,APARTMENT,8630,Rüti ZH,Rapperswil-Jona,See-Gaster,,170.0,1370.0,2.5,55.0,,,3.0,False,False,47.260479201615,8.854003694351,False,False,False,False,False,False,False,False,False,False,
86406789,2026-10-08,2026-10-08,https://flatfox.ch/en/flat/tablatstrasse-30a-9016-st-gallen/86406789/,APARTMENT,APARTMENT,9016,St. Gallen,St. Gallen,St. Gallen,1561.0,260.0,1821.0,4.5,91.0,1980.0,,6.0,False,False,47.436674201613,9.418478694353,True,False,False,False,False,False,False,False,False,False,17.15
86406591,2026-10-08,2026-10-08,https://flatfox.ch/en/flat/sommerlistrasse-9-9000-st-gallen/86406591/,APARTMENT,APARTMENT,9000,St. Gallen,St. Gallen,St. Gallen,,230.0,1770.0,4.5,95.0,,,4.0,False,False,47.418984201611,9.351223694358,True,False,True,True,True,True,False,False,False,False,
86405813,2026-10-08,2026-10-08,https://flatfox.ch/en/flat/pelikanstrasse-5-9008-st-gallen/86405813/,APARTMENT,APARTMENT,9008,St. Gallen,St. Gallen,St. Gallen,,120.0,860.0,1.5,,,,1.0,False,False,47.438240201618,9.390794698353,False,True,False,False,False,False,False,True,False,True,
86405795,2026-10-08,2026-10-08,https://flatfox.ch/en/flat/sonnenhaldenstrasse-9-9032-engelburg/86405795/,APARTMENT,APARTMENT,9032,Engelburg,Gaiserwald,St. Gallen,1200.0,180.0,,3.5,,,,2.0,False,False,47.440185201611,9.346804694351,True,False,False,False,True,True,True,True,False,True,
86405737,2026-10-08,2026-10-08,https://flatfox.ch/en/flat/weidwiesenweg-3-8580-amriswil/86405737/,APARTMENT,APARTMENT,8580,Amriswil,Muolen,St. Gallen,1500.0,230.0,1730.0,3.5,96.0,2013.0,,2.0,False,False,47.551313201612,9.310460693351,False,True,False,False,False,False,True,True,False,True,15.62
86405669,2026-10-08,2026-10-08,https://flatfox.ch/en/flat/seehaldenstrasse-28-9404-rorschacherberg/86405669/,APARTMENT,APARTMENT,9404,Rorschacherberg,Thal,Rorschach,1575.0,200.0,1775.0,3.5,84.0,1974.0,2019.0,3.0,False,False,47.477164201616,9.521348694358,True,True,False,False,False,False,False,False,False,False,18.75
86405508,2026-10-08,2026-10-08,https://flatfox.ch/en/flat/auf-anfrage-9450-altstatten-sg/86405508/,APARTMENT,APARTMENT,9450,Altstätten SG,Altstätten,Rheintal,900.0,150.0,1050.0,2.5,50.0,,,,False,False,47.370074201614,9.554988690359,False,False,False,False,False,False,False,False,False,False,18.0
86405491,2026-10-08,2026-10-08,https://flatfox.ch/en/flat/auf-anfrage-9035-grub-ar/86405491/,HOUSE,SINGLE_HOUSE,9035,Grub AR,Eggersriet,St. Gallen,1700.0,,,5.5,160.0,,,,False,False,47.440774201618,9.507433694352,False,False,False,False,False,False,True,True,False,False,10.62
86405475,2026-10-08,2026-10-08,https://flatfox.ch/en/flat/auf-anfrage-9650-nesslau/86405475/,HOUSE,VILLA,9650,Nesslau,Nesslau,Toggenburg,4900.0,,,10.0,270.0,,,,False,False,47.208114201614,9.186869694351,True,False,False,False,False,False,False,False,False,False,18.15
86405416,2026-10-08,2026-10-08,https://flatfox.ch/en/flat/9244-niederuzwil/86405416/,APARTMENT,APARTMENT,9244,Niederuzwil,Uzwil,Wil,1210.0,150.0,,2.5,60.0,,,2.0,False,False,47.444599201616,9.141277696355,True,True,False,False,False,False,True,True,False,False,20.17
86405350,2026-10-08,2026-10-08,https://flatfox.ch/en/flat/bocklinstrasse-3-9000-st-gallen/86405350/,APARTMENT,APARTMENT,9000,St. Gallen,St. Gallen,St. Gallen,,,970.0,2.0,,,,,False,False,47.428704201617,9.376029694351,True,False,False,False,True,False,False,False,False,False,
86405111,2026-10-08,2026-10-08,https://flatfox.ch/en/flat/langgasse-7-9008-sankt-gallen/86405111/,APARTMENT,APARTMENT,9008,Sankt Gallen,St. Gallen,St. Gallen,1190.0,150.0,,2.5,54.0,,,1.0,False,False,47.434364201614,9.384420698356,True,False,True,True,True,False,True,False,False,False,22.04
86405096,2026-10-08,2026-10-08,https://flatfox.ch/en/flat/8716-schmerikon/86405096/,APARTMENT,APARTMENT,8716,Schmerikon,Schmerikon,See-Gaster,,,1290.0,4.0,99.0,,,1.0,False,True,47.229808201611,8.946053695351,True,False,False,False,True,True,False,False,False,True,
86404958,2026-10-08,2026-10-08,https://flatfox.ch/en/flat/bruggwaldstrasse-96-9300-wittenbach/86404958/,APARTMENT,APARTMENT,9300,Wittenbach,Berg (SG),Rorschach,,,640.0,1.0,,,,,False,False,47.452805201617,9.398387697355,False,False,False,False,False,False,False,False,False,False,
86404930,2026-10-08,2026-10-08,https://flatfox.ch/en/flat/schlosszelg-3-9245-oberburen/86404930/,APARTMENT,APARTMENT,9245,Oberbüren,Oberbüren,Wil,1290.0,200.0,,5.5,,,,3.0,False,False,47.450085201611,9.157723694357,False,True,False,False,False,True,True,True,True,False,
86404929,2026-10-08,2026-10-08,https://flatfox.ch/en/flat/schlosszelg-3-9245-oberburen/86404929/,APARTMENT,APARTMENT,9245,Oberbüren,Oberbüren,Wil,1040.0,150.0,,2.5,,,,2.0,False,False,47.450085201611,9.157723694357,False,True,False,False,False,False,True,True,False,False,
86404914,2026-10-08,2026-10-08,https://flatfox.ch/en/flat/linsebuhlstrasse-66-9000-st-gallen/86404914/,APARTMENT,APARTMENT,9000,St. Gallen,St. Gallen,St. Gallen,,,900.0,2.0,32.0,,,3.0,False,False,47.424805201612,9.383403694357,False,True,False,False,False,False,False,False,False,False,
86404678,2026-10-08,2026-10-08,https://flatfox.ch/en/flat/industriestrasse-40a-9430-stmargrethen/86404678/,APARTMENT,APARTMENT,9430,St.Margrethen,St. Margrethen,Rheintal,,200.0,1400.0,3.5,95.0,,,3.0,False,False,47.448554201611,9.648004697354,True,True,False,False,False,False,True,False,False,True,
86404655,2026-10-08,2026-10-08,https://flatfox.ch/en/flat/burietstrasse-4-9425-thal/86404655/,APARTMENT,APARTMENT,9425,Thal,Thal,Rorschach,,,1980.0,3.5,98.0,,,,False,False,47.475964201611,9.577630694359,False,False,False,False,False,False,False,False,False,False,
86404540,2026-10-08,2026-10-08,https://flatfox.ch/en/flat/achslenstrasse-4-9016-st-gallen/86404540/,APARTMENT,APARTMENT,9016,St. Gallen,St. Gallen,St. Gallen,695.0,345.0,,2.0,,1969.0,2025.0,6.0,False,False,47.433038201611,9.412500693355,False,True,True,False,False,True,False,False,False,False,
86404526,2026-10-08,2026-10-08,https://flatfox.ch/en/flat/weinhaldenstrasse-2-9403-goldach/86404526/,APARTMENT,APARTMENT,9403,Goldach,Rorschacherberg,Rorschach,,180.0,1280.0,2.0,53.0,,,3.0,False,False,47.479405201613,9.471330694352,True,True,False,False,True,True,True,True,False,True,
86404419,2026-10-08,2026-10-08,https://flatfox.ch/en/flat/schurtannenweg-8-9400-rorschach/86404419/,APARTMENT,APARTMENT,9400,Rorschach,Rorschach,Rorschach,,210.0,1310.0,3.0,70.0,,,3.0,False,False,47.472714201618,9.504720694356,True,False,False,False,True,True,True,False,False,True,
86404351,2026-10-08,2026-10-08,https://flatfox.ch/en/flat/industriestrasse-38-9430-stmargrethen/86404351/,APARTMENT,APARTMENT,9430,St.Margrethen,St. Margrethen,Rheintal,,250.0,1490.0,4.5,95.0,,,2.0,False,False,47.448904201611,9.647483694354,True,True,False,False,True,False,True,False,False,True,
86404291,2026-10-08,2026-10-08,https://flatfox.ch/en/flat/bahnhofstrasse-90-9240-uzwil/86404291/,APARTMENT,APARTMENT,9240,Uzwil,Oberuzwil,Wil,1020.0,130.0,,1.5,30.0,2026.0,,3.0,False,False,47.437734201619,9.133677694351,True,True,True,True,True,False,False,True,False,True,34.0
86404057,2026-10-08,2026-10-08,https://flatfox.ch/en/flat/gallusstrasse-36-9000-stgallen/86404057/,APARTMENT,APARTMENT,9000,St.Gallen,St. Gallen,St. Gallen,,0.0,860.0,1.0,,,,1.0,False,False,47.422138201616,9.375647697359,True,True,True,False,False,False,False,False,False,False,
86403887,2026-10-08,2026-10-08,https://flatfox.ch/en/flat/haini-rennhas-str-15-9403-goldach/86403887/,APARTMENT,APARTMENT,9403,Goldach,Rorschacherberg,Rorschach,1310.0,240.0,1550.0,3.5,79.0,1974.0,2018.0,4.0,False,False,47.478564201617,9.461594694351,True,True,False,False,False,True,True,True,False,False,16.58
86403836,2026-10-08,2026-10-08,https://flatfox.ch/en/flat/schilsstrasse-27-8890-flums/86403836/,APARTMENT,APARTMENT,8890,Flums,Walenstadt,Sarganserland,,250.0,2700.0,5.5,135.0,2026.0,,1.0,False,False,47.091619201614,9.340217694354,True,False,True,True,True,True,True,False,False,False,
86403682,2026-10-08,2026-10-08,https://flatfox.ch/en/flat/ringstrasse-gossau-sg-9200-gossau-sg/86403682/,APARTMENT,APARTMENT,9200,Gossau SG,Gossau (SG),St. Gallen,,,1500.0,3.0,68.0,,,,False,False,47.414115201617,9.246404697359,False,False,False,False,False,False,False,False,False,False,
86403298,2026-10-08,2026-10-08,https://flatfox.ch/en/flat/grunaustrasse-9016-st-gallen/86403298/,APARTMENT,APARTMENT,9016,St. Gallen,St. Gallen,St. Gallen,1165.0,170.0,,2.5,,,,9.0,False,False,47.435814201613,9.404739694351,True,True,False,False,True,True,True,False,False,True,
86403234,2026-10-08,2026-10-08,https://flatfox.ch/en/flat/klosterstrasse-20-9403-goldach/86403234/,APARTMENT,APARTMENT,9403,goldach,Rorschacherberg,Rorschach,,200.0,1590.0,2.5,50.0,,,1.0,True,False,47.475584201616,9.473124694359,True,False,False,False,True,False,False,False,False,False,
86403220,2026-10-08,2026-10-08,https://flatfox.ch/en/flat/kirchplatz-3-7317-valens/86403220/,APARTMENT,APARTMENT,7317,Valens,Pfäfers,Sarganserland,750.0,200.0,,1.0,25.0,,,1.0,True,False,46.968974201611,9.480834696351,True,False,True,True,True,True,True,False,False,False,30.0
86403201,2026-10-08,2026-10-08,https://flatfox.ch/en/flat/gruntalstr-4-9300-wittenbach/86403201/,APARTMENT,APARTMENT,9300,Wittenbach,Berg (SG),Rorschach,1480.0,280.0,1760.0,4.5,103.0,1998.0,,3.0,False,False,47.463447201611,9.375354694351,True,True,False,False,False,False,False,True,False,False,14.37
86403162,2026-10-08,2026-10-08,https://flatfox.ch/en/flat/sonnenhaldenstrasse-7-9032-engelburg/86403162/,APARTMENT,APARTMENT,9032,Engelburg,Gaiserwald,St. Gallen,1320.0,230.0,,4.5,,,,1.0,False,False,47.440178201616,9.347119694358,True,False,False,False,True,True,True,True,False,True,
86403094,2026-10-08,2026-10-08,https://flatfox.ch/en/flat/fabrikstr-8-9472-grabs/86403094/,APARTMENT,APARTMENT,9472,Grabs,Grabs,Werdenberg,1000.0,160.0,1160.0,2.0,54.0,1995.0,,1.0,False,False,47.182035201611,9.451830695351,True,True,False,False,False,True,False,False,False,False,18.52
86403021,2026-10-08,2026-10-08,https://flatfox.ch/en/flat/reherstrasse-22a-9016-st-gallen/86403021/,APARTMENT,APARTMENT,9016,St. Gallen,St. Gallen,St. Gallen,1530.0,300.0,,4.5,,,,0.0,False,False,47.437220201617,9.417414690355,True,True,False,False,True,True,True,True,False,True,
86402933,2026-10-08,2026-10-08,https://flatfox.ch/en/flat/reherstrasse-22c-9016-st-gallen/86402933/,APARTMENT,APARTMENT,9016,St. Gallen,St. Gallen,St. Gallen,1200.0,170.0,,2.5,,,,1.0,False,False,47.436894201618,9.417377693352,True,True,False,False,True,True,True,True,False,True,
86402913,2026-10-08,2026-10-08,https://flatfox.ch/en/flat/seminarstrasse-3-9400-rorschach/86402913/,APARTMENT,APARTMENT,9400,Rorschach,Rorschach,Rorschach,1175.0,220.0,,3.5,75.0,,,0.0,False,False,47.473194201611,9.498204694351,False,False,False,False,True,False,False,False,False,False,15.67
86402786,2026-10-08,2026-10-08,https://flatfox.ch/en/flat/spelterinistrasse-5a-9602-bazenheid/86402786/,APARTMENT,APARTMENT,9602,Bazenheid,Kirchberg (SG),Toggenburg,1220.0,190.0,1410.0,3.5,78.0,,,1.0,False,False,47.412374201611,9.065788694356,True,True,False,False,False,False,True,False,False,True,15.64
86402564,2026-10-08,2026-10-08,https://flatfox.ch/en/flat/mittelholzerstrasse-9-9015-st-gallen/86402564/,APARTMENT,APARTMENT,9015,St. Gallen,Gossau (SG),St. Gallen,1210.0,200.0,,3.5,,,,1.0,False,False,47.401936201612,9.300443695355,True,False,False,False,True,True,True,False,False,True,
86402532,2026-10-08,2026-10-08,https://flatfox.ch/en/flat/haggenhaldenstr-9-9014-st-gallen/86402532/,APARTMENT,APARTMENT,9014,St. Gallen,St. Gallen,St. Gallen,1680.0,270.0,1950.0,4.5,110.0,2002.0,2008.0,3.0,False,False,47.407034201615,9.338864694358,False,True,False,False,False,False,True,True,False,False,15.27
86402507,2026-10-08,2026-10-08,https://flatfox.ch/en/flat/kronbergstrasse-2-9323-steinach/86402507/,APARTMENT,APARTMENT,9323,Steinach,Steinach,Rorschach,960.0,150.0,,2.0,,,,3.0,False,False,47.500198201611,9.442425694353,True,True,False,False,True,True,True,False,False,True,
86402313,2026-10-08,2026-10-08,https://flatfox.ch/en/flat/zilstrasse79a-9016-stgallen/86402313/,APARTMENT,APARTMENT,9016,St.Gallen,St. Gallen,St. Gallen,,200.0,1180.0,2.5,60.0,,,3.0,False,False,47.443414201611,9.413085694352,False,False,False,False,True,False,True,False,False,False,
86402206,2026-10-08,2026-10-08,https://flatfox.ch/en/flat/metzgergasse-14-9000-stgallen/86402206/,APARTMENT,APARTMENT,9000,St.Gallen,St. Gallen,St. Gallen,1100.0,190.0,,3.0,,,,4.0,False,False,47.426896201612,9.375554694352,False,False,True,True,False,False,False,False,False,False,
86401896,2026-10-08,2026-10-08,https://flatfox.ch/en/flat/stgallerstrasse-86-9200-gossau/86401896/,APARTMENT,APARTMENT,9200,Gossau,Gossau (SG),St. Gallen,,230.0,2030.0,4.5,,,,2.0,False,False,47.416624201613,9.253090699358,True,True,False,False,True,True,False,False,False,True,
86401735,2026-10-08,2026-10-08,https://flatfox.ch/en/flat/ebnaterstrasse-117-wattwil-9630-wattwil/86401735/,APARTMENT,APARTMENT,9630,Wattwil,Mosnang,Toggenburg,,,1450.0,4.0,100.0,,,,False,False,47.293284201613,9.097084695352,False,False,False,False,False,False,False,False,False,False,
86401668,2026-10-08,2026-10-08,https://flatfox.ch/en/flat/altendorferstrasse-16-9470-buchs/86401668/,APARTMENT,APARTMENT,9470,Buchs,Grabs,Werdenberg,1290.0,150.0,,3.5,102.0,,,0.0,False,False,47.160595201614,9.468934698353,True,False,False,False,False,False,False,False,False,True,12.65
86401614,2026-10-08,2026-10-08,https://flatfox.ch/en/flat/oberstrasse-77-9000-st-gallen/86401614/,APARTMENT,APARTMENT,9000,St. Gallen,St. Gallen,St. Gallen,900.0,200.0,,1.5,,,,-1.0,False,False,47.416614201613,9.363227694351,False,False,False,False,True,False,False,False,False,False,
86401555,2026-10-08,2026-10-08,https://flatfox.ch/en/flat/kronbergstrasse-2-9323-steinach/86401555/,APARTMENT,APARTMENT,9323,Steinach,Steinach,Rorschach,1250.0,200.0,,3.0,,,,1.0,False,False,47.500198201611,9.442425694353,True,True,False,False,True,True,True,False,False,True,
86401460,2026-10-08,2026-10-08,https://flatfox.ch/en/flat/hauptstrasse-13-8739-rieden-sg/86401460/,APARTMENT,APARTMENT,8739,Rieden SG,Kaltbrunn,See-Gaster,,,1490.0,3.5,,,,,False,False,47.221435201615,9.047533695351,False,False,False,False,False,False,False,False,False,False,
86401358,2026-10-08,2026-10-08,https://flatfox.ch/en/flat/rorschacherstrasse-188-9000-st-gallen/86401358/,APARTMENT,APARTMENT,9000,St. Gallen,St. Gallen,St. Gallen,960.0,250.0,,2.5,,,,1.0,False,False,47.432994201615,9.399448694351,False,False,False,False,True,False,False,False,False,True,
86401324,2026-10-08,2026-10-08,https://flatfox.ch/en/flat/treuackerstrasse-11-9000-st-gallen/86401324/,APARTMENT,APARTMENT,9000,St. Gallen,St. Gallen,St. Gallen,1530.0,230.0,,3.5,67.0,1900.0,2013.0,4.0,False,False,47.415864201614,9.364869694355,True,False,False,False,True,True,True,False,True,False,22.84
86401131,2026-10-08,2026-10-08,https://flatfox.ch/en/flat/buchentalstrasse-10a-9000-st-gallen/86401131/,APARTMENT,APARTMENT,9000,St. Gallen,St. Gallen,St. Gallen,1240.0,250.0,,3.0,,,,1.0,False,False,47.434233201617,9.398556694355,False,False,False,False,True,True,False,False,False,True,
86401018,2026-10-08,2026-10-08,https://flatfox.ch/en/flat/krazernstrasse-114-9015-st-gallen/86401018/,APARTMENT,APARTMENT,9015,St. Gallen,Gossau (SG),St. Gallen,,,1620.0,3.5,66.0,1961.0,2018.0,0.0,False,False,47.406495201618,9.310394694357,False,False,False,False,True,False,False,True,False,False,
86401013,2026-10-08,2026-10-08,https://flatfox.ch/en/flat/gossauerstrasse-52-9100-herisau/86401013/,APARTMENT,APARTMENT,9100,Herisau,Gossau (SG),St. Gallen,1250.0,200.0,1450.0,5.0,,,,2.0,False,False,47.387944201615,9.276387698353,False,False,False,False,True,False,False,False,False,True,
86400914,2026-10-08,2026-10-08,https://flatfox.ch/en/flat/kronbergstrasse-2-9323-steinach/86400914/,APARTMENT,APARTMENT,9323,Steinach,Steinach,Rorschach,1250.0,200.0,,3.0,,,,3.0,False,False,47.500198201611,9.442425694353,True,True,False,False,True,True,True,False,False,True,
86400905,2026-10-08,2026-10-08,https://flatfox.ch/en/flat/muhlebachstrasse-5-9230-flawil/86400905/,APARTMENT,ROOF_FLAT,9230,Flawil,Oberuzwil,Wil,,320.0,2290.0,4.0,148.0,,,3.0,False,False,47.415859201614,9.172853694357,True,True,False,False,True,True,False,True,True,True,
86400688,2026-10-08,2026-10-08,https://flatfox.ch/en/flat/burgstrasse-17-9000-st-gallen/86400688/,APARTMENT,APARTMENT,9000,St. Gallen,St. Gallen,St. Gallen,,150.0,1150.0,2.0,,,,2.0,False,False,47.419464201619,9.363953694352,False,True,False,False,True,True,False,False,False,True,
86400616,2026-10-08,2026-10-08,https://flatfox.ch/en/flat/burgstrasse-17-9000-st-gallen/86400616/,APARTMENT,APARTMENT,9000,St. Gallen,St. Gallen,St. Gallen,,150.0,1200.0,2.0,,,,5.0,False,False,47.419464201619,9.363953694352,True,True,False,False,True,True,False,False,False,True,
86400478,2026-10-08,2026-10-08,https://flatfox.ch/en/flat/mooswiesstr-77-9200-gossau/86400478/,APARTMENT,APARTMENT,9200,Gossau,Gossau (SG),St. Gallen,1250.0,330.0,,4.5,80.0,,2026.0,1.0,False,False,47.413836201612,9.263085694359,True,True,False,False,True,True,False,True,False,False,15.62
86400328,2026-10-08,2026-10-08,https://flatfox.ch/en/flat/in-den-erlen-1-9030-abtwil-sg/86400328/,APARTMENT,APARTMENT,9030,Abtwil SG,Gaiserwald,St. Gallen,1260.0,250.0,,4.0,,,,0.0,False,False,47.419670201613,9.316060694354,True,False,False,False,True,True,True,False,False,True,
86400248,2026-10-08,2026-10-08,https://flatfox.ch/en/flat/aeusserer-sonnenweg-1-9000-st-gallen/86400248/,APARTMENT,APARTMENT,9000,St. Gallen,St. Gallen,St. Gallen,1730.0,360.0,2090.0,2.5,131.0,1880.0,,4.0,False,False,47.430355201611,9.381244694355,True,False,False,False,False,True,False,False,False,False,13.21
86400224,2026-10-08,2026-10-08,https://flatfox.ch/en/flat/claridapark-7-8636-wald-zh/86400224/,APARTMENT,APARTMENT,8636,Wald ZH,Eschenbach (SG),See-Gaster,,300.0,2032.0,3.5,90.0,,,2.0,False,False,47.275204201615,8.911508693354,True,True,False,False,True,False,True,True,False,True,
86399999,2026-10-08,2026-10-08,https://flatfox.ch/en/flat/marktgasse-28-9000-st-gallen/86399999/,APARTMENT,APARTMENT,9000,St. Gallen,St. Gallen,St. Gallen,,160.0,1330.0,2.5,46.0,,,4.0,False,False,47.424236201619,9.376690695351,False,False,True,True,True,False,False,False,False,False,
86399500,2026-10-08,2026-10-08,https://flatfox.ch/en/flat/austrasse-17-9230-flawil/86399500/,APARTMENT,APARTMENT,9230,Flawil,Oberuzwil,Wil,,220.0,1250.0,2.0,,,,3.0,False,False,47.410705201614,9.185093694357,True,False,False,False,True,True,False,True,False,True,
86398794,2026-10-08,2026-10-08,https://flatfox.ch/en/flat/oberstrasse-218-9000-st-gallen/86398794/,APARTMENT,APARTMENT,9000,St. Gallen,St. Gallen,St. Gallen,,,2403.0,5.0,124.0,,,,False,False,47.412084201615,9.348366694359,False,False,False,False,False,False,False,False,False,False,
86398644,2026-10-08,2026-10-08,https://flatfox.ch/en/flat/gossauerstrasse-18-9100-herisau/86398644/,APARTMENT,APARTMENT,9100,Herisau,Gossau (SG),St. Gallen,,,1175.0,1.5,45.0,,,,False,False,47.386555201611,9.277224695356,False,False,False,False,False,False,False,False,False,False,
86398540,2026-10-08,2026-10-08,https://flatfox.ch/en/flat/oberdorfstrasse-32-9100-herisau/86398540/,APARTMENT,APARTMENT,9100,Herisau,Gossau (SG),St. Gallen,,150.0,1050.0,2.5,50.0,,,1.0,False,False,47.385154201616,9.280865694354,False,False,False,False,False,False,False,False,False,False,
86398427,2026-10-08,2026-10-08,https://flatfox.ch/en/flat/neckerstrasse-2-9621-oberhelfenschwil/86398427/,APARTMENT,APARTMENT,9621,Oberhelfenschwil,Neckertal,Toggenburg,1700.0,250.0,,5.5,106.0,,,1.0,False,False,47.353907201618,9.114297694358,True,False,True,True,True,True,True,False,False,True,16.04
86398390,2026-10-08,2026-10-08,https://flatfox.ch/en/flat/berg-788-9107-urnasch/86398390/,APARTMENT,APARTMENT,9107,Urnäsch,Wildhaus-Alt St. Johann,Toggenburg,,,1100.0,2.5,100.0,,,,False,False,47.317064201612,9.264358694353,False,False,False,False,False,False,False,False,False,False,
86398294,2026-10-08,2026-10-08,https://flatfox.ch/en/flat/scheffelstrasse-1-9100-herisau/86398294/,APARTMENT,APARTMENT,9100,Herisau,Gossau (SG),St. Gallen,,,2250.0,5.5,120.0,,,,False,False,47.389444201616,9.282049694356,False,False,False,False,False,False,False,False,False,False,
86398278,2026-10-08,2026-10-08,https://flatfox.ch/en/flat/kirchgasse-9220-bischofszell/86398278/,APARTMENT,APARTMENT,9220,Bischofszell,Muolen,St. Gallen,,,1450.0,3.5,82.0,,,,False,False,47.493454201614,9.239154694353,False,False,False,False,False,False,False,False,False,False,
86398090,2026-10-08,2026-10-08,https://flatfox.ch/en/flat/auf-anfrage-8636-wald-zh/86398090/,APARTMENT,DUPLEX,8636,Wald ZH,Eschenbach (SG),See-Gaster,2630.0,350.0,2980.0,6.5,154.0,,2026.0,1.0,False,False,47.283204201616,8.923194694356,True,False,False,False,False,False,True,False,False,False,17.08
86398040,2026-10-08,2026-10-08,https://flatfox.ch/en/flat/auf-anfrage-9400-rorschach/86398040/,APARTMENT,APARTMENT,9400,Rorschach,Rorschach,Rorschach,1190.0,200.0,1390.0,3.0,65.0,,2026.0,2.0,False,False,47.478884201614,9.491688694351,True,False,False,False,False,False,True,False,False,False,18.31
86397810,2026-10-08,2026-10-08,https://flatfox.ch/en/flat/ruderbach-2-9424-rheineck/86397810/,APARTMENT,APARTMENT,9424,Rheineck,Rheineck,Rheintal,1165.0,200.0,,4.5,82.0,1900.0,2013.0,1.0,False,False,47.463125201611,9.593098694359,True,False,False,False,True,False,True,True,False,True,14.21
86397280,2026-10-08,2026-10-08,https://flatfox.ch/en/flat/goldacherstrasse-6-9327-tubach/86397280/,APARTMENT,APARTMENT,9327,Tübach,Tübach,Rorschach,1680.0,150.0,,4.5,105.0,,,1.0,False,False,47.485765201611,9.455804696354,True,False,False,False,False,False,True,False,False,False,16.0
86396785,2026-10-08,2026-10-08,https://flatfox.ch/en/flat/hebelstrasse-3-9000-st-gallen/86396785/,APARTMENT,SINGLE_ROOM,9000,St. Gallen,St. Gallen,St. Gallen,,,450.0,1.0,,,,,False,False,47.418784201619,9.382044696355,False,False,False,False,False,False,False,False,False,False,
86396508,2026-10-08,2026-10-08,https://flatfox.ch/en/flat/spisergasse-43-9000-st-gallen/86396508/,APARTMENT,APARTMENT,9000,St. Gallen,St. Gallen,St. Gallen,,50.0,1199.0,1.0,30.0,,,5.0,True,False,47.424534201612,9.379153694353,True,True,False,False,False,True,False,False,False,False,
86396194,2026-10-08,2026-10-08,https://flatfox.ch/en/flat/reuttistrasse-15-9500-wil/86396194/,APARTMENT,APARTMENT,9500,Wil,Zuzwil (SG),Wil,,220.0,1490.0,3.5,,,,11.0,False,False,47.458254201612,9.055285698352,True,True,False,False,True,True,True,True,False,False,
86396141,2026-10-08,2026-10-08,https://flatfox.ch/en/flat/oberdorfstrasse-14-8887-mels/86396141/,APARTMENT,APARTMENT,8887,Mels,Mels,Sarganserland,1790.0,220.0,2010.0,4.5,112.0,,,0.0,False,False,47.046094201611,9.418173690357,True,True,False,False,False,False,False,True,False,False,15.98
86396120,2026-10-08,2026-10-08,https://flatfox.ch/en/flat/bahnhofstrasse-34a-8580-amriswil/86396120/,APARTMENT,APARTMENT,8580,Amriswil,Muolen,St. Gallen,1300.0,280.0,,4.0,,,,2.0,False,False,47.548988201619,9.303725696351,True,True,False,False,True,True,True,False,False,True,
86396069,2026-10-08,2026-10-08,https://flatfox.ch/en/flat/bahnhofstrasse-26-8580-amriswil/86396069/,APARTMENT,DUPLEX,8580,Amriswil,Muolen,St. Gallen,1400.0,200.0,,4.5,,,,3.0,False,False,47.548544201618,9.302824699351,True,True,False,False,True,True,False,True,True,True,
86396025,2026-10-08,2026-10-08,https://flatfox.ch/en/flat/industriestrasse-38-9430-stmargrethen/86396025/,APARTMENT,APARTMENT,9430,St.Margrethen,St. Margrethen,Rheintal,,250.0,1315.0,3.5,40.0,,2026.0,0.0,False,False,47.448904201611,9.647483694354,True,True,False,False,False,False,True,False,False,True,
86395728,2026-10-08,2026-10-08,https://flatfox.ch/en/flat/rosenbergweg-18a-9000-st-gallen/86395728/,APARTMENT,DUPLEX,9000,St. Gallen,St. Gallen,St. Gallen,2250.0,210.0,,4.5,,,,2.0,False,False,47.422543201618,9.363239699355,True,False,True,True,True,True,False,True,False,False,
86395660,2026-10-08,2026-10-08,https://flatfox.ch/en/flat/dorfstrasse-68-8630-ruti-zh/86395660/,APARTMENT,DUPLEX,8630,Rüti ZH,Rapperswil-Jona,See-Gaster,2330.0,320.0,2650.0,3.5,110.0,0.0,,3.0,False,False,47.259120201616,8.856038690356,False,True,False,False,False,False,False,True,False,False,21.18
86395575,2026-10-08,2026-10-08,https://flatfox.ch/en/flat/heimatstrasse-19-9008-stgallen/86395575/,APARTMENT,APARTMENT,9008,St.Gallen,St. Gallen,St. Gallen,,140.0,1190.0,2.5,51.0,,2023.0,4.0,False,False,47.436564201618,9.391274694359,False,False,True,True,True,True,False,False,False,False,
86395448,2026-10-08,2026-10-08,https://flatfox.ch/en/flat/bahnhofstrasse-34a-8580-amriswil/86395448/,APARTMENT,APARTMENT,8580,Amriswil,Muolen,St. Gallen,630.0,120.0,,1.0,,,,4.0,False,False,47.548988201619,9.303725696351,False,False,False,False,False,True,True,False,False,True,
86395115,2026-10-08,2026-10-08,https://flatfox.ch/en/flat/kanalweg-2-8714-feldbach/86395115/,APARTMENT,APARTMENT,8714,Feldbach,Rapperswil-Jona,See-Gaster,2050.0,180.0,,3.0,60.0,1800.0,2019.0,2.0,True,True,47.239094201616,8.786703699359,True,False,False,False,True,True,True,False,False,False,34.17
86394773,2026-10-08,2026-10-08,https://flatfox.ch/en/flat/flawilerstr-1-9244-niederuzwil/86394773/,APARTMENT,ATTIC_FLAT,9244,Niederuzwil,Uzwil,Wil,1350.0,200.0,1550.0,2.5,70.0,2008.0,,5.0,False,False,47.445114201613,9.143303693357,True,True,False,False,False,True,False,False,False,False,19.29
86394155,2026-10-08,2026-10-08,https://flatfox.ch/en/flat/lukasstrasse-2-9008-st-gallen/86394155/,APARTMENT,APARTMENT,9008,St. Gallen,St. Gallen,St. Gallen,1160.0,160.0,1320.0,2.5,,,,0.0,False,False,47.439410201618,9.395116694351,False,False,False,False,False,False,False,False,False,False,
86394154,2026-10-08,2026-10-08,https://flatfox.ch/en/flat/oberstrasse-119-9000-st-gallen/86394154/,APARTMENT,ATTIC_FLAT,9000,St. Gallen,St. Gallen,St. Gallen,1790.0,130.0,1920.0,2.5,,,,4.0,False,False,47.414794201613,9.359979694351,False,False,False,False,False,False,False,False,False,False,
86394135,2026-10-08,2026-10-08,https://flatfox.ch/en/flat/guterstrasse-13-9470-buchs-sg/86394135/,APARTMENT,APARTMENT,9470,Buchs SG,Grabs,Werdenberg,2550.0,200.0,2750.0,5.5,130.0,2026.0,,1.0,False,False,47.171099201619,9.476669698352,True,True,False,False,False,False,True,False,False,False,19.62
86394133,2026-10-08,2026-10-08,https://flatfox.ch/en/flat/badstubenstrasse-9-8880-walenstadt/86394133/,APARTMENT,APARTMENT,8880,Walenstadt,Walenstadt,Sarganserland,2180.0,250.0,2430.0,4.5,122.0,,,3.0,False,False,47.123824201617,9.313373693352,False,False,False,False,False,False,False,False,False,False,17.87
86394116,2026-10-08,2026-10-08,https://flatfox.ch/en/flat/nelkenstrasse-13-9100-herisau/86394116/,APARTMENT,APARTMENT,9100,Herisau,Gossau (SG),St. Gallen,1170.0,170.0,1340.0,4.0,,,,3.0,False,False,47.392444201612,9.277805699356,True,False,True,False,False,False,True,False,False,True,
86393414,2026-10-08,2026-10-08,https://flatfox.ch/en/flat/bildweg-24-9552-bronschhofen/86393414/,APARTMENT,APARTMENT,9552,Bronschhofen,Wil (SG),Wil,,270.0,1670.0,1.5,58.0,1992.0,,0.0,True,True,47.470284201619,9.035056694356,True,False,True,True,False,True,True,False,False,False,
86393126,2026-10-08,2026-10-08,https://flatfox.ch/en/flat/auf-anfrage-9123-nassen/86393126/,HOUSE,ROW_HOUSE,9123,Nassen,Neckertal,Toggenburg,1600.0,,,3.5,120.0,,2025.0,,False,False,47.373095201615,9.135998694357,False,False,False,False,False,False,True,False,False,False,13.33
86393114,2026-10-08,2026-10-08,https://flatfox.ch/en/flat/auf-anfrage-9434-au-sg/86393114/,APARTMENT,APARTMENT,9434,Au SG,Berneck,Rheintal,1350.0,100.0,1450.0,2.5,42.0,,,1.0,False,False,47.429598201615,9.640424693351,True,True,False,False,False,False,True,False,False,False,32.14
86393107,2026-10-08,2026-10-08,https://flatfox.ch/en/flat/auf-anfrage-8872-weesen/86393107/,APARTMENT,ROOF_FLAT,8872,Weesen,Weesen,See-Gaster,2460.0,230.0,2690.0,3.5,100.0,,,,False,False,47.136167201615,9.103119694352,True,True,False,False,False,False,False,False,False,False,24.6
86393018,2026-10-08,2026-10-08,https://flatfox.ch/en/flat/marausstrasse-4-7310-bad-ragaz/86393018/,APARTMENT,APARTMENT,7310,Bad Ragaz,Bad Ragaz,Sarganserland,,,1540.0,3.5,67.0,,,,False,False,47.007594201612,9.502845696355,False,False,False,False,False,False,False,False,False,False,
86392843,2026-10-08,2026-10-08,https://flatfox.ch/en/flat/henauerstrasse-64-9244-niederuzwil/86392843/,APARTMENT,APARTMENT,9244,Niederuzwil,Uzwil,Wil,,,1184.0,2.5,61.0,,,,False,False,47.449615201618,9.131093694352,False,False,False,False,False,False,False,False,False,False,
86392801,2026-10-08,2026-10-08,https://flatfox.ch/en/flat/buchel-903-9642-ebnat-kappel/86392801/,APARTMENT,APARTMENT,9642,Ebnat-Kappel,Ebnat-Kappel,Toggenburg,,,1300.0,3.0,,,,,False,False,47.256179201617,9.123183693351,True,False,True,True,False,True,True,False,False,False,
86392729,2026-10-08,2026-10-08,https://flatfox.ch/en/flat/balgacherstrasse-230-9436-balgach/86392729/,HOUSE,SINGLE_HOUSE,9436,Balgach,Balgach,Rheintal,2100.0,,,5.5,140.0,,2026.0,,False,False,47.409474201614,9.615667694359,True,False,True,True,True,True,True,False,False,False,15.0
86392725,2026-10-08,2026-10-08,https://flatfox.ch/en/flat/balgacherstrasse-230-9436-balgach/86392725/,APARTMENT,APARTMENT,9436,Balgach,Balgach,Rheintal,1050.0,,,2.0,35.0,,2026.0,0.0,False,False,47.409474201614,9.615667694359,False,False,True,True,True,True,True,False,False,False,30.0
86392622,2026-10-08,2026-10-08,https://flatfox.ch/en/flat/steingrueblistrasse-26-9000-st-gallen/86392622/,APARTMENT,APARTMENT,9000,St. Gallen,St. Gallen,St. Gallen,,,865.0,1.5,22.0,,,,False,False,47.425984201618,9.389280694356,False,False,False,False,False,False,False,False,False,False,
86392610,2026-10-08,2026-10-08,https://flatfox.ch/en/flat/hauptstrasse-56-9126-necker/86392610/,APARTMENT,APARTMENT,9126,Necker,Neckertal,Toggenburg,,,990.0,3.5,55.0,,,,False,False,47.342726201616,9.130348694356,False,False,False,False,False,False,False,False,False,False,
86392565,2026-10-08,2026-10-08,https://flatfox.ch/en/flat/furstenlandstrasse-54-9000-st-gallen/86392565/,APARTMENT,APARTMENT,9000,St. Gallen,St. Gallen,St. Gallen,,,1600.0,4.0,85.0,,,2.0,True,True,47.413794201613,9.347816694351,True,False,True,True,True,True,False,False,False,False,
86392472,2026-10-08,2026-10-08,https://flatfox.ch/en/flat/bleikenstrasse-6c-9630-wattwil/86392472/,APARTMENT,APARTMENT,9630,Wattwil,Mosnang,Toggenburg,1950.0,0.0,1950.0,3.5,94.0,2025.0,,3.0,False,False,47.295063201614,9.087198693351,True,True,False,False,False,False,True,False,False,True,20.74
86392385,2026-10-08,2026-10-08,https://flatfox.ch/en/flat/allmeindstrasse-40-8716-schmerikon/86392385/,APARTMENT,APARTMENT,8716,Schmerikon,Schmerikon,See-Gaster,,,1480.0,1.5,43.0,,,,False,False,47.222746201618,8.952704694357,False,False,False,False,False,False,False,False,False,False,
86391921,2026-10-08,2026-10-08,https://flatfox.ch/en/flat/neu-renoviert-oberdorfstrasse-10-9100-herisau/86391921/,APARTMENT,APARTMENT,9100,Herisau,Gossau (SG),St. Gallen,,200.0,1650.0,4.0,100.0,,2025.0,-3.0,False,False,47.385136201611,9.278913694354,True,False,True,True,True,True,False,False,True,False,
86391769,2026-10-08,2026-10-08,https://flatfox.ch/en/flat/8640-rapperswil-sg/86391769/,APARTMENT,FURNISHED_FLAT,8640,Rapperswil SG,Rapperswil-Jona,See-Gaster,,,2400.0,3.0,60.0,,,1.0,True,True,47.227959201611,8.825564694352,True,False,False,False,False,False,True,False,False,True,
86391682,2026-10-08,2026-10-08,https://flatfox.ch/en/flat/henauerstrasse-64-9244-niederuzwil/86391682/,APARTMENT,APARTMENT,9244,Niederuzwil,Uzwil,Wil,1064.0,120.0,,2.5,61.0,1985.0,2020.0,2.0,False,False,47.449615201618,9.131093694352,True,True,True,True,True,False,True,False,False,False,17.44
86391260,2026-10-08,2026-10-08,https://flatfox.ch/en/flat/churerstrasse-107a-9470-buchs-sg/86391260/,APARTMENT,APARTMENT,9470,Buchs SG,Grabs,Werdenberg,2150.0,290.0,,4.5,129.0,2020.0,,1.0,False,False,47.150959201616,9.482544694358,True,True,True,True,True,True,True,True,False,False,16.67
86391184,2026-10-08,2026-10-08,https://flatfox.ch/en/flat/moosmatten-2b-9244-niederuzwil/86391184/,APARTMENT,APARTMENT,9244,Niederuzwil,Uzwil,Wil,1390.0,200.0,,4.5,97.0,,,3.0,False,False,47.445454201617,9.137454694353,False,False,False,False,False,True,True,False,False,False,14.33
86391130,2026-10-08,2026-10-08,https://flatfox.ch/en/flat/hofjungerstrasse-30-9630-wattwil/86391130/,APARTMENT,APARTMENT,9630,Wattwil,Mosnang,Toggenburg,1020.0,230.0,1250.0,3.0,61.0,,,1.0,False,False,47.306387201611,9.086420694351,False,False,False,False,False,False,False,False,False,False,16.72
86391052,2026-10-08,2026-10-08,https://flatfox.ch/en/flat/wilerstrasse-35-9630-wattwil/86391052/,APARTMENT,APARTMENT,9630,Wattwil,Mosnang,Toggenburg,900.0,200.0,,2.5,,,2015.0,0.0,False,False,47.305708201616,9.087368694357,False,False,False,False,False,False,True,False,False,True,
86390807,2026-10-08,2026-10-08,https://flatfox.ch/en/flat/9425-thal/86390807/,HOUSE,SINGLE_HOUSE,9425,Thal,Thal,Rorschach,1850.0,,,4.0,70.0,,,,False,False,47.480055201615,9.570433694358,True,False,True,True,True,True,True,True,False,True,26.43
86390533,2026-10-08,2026-10-08,https://flatfox.ch/en/flat/weiherstrasse-53-8580-amriswil/86390533/,APARTMENT,APARTMENT,8580,Amriswil,Muolen,St. Gallen,1250.0,245.0,1495.0,4.5,87.0,,,5.0,False,False,47.551793201614,9.293704698354,True,True,False,False,False,False,True,False,False,True,14.37
86390444,2026-10-08,2026-10-08,https://flatfox.ch/en/flat/st-gallerstr-14-9400-rorschach/86390444/,APARTMENT,APARTMENT,9400,Rorschach,Rorschach,Rorschach,,200.0,1650.0,4.5,100.0,,,1.0,False,False,47.478894201617,9.487056694351,True,False,True,True,True,False,True,False,False,False,
86390180,2026-10-08,2026-10-08,https://flatfox.ch/en/flat/bongert-3-9467-sennwald/86390180/,APARTMENT,APARTMENT,9467,Sennwald,Sennwald,Werdenberg,1530.0,250.0,1780.0,3.5,85.0,,,2.0,False,False,47.245243201615,9.472978694354,True,False,False,False,False,True,False,False,False,False,18.0
86389958,2026-10-08,2026-10-08,https://flatfox.ch/en/flat/st-leonhardstrasse-75-9000-st-gallen/86389958/,APARTMENT,APARTMENT,9000,St. Gallen,St. Gallen,St. Gallen,2320.0,180.0,2500.0,4.0,105.0,,,5.0,False,False,47.420874201615,9.364693695359,True,False,False,False,False,True,False,False,False,False,22.1
86389921,2026-10-08,2026-10-08,https://flatfox.ch/en/flat/9475-sevelen/86389921/,APARTMENT,APARTMENT,9475,Sevelen,Sevelen,Werdenberg,,,1600.0,3.5,70.0,,,,False,False,47.125224201613,9.478800693359,False,False,False,False,False,False,False,False,False,False,
86389741,2026-10-08,2026-10-08,https://flatfox.ch/en/flat/rorschacherstr-67-9450-luchingen/86389741/,APARTMENT,APARTMENT,9450,Lüchingen,Altstätten,Rheintal,,,1650.0,4.0,96.0,,,,False,False,47.386348201612,9.550924696351,False,False,False,False,False,False,False,False,False,False,
86389651,2026-10-08,2026-10-08,https://flatfox.ch/en/flat/kolumbanstrasse-29-9008-st-gallen/86389651/,APARTMENT,APARTMENT,9008,St. Gallen,St. Gallen,St. Gallen,,150.0,1190.0,2.0,50.0,,,0.0,False,False,47.437954201615,9.391304694355,True,False,False,False,True,True,False,False,False,False,
86389476,2026-10-08,2026-10-08,https://flatfox.ch/en/flat/9445-rebstein/86389476/,APARTMENT,APARTMENT,9445,Rebstein,Rebstein,Rheintal,,,550.0,1.5,33.0,,,,False,False,47.397744201612,9.582690694358,False,False,False,False,False,False,False,False,False,False,
86389441,2026-10-08,2026-10-08,https://flatfox.ch/en/flat/8633-wolfhausen/86389441/,APARTMENT,APARTMENT,8633,Wolfhausen,Rapperswil-Jona,See-Gaster,1600.0,0.0,,2.5,,,,3.0,True,True,47.260033201619,8.794914694351,True,False,False,False,False,True,True,True,False,False,
86389245,2026-10-08,2026-10-08,https://flatfox.ch/en/flat/rutistrasse-11-8733-eschenbach/86389245/,HOUSE,SINGLE_HOUSE,8733,Eschenbach,Eschenbach (SG),See-Gaster,,,2650.0,4.5,104.0,1961.0,2026.0,,False,False,47.240850201612,8.919467694356,True,False,True,False,True,False,True,True,False,False,
86389208,2026-10-08,2026-10-08,https://flatfox.ch/en/flat/zilstrasse-70-9016-st-gallen/86389208/,APARTMENT,APARTMENT,9016,St. Gallen,St. Gallen,St. Gallen,1650.0,250.0,1900.0,2.5,73.0,,,-1.0,False,False,47.443334201611,9.410873694359,False,False,False,False,False,False,False,False,False,False,22.6
86389207,2026-10-08,2026-10-08,https://flatfox.ch/en/flat/obstgartenstrasse-12-9300-wittenbach/86389207/,APARTMENT,APARTMENT,9300,Wittenbach,Berg (SG),Rorschach,1300.0,320.0,1620.0,4.5,96.0,,,4.0,False,False,47.459074201617,9.387458694355,False,False,False,False,False,False,False,False,False,False,13.54
86389206,2026-10-08,2026-10-08,https://flatfox.ch/en/flat/zilstrasse-76-9016-st-gallen/86389206/,APARTMENT,APARTMENT,9016,St. Gallen,St. Gallen,St. Gallen,1135.0,205.0,1340.0,2.5,77.0,,,2.0,False,False,47.442458201611,9.411994696354,False,False,False,False,False,False,False,False,False,False,14.74
86389183,2026-10-08,2026-10-08,https://flatfox.ch/en/flat/9000-st-gallen/86389183/,APARTMENT,SINGLE_ROOM,9000,St. Gallen,St. Gallen,St. Gallen,,,750.0,1.0,,,,,False,False,47.424580201619,9.374963694355,False,False,False,False,False,False,False,False,False,False,
86388596,2026-10-08,2026-10-08,https://flatfox.ch/en/flat/bedastrasse-27-9200-gossau-sg/86388596/,APARTMENT,APARTMENT,9200,Gossau SG,Gossau (SG),St. Gallen,,,1180.0,4.0,80.0,,,,False,False,47.412215201612,9.245403695351,False,False,False,False,False,False,False,False,False,False,
86388578,2026-10-08,2026-10-08,https://flatfox.ch/en/flat/breite-35-9450-altstatten/86388578/,APARTMENT,APARTMENT,9450,Altstätten,Altstätten,Rheintal,1790.0,195.0,,4.5,127.0,,,4.0,False,False,47.379054201611,9.536728694353,True,True,True,True,True,True,True,False,False,False,14.09
86388456,2026-10-08,2026-10-08,https://flatfox.ch/en/flat/bahnhofstrasse-8-9450-altstatten/86388456/,APARTMENT,APARTMENT,9450,Altstätten,Altstätten,Rheintal,1390.0,250.0,,4.5,105.0,,,2.0,False,False,47.378004201611,9.544606694357,True,False,True,True,True,False,True,False,False,False,13.24
86388173,2026-10-08,2026-10-08,https://flatfox.ch/en/flat/steinstrasse-15a-8630-ruti-zh/86388173/,APARTMENT,APARTMENT,8630,Rüti ZH,Rapperswil-Jona,See-Gaster,,,1690.0,2.0,54.0,,,,False,False,47.251584201616,8.859825694352,False,False,False,False,False,False,False,False,False,False,
86387871,2026-10-08,2026-10-08,https://flatfox.ch/en/flat/rehetobelstrasse-66-9016-st-gallen/86387871/,APARTMENT,APARTMENT,9016,St. Gallen,St. Gallen,St. Gallen,1690.0,180.0,,3.5,,2019.0,,2.0,False,False,47.432995201614,9.410913694353,True,True,True,True,True,True,False,True,False,False,
86387747,2026-10-08,2026-10-08,https://flatfox.ch/en/flat/teufenerstrasse-180-9012-st-gallen/86387747/,APARTMENT,APARTMENT,9012,St. Gallen,St. Gallen,St. Gallen,1050.0,150.0,1200.0,3.0,83.0,,,4.0,False,False,47.407715201615,9.369038696353,False,False,False,False,False,False,False,False,False,False,12.65
86387707,2026-10-08,2026-10-08,https://flatfox.ch/en/flat/flurhofstr-151-9000-st-gallen/86387707/,APARTMENT,APARTMENT,9000,St. Gallen,St. Gallen,St. Gallen,1160.0,270.0,1430.0,4.0,75.0,1965.0,,0.0,False,False,47.432224201618,9.403344694354,True,False,False,False,False,False,False,False,False,True,15.47
86387606,2026-10-08,2026-10-08,https://flatfox.ch/en/flat/matte-6-9473-gams/86387606/,APARTMENT,APARTMENT,9473,Gams,Sennwald,Werdenberg,1800.0,200.0,,4.5,102.0,1993.0,,2.0,False,False,47.203494201616,9.444063694358,True,True,True,True,True,True,False,True,False,False,17.65
86387464,2026-10-08,2026-10-08,https://flatfox.ch/en/flat/brandlistr-1-9435-heerbrugg/86387464/,APARTMENT,APARTMENT,9435,Heerbrugg,Balgach,Rheintal,1030.0,150.0,1180.0,2.5,64.0,1961.0,,4.0,False,False,47.414995201612,9.629094697352,True,False,False,False,False,True,False,False,False,True,16.09
86386572,2026-10-08,2026-10-08,https://flatfox.ch/en/flat/nelkenstrasse-10-bk-9200-gossau/86386572/,APARTMENT,APARTMENT,9200,Gossau,Gossau (SG),St. Gallen,800.0,220.0,1020.0,2.0,52.0,,,2.0,False,False,47.419899201617,9.243297695351,False,False,False,False,False,False,False,False,False,False,15.38
86386427,2026-10-08,2026-10-08,https://flatfox.ch/en/flat/krankenhausstr-12-9230-flawil/86386427/,APARTMENT,APARTMENT,9230,Flawil,Oberuzwil,Wil,,0.0,1240.0,1.5,60.0,,,0.0,True,False,47.417100201616,9.185127694353,True,False,True,True,True,False,True,False,False,True,
86386210,2026-10-08,2026-10-08,https://flatfox.ch/en/flat/graflibuhlstrasse-1-9445-rebstein/86386210/,APARTMENT,APARTMENT,9445,Rebstein,Rebstein,Rheintal,,,2000.0,4.5,117.0,,,,False,False,47.398567201613,9.585964694354,False,False,False,False,False,False,False,False,False,False,
86386207,2026-10-08,2026-10-08,https://flatfox.ch/en/flat/wilerstrasse-69-9230-flawil/86386207/,APARTMENT,APARTMENT,9230,Flawil,Oberuzwil,Wil,,,1210.0,3.0,70.0,,,,False,False,47.415269201616,9.183749694352,False,False,False,False,False,False,False,False,False,False,
86386110,2026-10-08,2026-10-08,https://flatfox.ch/en/flat/9403-goldach/86386110/,APARTMENT,APARTMENT,9403,Goldach,Rorschacherberg,Rorschach,,200.0,1150.0,3.0,60.0,,,1.0,False,False,47.478814201617,9.469989694355,False,False,True,True,True,False,True,True,False,True,
86386057,2026-10-08,2026-10-08,https://flatfox.ch/en/flat/steinstrasse-15a-8630-ruti-zh/86386057/,APARTMENT,APARTMENT,8630,Rüti ZH,Rapperswil-Jona,See-Gaster,,,1690.0,2.5,54.0,,2026.0,1.0,False,False,47.251584201616,8.859825694352,False,False,False,False,False,False,False,False,False,False,
86385924,2026-10-08,2026-10-08,https://flatfox.ch/en/flat/hohenstrasse-8-8733-eschenbach-sg/86385924/,APARTMENT,APARTMENT,8733,Eschenbach SG,Eschenbach (SG),See-Gaster,,,2300.0,3.5,91.0,,,,False,False,47.244415201615,8.918624694355,False,False,False,False,False,False,False,False,False,False,
86385919,2026-10-08,2026-10-08,https://flatfox.ch/en/flat/hauptstrasse-130-9434-au-sg/86385919/,APARTMENT,APARTMENT,9434,Au SG,Berneck,Rheintal,,,1290.0,3.5,75.0,,,,False,False,47.427344201612,9.635870694359,False,False,False,False,False,False,False,False,False,False,
86385916,2026-10-08,2026-10-08,https://flatfox.ch/en/flat/graflibuhlstrasse-1-9445-rebstein/86385916/,APARTMENT,APARTMENT,9445,Rebstein,Rebstein,Rheintal,2000.0,250.0,,4.5,117.0,2024.0,,0.0,False,False,47.398567201613,9.585964694354,True,True,True,True,True,False,False,True,False,True,17.09
86385864,2026-10-08,2026-10-08,https://flatfox.ch/en/flat/staatsstrasse-121-9445-rebstein/86385864/,APARTMENT,APARTMENT,9445,Rebstein,Rebstein,Rheintal,1310.0,155.0,1465.0,2.5,63.0,2023.0,,1.0,False,False,47.397094201612,9.581900694359,True,True,True,False,True,True,True,True,False,True,20.79
86385842,2026-10-08,2026-10-08,https://flatfox.ch/en/flat/staatsstrasse-125-9445-rebstein/86385842/,APARTMENT,ROOF_FLAT,9445,Rebstein,Rebstein,Rheintal,1770.0,225.0,1995.0,3.5,78.0,2023.0,,2.0,False,False,47.396500201611,9.582136695351,True,True,True,False,True,True,True,True,False,True,22.69
86385834,2026-10-08,2026-10-08,https://flatfox.ch/en/flat/oberseestrasse-24-8640-rapperswil-jona/86385834/,APARTMENT,APARTMENT,8640,Rapperswil-Jona,Rapperswil-Jona,See-Gaster,,,2500.0,3.5,80.0,,2024.0,1.0,False,False,47.223879201618,8.820095694357,True,False,True,True,True,True,False,False,True,True,
86385796,2026-10-08,2026-10-08,https://flatfox.ch/en/flat/breitenstrasse-1-8717-benken-sg/86385796/,APARTMENT,APARTMENT,8717,Benken SG,Benken (SG),See-Gaster,,,1900.0,3.5,100.0,,,1.0,False,False,47.196865201614,9.005468694357,True,True,True,True,True,True,False,False,False,True,
86385759,2026-10-08,2026-10-08,https://flatfox.ch/en/flat/hohenstrasse-8-8733-eschenbach/86385759/,APARTMENT,APARTMENT,8733,Eschenbach,Eschenbach (SG),See-Gaster,2150.0,150.0,,3.5,91.0,2022.0,,0.0,False,False,47.244415201615,8.918624694355,True,True,True,True,True,True,True,True,False,True,23.63
86385705,2026-10-08,2026-10-08,https://flatfox.ch/en/flat/langgasse-36-9008-st-gallen/86385705/,APARTMENT,APARTMENT,9008,St. Gallen,St. Gallen,St. Gallen,1302.0,180.0,,3.5,76.0,1953.0,2014.0,1.0,False,False,47.436073201616,9.387364694351,False,False,False,False,False,False,False,False,False,False,17.13
86385497,2026-10-08,2026-10-08,https://flatfox.ch/en/flat/hauptstrasse-130-9434-au-sg/86385497/,APARTMENT,APARTMENT,9434,Au SG,Berneck,Rheintal,1140.0,150.0,,3.5,75.0,,,2.0,False,False,47.427344201612,9.635870694359,True,False,True,True,True,False,True,False,False,False,15.2
86385485,2026-10-08,2026-10-08,https://flatfox.ch/en/flat/weinhaldenstrasse-7-9403-goldach/86385485/,APARTMENT,APARTMENT,9403,Goldach,Rorschacherberg,Rorschach,910.0,180.0,1090.0,2.0,,,,2.0,False,False,47.479694201616,9.472486694355,True,False,False,False,False,False,False,False,False,False,
86385199,2026-10-08,2026-10-08,https://flatfox.ch/en/flat/feldstrasse-3a-9443-widnau/86385199/,APARTMENT,APARTMENT,9443,Widnau,Diepoldsau,Rheintal,,,2990.0,4.0,119.0,,,,False,False,47.406394201618,9.632164694352,False,False,False,False,False,False,False,False,False,False,
86385015,2026-10-08,2026-10-08,https://flatfox.ch/en/flat/signalstrasse-7-9400-rorschach/86385015/,APARTMENT,APARTMENT,9400,Rorschach,Rorschach,Rorschach,1250.0,230.0,1480.0,2.5,97.0,1940.0,,1.0,False,False,47.477774201616,9.492416694359,False,False,False,False,False,True,False,False,False,False,12.89
86384886,2026-10-08,2026-10-08,https://flatfox.ch/en/flat/wiedenstrasse-24-9470-buchs-sg/86384886/,APARTMENT,APARTMENT,9470,Buchs SG,Grabs,Werdenberg,1520.0,70.0,,2.5,37.0,,1993.0,,True,False,47.169114201611,9.473303699355,False,False,True,True,True,False,False,False,False,False,41.08
86384784,2026-10-08,2026-10-08,https://flatfox.ch/en/flat/haagerstrasse-29-9473-gams/86384784/,APARTMENT,APARTMENT,9473,Gams,Sennwald,Werdenberg,,,1740.0,3.5,,,,,False,False,47.204544201616,9.445115694356,True,True,True,False,True,True,True,True,False,True,
86384497,2026-10-08,2026-10-08,https://flatfox.ch/en/flat/grund-9405-wienacht-tobel/86384497/,APARTMENT,APARTMENT,9405,Wienacht-Tobel,Rorschacherberg,Rorschach,,,892.0,2.0,32.0,,,,False,False,47.467054201616,9.539374694355,False,False,False,False,False,False,False,False,False,False,
86384449,2026-10-08,2026-10-08,https://flatfox.ch/en/flat/teufenstrasse-35-9000-st-gallen/86384449/,APARTMENT,APARTMENT,9000,St. Gallen,St. Gallen,St. Gallen,,180.0,1590.0,4.5,88.0,,,3.0,False,False,47.418655201612,9.369226694353,True,False,False,False,True,False,False,False,False,True,
86384343,2026-10-08,2026-10-08,https://flatfox.ch/en/flat/teufener-strasse-180-9012-stgallen/86384343/,APARTMENT,APARTMENT,9012,St.Gallen,St. Gallen,St. Gallen,,,1130.0,4.5,110.0,,,4.0,False,False,47.407715201615,9.369038696353,False,False,False,False,False,False,False,False,False,True,
86384231,2026-10-08,2026-10-08,https://flatfox.ch/en/flat/guschastr-11-9475-sevelen/86384231/,APARTMENT,APARTMENT,9475,Sevelen,Sevelen,Werdenberg,1060.0,170.0,1230.0,2.5,66.0,1990.0,,0.0,False,False,47.124984201616,9.492556694351,True,True,False,False,False,True,False,False,False,False,16.06
86384160,2026-10-08,2026-10-08,https://flatfox.ch/en/flat/st-jakobstrasse-16-9000-st-gallen/86384160/,APARTMENT,APARTMENT,9000,St. Gallen,St. Gallen,St. Gallen,970.0,170.0,1140.0,3.0,,1888.0,,2.0,False,False,47.428948201613,9.378486694357,False,False,False,False,False,False,True,False,False,False,
86383567,2026-10-08,2026-10-08,https://flatfox.ch/en/flat/kugelgasse-4-9000-st-gallen/86383567/,APARTMENT,APARTMENT,9000,St. Gallen,St. Gallen,St. Gallen,,180.0,1690.0,2.5,72.0,,,4.0,False,False,47.425556201613,9.377305694356,False,True,True,True,True,False,False,False,False,False,
86383430,2026-10-08,2026-10-08,https://flatfox.ch/en/flat/hochhaus-2-gruenau-9630-wattwil/86383430/,APARTMENT,APARTMENT,9630,Wattwil,Mosnang,Toggenburg,,250.0,1745.0,4.0,90.0,,,5.0,False,False,47.305784201611,9.083613694354,True,True,True,True,True,True,True,True,False,False,
86383152,2026-10-08,2026-10-08,https://flatfox.ch/en/flat/auf-anfrage-9620-lichtensteig/86383152/,APARTMENT,ROOF_FLAT,9620,Lichtensteig,Neckertal,Toggenburg,1590.0,100.0,1690.0,2.5,90.0,,2026.0,3.0,False,False,47.323900201614,9.087684696353,False,False,False,False,False,False,False,False,False,False,17.67
86383143,2026-10-08,2026-10-08,https://flatfox.ch/en/flat/auf-anfrage-9620-lichtensteig/86383143/,APARTMENT,APARTMENT,9620,Lichtensteig,Neckertal,Toggenburg,1490.0,100.0,1590.0,3.5,85.0,,2026.0,1.0,False,False,47.323900201614,9.087684696353,False,False,False,False,False,False,False,False,False,False,17.53
86383107,2026-10-08,2026-10-08,https://flatfox.ch/en/flat/auf-anfrage-8718-schanis/86383107/,APARTMENT,APARTMENT,8718,Schänis,Schänis,See-Gaster,2800.0,,,4.0,110.0,,,,False,False,47.158234201616,9.072894694351,True,False,False,False,False,False,False,False,False,False,25.45
86383102,2026-10-08,2026-10-08,https://flatfox.ch/en/flat/auf-anfrage-8630-ruti-zh/86383102/,APARTMENT,LOFT,8630,Rüti ZH,Rapperswil-Jona,See-Gaster,5470.0,500.0,5970.0,4.5,322.0,,,,False,False,47.258084201616,8.866455694355,True,False,False,False,False,False,False,False,False,False,16.99
86383072,2026-10-08,2026-10-08,https://flatfox.ch/en/flat/auf-anfrage-9304-bernhardzell/86383072/,APARTMENT,DUPLEX,9304,Bernhardzell,Waldkirch,St. Gallen,1700.0,250.0,1950.0,3.5,90.0,,,,False,False,47.471914201611,9.336503694351,True,False,False,False,False,False,True,False,False,False,18.89
86383035,2026-10-08,2026-10-08,https://flatfox.ch/en/flat/hochwacht-c-9552-wil/86383035/,APARTMENT,APARTMENT,9552,Wil,Wil (SG),Wil,1650.0,190.0,1840.0,3.5,70.0,,,2.0,False,False,47.477064201616,9.037663694355,True,False,False,False,False,True,False,False,False,False,23.57
86382748,2026-10-08,2026-10-08,https://flatfox.ch/en/flat/rorschacherstrasse-183-9000-st-gallen/86382748/,APARTMENT,APARTMENT,9000,St. Gallen,St. Gallen,St. Gallen,,,1050.0,2.5,,,,4.0,False,False,47.433017201619,9.398568690351,False,True,False,False,True,False,False,False,False,False,
86382675,2026-10-08,2026-10-08,https://flatfox.ch/en/flat/9478-azmoos/86382675/,APARTMENT,APARTMENT,9478,Azmoos,Wartau,Werdenberg,,320.0,2010.0,4.5,140.0,2011.0,,1.0,False,False,47.080314201611,9.477339699356,True,True,True,True,True,True,True,True,True,False,
86382253,2026-10-08,2026-10-08,https://flatfox.ch/en/flat/rheinstr-53-7320-sargans/86382253/,APARTMENT,APARTMENT,7320,Sargans,Wartau,Werdenberg,1290.0,200.0,1490.0,2.5,68.0,2012.0,,1.0,False,False,47.051580201611,9.447235694351,False,True,False,False,False,False,True,True,False,True,18.97
86381821,2026-10-08,2026-10-08,https://flatfox.ch/en/flat/schutzenwiesweg-1-9240-uzwil/86381821/,APARTMENT,APARTMENT,9240,Uzwil,Oberuzwil,Wil,1450.0,140.0,1590.0,2.5,52.0,2024.0,,4.0,False,False,47.435665201614,9.137159697357,True,True,True,False,True,True,True,True,False,False,27.88
86381597,2026-10-08,2026-10-08,https://flatfox.ch/en/flat/9436-balgach/86381597/,APARTMENT,APARTMENT,9436,Balgach,Balgach,Rheintal,,,1530.0,4.5,,,,,False,False,47.405494201614,9.604284698358,True,False,False,False,False,True,True,False,False,False,
86381344,2026-10-08,2026-10-08,https://flatfox.ch/en/flat/burghalden-8-9100-herisau/86381344/,APARTMENT,APARTMENT,9100,Herisau,Gossau (SG),St. Gallen,1310.0,280.0,1590.0,3.5,73.0,,2026.0,7.0,False,False,47.392474201614,9.274310694354,True,True,False,False,True,True,False,True,False,True,17.95
86380940,2026-10-08,2026-10-08,https://flatfox.ch/en/flat/weinfelderstrasse-124a-8580-amriswil/86380940/,APARTMENT,APARTMENT,8580,Amriswil,Muolen,St. Gallen,,30.0,1550.0,3.0,85.0,,,2.0,False,False,47.544734201617,9.273826698358,True,False,True,True,True,False,True,False,False,False,
86380458,2026-10-08,2026-10-08,https://flatfox.ch/en/flat/grabenstrasse-7-9500-wil-sg/86380458/,APARTMENT,APARTMENT,9500,Wil SG,Zuzwil (SG),Wil,1250.0,120.0,1370.0,2.5,45.0,,2022.0,0.0,False,False,47.465748201614,9.048613694351,True,True,False,False,True,False,False,False,False,True,27.78
86380151,2026-10-08,2026-10-08,https://flatfox.ch/en/flat/auf-anfrage-9500-wil-sg/86380151/,APARTMENT,ATTIC_FLAT,9500,Wil SG,Zuzwil (SG),Wil,2300.0,280.0,2580.0,4.5,130.0,,,10.0,False,False,47.460454201611,9.053085697355,True,True,False,False,False,False,False,False,False,False,17.69
86379888,2026-10-08,2026-10-08,https://flatfox.ch/en/flat/9248-bichwil/86379888/,APARTMENT,APARTMENT,9248,Bichwil,Oberuzwil,Wil,,220.0,2200.0,4.5,130.0,2016.0,,2.0,False,False,47.421024201614,9.135253694356,True,True,True,False,True,True,True,True,False,False,
86379804,2026-10-08,2026-10-08,https://flatfox.ch/en/flat/spiseggstrasse-31-9030-st-josefen/86379804/,APARTMENT,APARTMENT,9030,St. Josefen,Gaiserwald,St. Gallen,,,1690.0,5.5,90.0,,2026.0,2.0,False,False,47.424994201616,9.336174694353,True,False,True,False,True,False,True,False,False,True,
86379737,2026-10-08,2026-10-08,https://flatfox.ch/en/flat/wolfgangsrrasse-73-9014-st-gallen/86379737/,APARTMENT,APARTMENT,9014,st. Gallen,St. Gallen,St. Gallen,,,1470.0,3.5,75.0,,,2.0,True,False,47.402745201616,9.331664694351,True,False,False,False,False,True,True,True,False,True,
86379584,2026-10-08,2026-10-08,https://flatfox.ch/en/flat/demutstrasse-40-9000-st-gallen/86379584/,APARTMENT,APARTMENT,9000,St. Gallen,St. Gallen,St. Gallen,930.0,250.0,,2.5,,,2026.0,5.0,False,False,47.415824201611,9.376816693354,False,False,False,False,True,True,True,False,True,True,
86379353,2026-10-08,2026-10-08,https://flatfox.ch/en/flat/herisauerstrasse-54-9107-urnasch/86379353/,APARTMENT,APARTMENT,9107,Urnäsch,Wildhaus-Alt St. Johann,Toggenburg,,,900.0,4.0,70.0,,,,False,False,47.324725201619,9.292597695358,False,False,False,False,False,False,False,False,False,False,
86379339,2026-10-08,2026-10-08,https://flatfox.ch/en/flat/schonaustrasse-39-9000-st-gallen/86379339/,APARTMENT,SINGLE_ROOM,9000,St. Gallen,St. Gallen,St. Gallen,,,690.0,1.0,15.0,,,,False,False,47.419985201616,9.351707695351,False,False,False,False,False,False,False,False,False,False,
86379323,2026-10-08,2026-10-08,https://flatfox.ch/en/flat/wilerstrasse-78-9630-wattwil/86379323/,APARTMENT,APARTMENT,9630,Wattwil,Mosnang,Toggenburg,,,780.0,1.0,20.0,,,1.0,False,False,47.313554201611,9.084406694354,True,False,False,False,False,False,False,False,False,False,
86379283,2026-10-08,2026-10-08,https://flatfox.ch/en/flat/9000-st-gallen/86379283/,APARTMENT,FURNISHED_FLAT,9000,St. Gallen,St. Gallen,St. Gallen,,,1250.0,2.0,54.0,,,1.0,True,True,47.424514201617,9.374843694351,True,False,False,False,False,False,False,False,False,False,
86378875,2026-10-08,2026-10-08,https://flatfox.ch/en/flat/8645-jona/86378875/,APARTMENT,APARTMENT,8645,Jona,Rapperswil-Jona,See-Gaster,,,2400.0,3.0,,,,,False,False,47.230875201612,8.837060693351,False,False,False,False,False,False,False,False,False,False,
86378750,2026-10-08,2026-10-08,https://flatfox.ch/en/flat/buchenstrasse-1-9105-schonengrund/86378750/,APARTMENT,APARTMENT,9105,Schönengrund,Neckertal,Toggenburg,,,1800.0,4.5,121.0,,,,False,False,47.333238201615,9.232663694358,False,False,False,False,False,False,False,False,False,False,
86378747,2026-10-08,2026-10-08,https://flatfox.ch/en/flat/buchenstrasse-1-9105-schonengrund/86378747/,APARTMENT,APARTMENT,9105,Schönengrund,Neckertal,Toggenburg,,270.0,1800.0,4.5,121.0,,,0.0,False,False,47.333238201615,9.232663694358,True,True,True,True,True,False,True,True,False,True,
86378629,2026-10-08,2026-10-08,https://flatfox.ch/en/flat/8718-schanis/86378629/,APARTMENT,ATTIC_FLAT,8718,Schänis,Schänis,See-Gaster,2900.0,,2900.0,4.5,136.0,2026.0,,4.0,False,False,47.158214201612,9.072913694359,True,True,False,False,False,False,False,True,False,False,21.32
86377860,2026-10-08,2026-10-08,https://flatfox.ch/en/flat/ilgenstrasse-59-9000-st-gallen/86377860/,APARTMENT,APARTMENT,9000,St. Gallen,St. Gallen,St. Gallen,,170.0,1590.0,3.5,78.0,1910.0,2016.0,1.0,False,False,47.415794201618,9.356603699355,True,True,True,True,True,False,True,False,False,True,
86377391,2026-10-08,2026-10-08,https://flatfox.ch/en/flat/bergstrasse-8b-9100-herisau/86377391/,APARTMENT,APARTMENT,9100,Herisau,Gossau (SG),St. Gallen,,,1595.0,4.0,113.0,1980.0,2011.0,3.0,False,False,47.384014201611,9.279803694357,True,False,True,False,True,False,True,True,False,True,
86377155,2026-10-08,2026-10-08,https://flatfox.ch/en/flat/8718-schanis/86377155/,APARTMENT,APARTMENT,8718,Schänis,Schänis,See-Gaster,1990.0,,1990.0,3.5,100.0,2026.0,,1.0,False,False,47.158237201618,9.072965694353,True,True,False,False,False,False,False,True,False,False,19.9
86377067,2026-10-08,2026-10-08,https://flatfox.ch/en/flat/schagg-22-9014-st-gallen/86377067/,APARTMENT,APARTMENT,9014,St. Gallen,St. Gallen,St. Gallen,,,1150.0,2.5,55.0,,,,False,False,47.391074201616,9.282524694357,False,False,False,False,False,False,False,False,False,False,
86377035,2026-10-08,2026-10-08,https://flatfox.ch/en/flat/oberdorfstrasse-90-9100-herisau/86377035/,APARTMENT,APARTMENT,9100,Herisau,Gossau (SG),St. Gallen,,140.0,886.0,2.5,45.0,,,1.0,False,False,47.387003201611,9.287067693359,False,False,False,False,False,False,False,False,False,False,
86376545,2026-10-08,2026-10-08,https://flatfox.ch/en/flat/schagg-22-9100-herisau/86376545/,APARTMENT,APARTMENT,9100,Herisau,Gossau (SG),St. Gallen,1010.0,140.0,,2.5,55.0,1982.0,2026.0,1.0,False,False,47.391074201616,9.282524694357,False,False,False,False,False,True,True,False,False,False,18.36
86376222,2026-10-08,2026-10-08,https://flatfox.ch/en/flat/dufourstrasse-101-9000-st-gallen/86376222/,APARTMENT,APARTMENT,9000,St. Gallen,St. Gallen,St. Gallen,1460.0,230.0,,4.0,,,,3.0,False,False,47.424536201612,9.365315694354,True,False,False,False,True,True,False,False,False,False,
86375984,2026-10-08,2026-10-08,https://flatfox.ch/en/flat/8739-rieden/86375984/,APARTMENT,APARTMENT,8739,Rieden,Kaltbrunn,See-Gaster,,,1490.0,3.5,,,,0.0,False,False,47.231594201619,9.078029693354,True,False,True,False,True,True,True,False,False,False,
86373343,2026-10-08,2026-10-08,https://flatfox.ch/en/flat/benslistrasse-2-9034-eggersriet/86373343/,APARTMENT,APARTMENT,9034,Eggersriet,Untereggen,Rorschach,,,1440.0,2.5,80.0,,,,False,False,47.441884201611,9.463845694357,False,False,False,False,False,False,False,False,False,False,
86373303,2026-10-08,2026-10-08,https://flatfox.ch/en/flat/neckertalstrasse-18-9608-ganterschwil/86373303/,APARTMENT,APARTMENT,9608,Ganterschwil,Bütschwil-Ganterschwil,Toggenburg,1560.0,170.0,,3.5,91.0,,,2.0,False,False,47.381775201613,9.094460694356,True,True,False,False,True,False,True,True,False,False,17.14
86373035,2026-10-08,2026-10-08,https://flatfox.ch/en/flat/9000-st-gallen/86373035/,APARTMENT,APARTMENT,9000,St. Gallen,St. Gallen,St. Gallen,,,840.0,1.5,26.0,1980.0,2021.0,1.0,True,True,47.424604201611,9.374929695353,False,False,True,True,False,False,False,False,False,False,
86373025,2026-10-08,2026-10-08,https://flatfox.ch/en/flat/9230-flawil/86373025/,APARTMENT,APARTMENT,9230,Flawil,Oberuzwil,Wil,,,950.0,2.0,35.0,,,,False,False,47.410357201611,9.184810694351,False,False,False,False,False,False,False,False,False,False,
86372841,2026-10-08,2026-10-08,https://flatfox.ch/en/flat/othmarstrasse-20-9500-wil/86372841/,APARTMENT,APARTMENT,9500,Wil,Zuzwil (SG),Wil,1700.0,370.0,2070.0,4.5,101.0,,,1.0,False,False,47.463577201614,9.031944695358,False,False,False,False,False,False,False,False,False,False,16.83
86372552,2026-10-08,2026-10-08,https://flatfox.ch/en/flat/nordstrasse-20a-9450-altstatten/86372552/,APARTMENT,APARTMENT,9450,Altstätten,Altstätten,Rheintal,1155.0,240.0,,4.5,,,,0.0,False,False,47.380334201611,9.552166698356,True,False,False,False,False,True,True,True,False,False,
86372361,2026-10-08,2026-10-08,https://flatfox.ch/en/flat/grabenstrasse-7-9220-bischofszell/86372361/,APARTMENT,ROOF_FLAT,9220,Bischofszell,Muolen,St. Gallen,1210.0,80.0,1290.0,2.5,43.0,,2023.0,1.0,False,False,47.496345201616,9.240767696351,False,False,True,False,True,False,True,False,False,True,28.14
86372310,2026-10-08,2026-10-08,https://flatfox.ch/en/flat/ibergstrasse-4-9220-bischofszell/86372310/,APARTMENT,APARTMENT,9220,Bischofszell,Muolen,St. Gallen,1230.0,160.0,1390.0,2.5,51.0,2023.0,,1.0,False,False,47.498758201611,9.239974693356,True,True,True,False,True,False,True,False,False,True,24.12
86372307,2026-10-08,2026-10-08,https://flatfox.ch/en/flat/moosstrasse-22-8630-ruti/86372307/,APARTMENT,APARTMENT,8630,Rüti,Rapperswil-Jona,See-Gaster,,,1930.0,4.0,,,,,False,False,47.254009201617,8.855825694357,False,False,False,False,False,False,False,False,False,False,
86372305,2026-10-08,2026-10-08,https://flatfox.ch/en/flat/hauptstrasse-40-9323-steinach/86372305/,APARTMENT,APARTMENT,9323,Steinach,Steinach,Rorschach,,190.0,1570.0,3.0,66.0,,2022.0,2.0,False,False,47.503044201613,9.440343694354,True,False,True,True,True,True,True,True,False,True,
86372291,2026-10-08,2026-10-08,https://flatfox.ch/en/flat/lindenstrasse-4-9204-andwil-sg/86372291/,APARTMENT,APARTMENT,9204,Andwil SG,Andwil (SG),St. Gallen,1600.0,280.0,,4.5,106.0,1997.0,2019.0,0.0,False,False,47.439644201611,9.271533694351,True,True,True,True,True,False,True,True,False,True,15.09
86372184,2026-10-08,2026-10-08,https://flatfox.ch/en/flat/nordstrasse-16-9220-bischofszell/86372184/,APARTMENT,APARTMENT,9220,Bischofszell,Muolen,St. Gallen,,220.0,1140.0,4.0,72.0,,,3.0,False,False,47.498877201619,9.238394695358,False,False,False,False,False,False,True,False,False,True,
86372080,2026-10-08,2026-10-08,https://flatfox.ch/en/flat/simonstrasse-7-9400-rorschach/86372080/,APARTMENT,APARTMENT,9400,Rorschach,Rorschach,Rorschach,1170.0,120.0,,2.5,55.0,,2023.0,1.0,False,False,47.476564201611,9.497564694353,True,False,True,True,True,True,True,False,False,True,21.27
86372078,2026-10-08,2026-10-08,https://flatfox.ch/en/flat/sankt-gallerstrasse-90-9403-goldach/86372078/,APARTMENT,APARTMENT,9403,Goldach,Rorschacherberg,Rorschach,1230.0,260.0,,3.5,95.0,,,0.0,False,False,47.478394201616,9.466599694351,True,False,True,True,True,False,True,False,False,False,12.95
86372062,2026-10-08,2026-10-08,https://flatfox.ch/en/flat/erlenbach-1-9100-herisau/86372062/,APARTMENT,APARTMENT,9100,Herisau,Gossau (SG),St. Gallen,1105.0,150.0,1255.0,3.5,69.0,,,3.0,False,False,47.382370201616,9.286795698354,True,False,False,False,True,False,True,False,False,False,16.01
86371980,2026-10-08,2026-10-08,https://flatfox.ch/en/flat/linsebuhlstrasse-94-9000-st-gallen/86371980/,APARTMENT,APARTMENT,9000,St. Gallen,St. Gallen,St. Gallen,1300.0,150.0,1450.0,3.5,66.0,1998.0,2015.0,3.0,False,False,47.425560201614,9.384996699353,True,False,False,False,False,False,True,True,False,True,19.7
86371820,2026-10-08,2026-10-08,https://flatfox.ch/en/flat/lindenstrasse-4-9204-andwil-sg/86371820/,APARTMENT,APARTMENT,9204,Andwil SG,Andwil (SG),St. Gallen,,175.0,1090.0,2.5,52.0,1997.0,2023.0,1.0,False,False,47.439644201611,9.271533694351,True,True,False,False,True,False,True,False,False,True,
86371596,2026-10-08,2026-10-08,https://flatfox.ch/en/flat/falkensteinstrasse-76-9000-st-gallen/86371596/,APARTMENT,APARTMENT,9000,St. Gallen,St. Gallen,St. Gallen,1480.0,270.0,1750.0,3.5,76.0,,2019.0,3.0,False,False,47.431485201611,9.399097699357,True,True,False,False,False,False,False,False,False,False,19.47
86371266,2026-10-08,2026-10-08,https://flatfox.ch/en/flat/oberebuschenstrasse-8-9000-st-gallen/86371266/,APARTMENT,APARTMENT,9000,St. Gallen,St. Gallen,St. Gallen,,155.0,1999.0,2.5,,,,5.0,True,False,47.424749201615,9.380166694358,True,True,True,True,True,True,False,False,False,False,
86371023,2026-10-08,2026-10-08,https://flatfox.ch/en/flat/thalisstrasse-8-9469-haag/86371023/,APARTMENT,APARTMENT,9469,Haag,Buchs (SG),Werdenberg,1636.0,501.0,2137.0,4.5,111.0,,,2.0,False,False,47.215144201615,9.493690694355,False,False,False,False,False,False,False,False,False,False,14.74
86371000,2026-10-08,2026-10-08,https://flatfox.ch/en/flat/bahnhofstrasse-15-9615-dietfurt/86371000/,APARTMENT,APARTMENT,9615,Dietfurt,Bütschwil-Ganterschwil,Toggenburg,1400.0,180.0,,2.0,61.0,2026.0,,0.0,False,False,47.344584201611,9.078455696357,True,False,True,False,True,False,True,False,False,False,22.95
86370944,2026-10-08,2026-10-08,https://flatfox.ch/en/flat/burgstrasse-80b-9000-st-gallen/86370944/,APARTMENT,APARTMENT,9000,St. Gallen,St. Gallen,St. Gallen,,,2240.0,1.5,140.0,2022.0,,1.0,False,False,47.417214201617,9.356386694356,True,False,True,True,True,True,False,False,False,True,
86370445,2026-10-08,2026-10-08,https://flatfox.ch/en/flat/ratenbergstrasse-6-9533-kirchberg/86370445/,APARTMENT,APARTMENT,9533,Kirchberg,Kirchberg (SG),Toggenburg,,150.0,1150.0,3.5,65.0,,2019.0,2.0,False,False,47.412570201616,9.040504694351,False,False,True,True,True,True,False,False,False,True,
86369356,2026-10-08,2026-10-08,https://flatfox.ch/en/flat/treuackerstrasse-31-9000-st-gallen/86369356/,APARTMENT,APARTMENT,9000,St. Gallen,St. Gallen,St. Gallen,970.0,190.0,1160.0,2.0,40.0,,,2.0,False,False,47.415340201616,9.363290694353,True,False,False,False,False,True,False,False,False,False,24.25
86369040,2026-10-08,2026-10-08,https://flatfox.ch/en/flat/feldbachstrasse-4-9000-st-gallen/86369040/,APARTMENT,APARTMENT,9000,St. Gallen,St. Gallen,St. Gallen,1250.0,180.0,,2.5,65.0,,,5.0,False,False,47.421194201612,9.355524694355,False,True,False,False,True,False,False,False,False,False,19.23
86368979,2026-10-08,2026-10-08,https://flatfox.ch/en/flat/friedbergstrasse-9-9240-uzwil/86368979/,APARTMENT,DUPLEX,9240,Uzwil,Oberuzwil,Wil,1200.0,200.0,1400.0,3.5,72.0,1959.0,,2.0,False,False,47.439365201618,9.130110696353,False,False,False,False,False,False,False,False,False,False,16.67
86368817,2026-10-08,2026-10-08,https://flatfox.ch/en/flat/hauptstrasse-75-9113-degersheim/86368817/,APARTMENT,APARTMENT,9113,Degersheim,Flawil,Wil,,190.0,1180.0,3.5,,,,1.0,False,False,47.373037201612,9.197228694355,True,False,False,False,True,True,True,False,True,True,
86368569,2026-10-08,2026-10-08,https://flatfox.ch/en/flat/schwalbenstrasse-10-9000-st-gallen/86368569/,APARTMENT,APARTMENT,9000,St. Gallen,St. Gallen,St. Gallen,1160.0,130.0,1290.0,2.0,41.0,1902.0,,2.0,False,False,47.427044201611,9.383935694355,False,False,False,False,False,True,True,True,False,True,28.29
86367411,2026-10-08,2026-10-08,https://flatfox.ch/en/flat/adolf-gaudy-weg-2b-9400-rorschach/86367411/,APARTMENT,APARTMENT,9400,Rorschach,Rorschach,Rorschach,1340.0,150.0,1490.0,2.5,63.0,,,2.0,False,False,47.474644201619,9.483596694356,False,False,False,False,False,False,False,False,False,False,21.27
86367390,2026-10-08,2026-10-08,https://flatfox.ch/en/flat/turnerstr-34-9000-st-gallen/86367390/,APARTMENT,APARTMENT,9000,St. Gallen,St. Gallen,St. Gallen,1880.0,280.0,2160.0,4.5,117.0,2006.0,,3.0,False,False,47.418388201611,9.354644694352,True,True,False,False,False,False,False,True,False,True,16.07
86367152,2026-10-08,2026-10-08,https://flatfox.ch/en/flat/auf-anfrage-9479-oberschan/86367152/,HOUSE,SINGLE_HOUSE,9479,Oberschan,Wartau,Werdenberg,2150.0,350.0,2500.0,4.5,194.0,,1992.0,,False,False,47.099295201619,9.475174699357,False,False,False,False,False,False,True,True,False,False,11.08
86367146,2026-10-08,2026-10-08,https://flatfox.ch/en/flat/auf-anfrage-9220-bischofszell/86367146/,APARTMENT,TERRACE_FLAT,9220,Bischofszell,Muolen,St. Gallen,2300.0,200.0,2500.0,3.5,120.0,,2026.0,1.0,False,False,47.496334201611,9.253036690352,True,False,False,False,False,False,True,False,False,False,19.17
86366919,2026-10-08,2026-10-08,https://flatfox.ch/en/flat/9400-rorschach/86366919/,APARTMENT,APARTMENT,9400,Rorschach,Rorschach,Rorschach,780.0,110.0,,1.0,41.0,,,4.0,False,False,47.478834201612,9.491707694354,False,False,True,True,True,True,False,False,False,False,19.02
86366905,2026-10-08,2026-10-08,https://flatfox.ch/en/flat/9000-stgallen/86366905/,APARTMENT,APARTMENT,9000,St.Gallen,St. Gallen,St. Gallen,,,1862.0,4.0,,,,4.0,True,True,47.424584201619,9.374845694352,True,False,True,True,False,True,False,False,False,False,
86366741,2026-10-08,2026-10-08,https://flatfox.ch/en/flat/9000-st-gallen/86366741/,APARTMENT,APARTMENT,9000,St. Gallen,St. Gallen,St. Gallen,1040.0,,,3.0,65.0,,,,True,False,47.424534201614,9.374896694357,False,False,False,False,False,False,False,False,False,False,16.0
86366627,2026-10-08,2026-10-08,https://flatfox.ch/en/flat/8897-flumserberg-tannenheim/86366627/,APARTMENT,APARTMENT,8897,Flumserberg Tannenheim,Flums,Sarganserland,2000.0,,,4.5,100.0,,,,True,False,47.088104201611,9.305103695353,True,False,True,True,True,True,True,False,False,False,20.0
86366592,2026-10-08,2026-10-08,https://flatfox.ch/en/flat/7323-wangs/86366592/,APARTMENT,APARTMENT,7323,Wangs,Vilters-Wangs,Sarganserland,,250.0,2140.0,5.5,,,,1.0,False,False,47.012458201613,9.416653693356,True,False,False,False,False,True,True,True,True,False,
86366388,2026-10-08,2026-10-08,https://flatfox.ch/en/flat/9230-flawil/86366388/,APARTMENT,SINGLE_ROOM,9230,Flawil,Oberuzwil,Wil,,,550.0,1.0,20.0,,,,False,False,47.410374201611,9.184903694351,False,False,False,False,False,False,False,False,False,False,
86366384,2026-10-08,2026-10-08,https://flatfox.ch/en/flat/untere-wiesenstrasse-3-9650-nesslau/86366384/,APARTMENT,APARTMENT,9650,Nesslau,Nesslau,Toggenburg,,,1530.0,3.0,80.0,,,,False,False,47.226684201614,9.199339694357,False,False,False,False,False,False,False,False,False,False,
86366289,2026-10-08,2026-10-08,https://flatfox.ch/en/flat/pestalozzistrasse-12-9500-wil-sg/86366289/,APARTMENT,APARTMENT,9500,Wil SG,Zuzwil (SG),Wil,1220.0,100.0,1320.0,2.5,43.0,1940.0,2020.0,0.0,False,False,47.464294201619,9.040799694358,False,False,False,False,False,False,False,False,False,False,28.37
86366029,2026-10-08,2026-10-08,https://flatfox.ch/en/flat/dianastrasse-4-8580-amriswil/86366029/,APARTMENT,APARTMENT,8580,Amriswil,Muolen,St. Gallen,3400.0,300.0,,4.5,158.0,2024.0,,4.0,False,False,47.549384201619,9.301718694355,True,True,True,True,True,True,False,True,False,False,21.52
86365937,2026-10-08,2026-10-08,https://flatfox.ch/en/flat/wilenstrasse-4-9500-wil-sg/86365937/,APARTMENT,APARTMENT,9500,Wil SG,Zuzwil (SG),Wil,,,1350.0,1.0,,,,,False,False,47.461156201618,9.041057694358,False,False,False,False,False,False,False,False,False,False,
86365344,2026-10-08,2026-10-08,https://flatfox.ch/en/flat/falkensteinstr-15-9000-st-gallen/86365344/,APARTMENT,APARTMENT,9000,St. Gallen,St. Gallen,St. Gallen,1470.0,160.0,1630.0,3.5,68.0,2024.0,2024.0,0.0,False,False,47.430296201611,9.392543699351,False,False,False,False,False,False,False,False,False,False,21.62
86365237,2026-10-08,2026-10-08,https://flatfox.ch/en/flat/9230-flawil/86365237/,APARTMENT,APARTMENT,9230,Flawil,Oberuzwil,Wil,,,590.0,1.0,,,,,False,False,47.410390201618,9.184804694353,False,False,False,False,False,False,False,False,False,False,
86365170,2026-10-08,2026-10-08,https://flatfox.ch/en/flat/bongert-1-9467-sennwald/86365170/,APARTMENT,APARTMENT,9467,Sennwald,Sennwald,Werdenberg,700.0,105.0,805.0,1.5,36.0,,,1.0,False,False,47.245034201618,9.473080694351,True,False,False,False,False,True,False,False,False,False,19.44
86365168,2026-10-08,2026-10-08,https://flatfox.ch/en/flat/lerchenstrasse-38-9200-gossau/86365168/,APARTMENT,APARTMENT,9200,Gossau,Gossau (SG),St. Gallen,1700.0,250.0,,4.5,105.0,1987.0,2026.0,0.0,False,False,47.416149201615,9.264639694354,False,False,True,True,True,False,False,False,False,True,16.19
86364646,2026-10-08,2026-10-08,https://flatfox.ch/en/flat/sternackerstrasse-7-9000-st-gallen/86364646/,APARTMENT,DUPLEX,9000,St. Gallen,St. Gallen,St. Gallen,2260.0,340.0,2600.0,5.5,128.0,,,3.0,False,False,47.426108201618,9.383779694354,True,True,False,False,False,False,False,False,False,False,17.66
86363979,2026-10-08,2026-10-08,https://flatfox.ch/en/flat/auf-anfrage-9000-st-gallen/86363979/,APARTMENT,DUPLEX,9000,St. Gallen,St. Gallen,St. Gallen,1700.0,260.0,1960.0,4.5,100.0,,2025.0,,False,False,47.424565201619,9.374898694352,True,False,False,False,False,False,True,False,False,False,17.0
86363728,2026-10-08,2026-10-08,https://flatfox.ch/en/flat/bachwisstrasse-2-9100-herisau/86363728/,APARTMENT,APARTMENT,9100,Herisau,Gossau (SG),St. Gallen,,,1890.0,5.5,100.0,,,,False,False,47.392867201617,9.268688693353,False,False,False,False,False,False,False,False,False,False,
86363701,2026-10-08,2026-10-08,https://flatfox.ch/en/flat/9242-oberuzwil/86363701/,APARTMENT,APARTMENT,9242,Oberuzwil,Oberuzwil,Wil,,,1900.0,3.5,95.0,,,0.0,False,False,47.428003201615,9.119745694354,True,True,True,True,True,False,True,True,False,True,
86363523,2026-10-08,2026-10-08,https://flatfox.ch/en/flat/bachstrasse-10-8580-amriswil/86363523/,APARTMENT,APARTMENT,8580,Amriswil,Muolen,St. Gallen,1270.0,170.0,,4.5,70.0,,,1.0,False,False,47.545816201611,9.304456690358,True,False,False,False,True,False,True,False,False,True,18.14
86363515,2026-10-08,2026-10-08,https://flatfox.ch/en/flat/schillerstrasse-2-9000-st-gallen/86363515/,APARTMENT,APARTMENT,9000,St. Gallen,St. Gallen,St. Gallen,,,1450.0,3.5,130.0,,,5.0,False,False,47.417957201616,9.357745694351,False,False,False,False,True,True,True,False,True,False,
86363341,2026-10-08,2026-10-08,https://flatfox.ch/en/flat/ruhsitzstrasse-31-9000-st-gallen/86363341/,APARTMENT,APARTMENT,9000,St. Gallen,St. Gallen,St. Gallen,,100.0,1250.0,2.5,36.0,,,1.0,False,False,47.412267201615,9.353527697351,True,False,True,True,True,True,True,False,False,False,
86362642,2026-10-08,2026-10-08,https://flatfox.ch/en/flat/schlosslistrasse-11-9000-st-gallen/86362642/,APARTMENT,APARTMENT,9000,St. Gallen,St. Gallen,St. Gallen,,,1700.0,4.0,98.0,1908.0,2016.0,0.0,False,False,47.432395201613,9.392047697351,False,False,False,False,True,False,False,False,False,False,
86362366,2026-10-08,2026-10-08,https://flatfox.ch/en/flat/wilerstrasse-125-9230-flawil/86362366/,APARTMENT,APARTMENT,9230,Flawil,Oberuzwil,Wil,,,1500.0,3.5,,,,-2.0,True,False,47.415664201611,9.179129694351,True,False,True,False,True,False,True,False,True,False,
86362276,2026-10-08,2026-10-08,https://flatfox.ch/en/flat/hauptstrasse-18a-8376-au-tg/86362276/,APARTMENT,APARTMENT,8376,Au TG,Kirchberg (SG),Toggenburg,,,2490.0,4.0,142.0,,,,False,False,47.416254201614,8.968847690351,False,False,False,False,False,False,False,False,False,False,
86362268,2026-10-08,2026-10-08,https://flatfox.ch/en/flat/wilenstrasse-7-9532-rickenbach-b-wil/86362268/,HOUSE,SINGLE_HOUSE,9532,Rickenbach b. Wil,Kirchberg (SG),Toggenburg,2350.0,,2350.0,,,,,,False,False,47.449564201613,9.048693694351,True,False,False,False,False,False,True,False,False,False,
86362119,2026-10-08,2026-10-08,https://flatfox.ch/en/flat/herisauerstrasse-54-9107-urnasch/86362119/,APARTMENT,APARTMENT,9107,Urnäsch,Wildhaus-Alt St. Johann,Toggenburg,,,1250.0,4.5,70.0,,,,False,False,47.324725201619,9.292597695358,False,False,False,False,False,False,False,False,False,False,
86362034,2026-10-08,2026-10-08,https://flatfox.ch/en/flat/waldaustrasse-2-9000-st-gallen/86362034/,APARTMENT,APARTMENT,9000,St. Gallen,St. Gallen,St. Gallen,1290.0,200.0,1490.0,3.5,72.0,1911.0,2009.0,0.0,False,False,47.420294201613,9.352993694354,False,True,False,False,False,False,False,False,False,False,17.92
86361841,2026-10-08,2026-10-08,https://flatfox.ch/en/flat/unterstrasse-5-9403-goldach/86361841/,APARTMENT,APARTMENT,9403,Goldach,Rorschacherberg,Rorschach,,,2290.0,4.0,85.0,,,0.0,False,False,47.476504201611,9.468837695351,True,False,False,False,False,True,True,True,False,False,
86361705,2026-10-08,2026-10-08,https://flatfox.ch/en/flat/rosenbergstrasse-79-9000-st-gallen/86361705/,APARTMENT,APARTMENT,9000,St. Gallen,St. Gallen,St. Gallen,,150.0,1399.0,2.5,55.0,,,4.0,False,False,47.422645201613,9.366038695356,False,False,False,False,True,True,False,False,False,False,
86361454,2026-10-08,2026-10-08,https://flatfox.ch/en/flat/guschastr-11-9475-sevelen/86361454/,APARTMENT,APARTMENT,9475,Sevelen,Sevelen,Werdenberg,1290.0,200.0,1490.0,3.5,84.0,1990.0,,2.0,False,False,47.124984201616,9.492556694351,True,True,False,False,False,True,False,False,False,False,15.36
86360851,2026-10-08,2026-10-08,https://flatfox.ch/en/flat/hoflistrasse-3-9125-brunnadern/86360851/,APARTMENT,APARTMENT,9125,Brunnadern,Neckertal,Toggenburg,,,1660.0,4.0,,,,,False,False,47.322614201616,9.141074694356,False,False,False,False,False,False,False,False,False,False,
86360392,2026-10-08,2026-10-08,https://flatfox.ch/en/flat/haldenstrasse-13-9000-st-gallen/86360392/,APARTMENT,APARTMENT,9000,St. Gallen,St. Gallen,St. Gallen,750.0,,,3.0,,,,3.0,True,True,47.419924201613,9.372070694352,False,False,True,False,False,False,False,False,True,False,
86360268,2026-10-08,2026-10-08,https://flatfox.ch/en/flat/9425-thal/86360268/,APARTMENT,APARTMENT,9425,Thal,Thal,Rorschach,,170.0,1660.0,4.0,,,2024.0,2.0,False,False,47.479984201612,9.570387694354,True,False,True,True,True,True,False,False,False,False,
86360111,2026-10-08,2026-10-08,https://flatfox.ch/en/flat/9630-wattwil/86360111/,APARTMENT,APARTMENT,9630,Wattwil,Mosnang,Toggenburg,870.0,80.0,,1.5,47.0,,,2.0,False,False,47.290154201617,9.084653694358,False,False,True,False,True,True,False,False,False,True,18.51
86359881,2026-10-08,2026-10-08,https://flatfox.ch/en/flat/kirchweg-3-9524-zuzwil/86359881/,APARTMENT,APARTMENT,9524,Zuzwil,Zuzwil (SG),Wil,,0.0,2250.0,3.5,130.0,2013.0,,2.0,False,False,47.474975201612,9.110713694359,True,True,True,True,True,True,True,True,False,False,
86359842,2026-10-08,2026-10-08,https://flatfox.ch/en/flat/hechtackerstrasse-18d-9014-stgallen/86359842/,HOUSE,SINGLE_HOUSE,9014,St.Gallen,St. Gallen,St. Gallen,,140.0,2320.0,4.5,98.0,1998.0,,,False,False,47.408533201619,9.340844694357,True,False,True,True,True,True,True,False,False,True,
86359756,2026-10-08,2026-10-08,https://flatfox.ch/en/flat/auf-anfrage-9500-wil-sg-2-facher/86359756/,HOUSE,ROW_HOUSE,9500,Wil SG 2 Fächer,Zuzwil (SG),Wil,2750.0,,,4.5,86.0,,2022.0,,False,False,47.460454201611,9.053085697355,False,False,False,False,False,False,True,False,False,False,31.98
86359736,2026-10-08,2026-10-08,https://flatfox.ch/en/flat/sagen-1544-9230-flawil/86359736/,APARTMENT,APARTMENT,9230,Flawil,Oberuzwil,Wil,,,1550.0,5.5,125.0,,,,False,False,47.401104201616,9.200199694357,False,False,False,False,False,False,False,False,False,False,
86359498,2026-10-08,2026-10-08,https://flatfox.ch/en/flat/schwalbenstrasse-10-9000-st-gallen/86359498/,APARTMENT,APARTMENT,9000,St. Gallen,St. Gallen,St. Gallen,1160.0,130.0,,2.0,41.0,,,2.0,False,False,47.427044201611,9.383935694355,False,False,True,True,True,False,False,False,False,False,28.29
86359336,2026-10-08,2026-10-08,https://flatfox.ch/en/flat/iddastrasse-19-9008-st-gallen/86359336/,APARTMENT,APARTMENT,9008,St. Gallen,St. Gallen,St. Gallen,1150.0,200.0,,4.0,80.0,,,3.0,False,False,47.436684201614,9.386495694351,True,False,False,False,True,True,False,True,False,True,14.38
86359184,2026-10-08,2026-10-08,https://flatfox.ch/en/flat/moosstrasse-39-9658-wildhaus/86359184/,APARTMENT,APARTMENT,9658,Wildhaus,Grabs,Werdenberg,,,1530.0,2.5,37.0,,,,False,False,47.204364201611,9.329297694358,False,False,False,False,False,False,False,False,False,False,
86359135,2026-10-08,2026-10-08,https://flatfox.ch/en/flat/8718-schanis/86359135/,APARTMENT,APARTMENT,8718,Schänis,Schänis,See-Gaster,,,1400.0,2.5,,,,0.0,False,False,47.158178201614,9.072884694355,False,False,True,True,True,False,True,True,False,False,
86358889,2026-10-08,2026-10-08,https://flatfox.ch/en/flat/nordstrasse-20a-9450-altstatten-sg/86358889/,APARTMENT,APARTMENT,9450,Altstätten SG,Altstätten,Rheintal,1175.0,220.0,,4.5,75.0,,,1.0,False,False,47.380334201611,9.552166698356,True,False,True,True,True,True,True,True,False,True,15.67
86358571,2026-10-08,2026-10-08,https://flatfox.ch/en/flat/reitbahnstrasse-10-9400-rorschach/86358571/,APARTMENT,APARTMENT,9400,Rorschach,Rorschach,Rorschach,2000.0,150.0,,2.5,45.0,2025.0,,0.0,True,False,47.478214201614,9.488026694357,True,True,True,True,True,True,True,True,False,False,44.44
86358564,2026-10-08,2026-10-08,https://flatfox.ch/en/flat/gerberstrasse-2e-9436-balgach/86358564/,APARTMENT,APARTMENT,9436,Balgach,Balgach,Rheintal,,,1957.0,4.5,115.0,,,2.0,False,False,47.405464201613,9.604224694355,True,True,False,False,True,True,True,True,False,True,
86357922,2026-10-08,2026-10-08,https://flatfox.ch/en/flat/waldaustrasse-7-9000-st-gallen/86357922/,APARTMENT,ROOF_FLAT,9000,St. Gallen,St. Gallen,St. Gallen,900.0,90.0,990.0,1.5,27.0,1918.0,2026.0,5.0,False,False,47.419954201618,9.352965694358,False,False,True,False,True,False,False,False,False,False,33.33
86357687,2026-10-08,2026-10-08,https://flatfox.ch/en/flat/harfenbergstrasse-29-9000-st-gallen/86357687/,APARTMENT,APARTMENT,9000,St. Gallen,St. Gallen,St. Gallen,,160.0,1530.0,3.5,70.0,,2023.0,2.0,False,False,47.423244201617,9.380487693359,False,False,False,False,True,True,False,False,False,False,
86357155,2026-10-08,2026-10-08,https://flatfox.ch/en/flat/rickenstrasse-6-8732-neuhaus/86357155/,APARTMENT,APARTMENT,8732,Neuhaus,Eschenbach (SG),See-Gaster,,,1101.0,2.5,80.0,,,0.0,False,False,47.243010201615,8.946454690354,True,True,True,True,True,False,False,True,False,True,
86356939,2026-10-08,2026-10-08,https://flatfox.ch/en/flat/jagerstrasse-7-9200-gossau-sg/86356939/,APARTMENT,APARTMENT,9200,Gossau SG,Gossau (SG),St. Gallen,1760.0,255.0,2015.0,4.5,85.0,1980.0,2017.0,1.0,False,False,47.413873201613,9.261666694351,True,True,False,False,False,True,True,True,False,True,20.71
86356837,2026-10-08,2026-10-08,https://flatfox.ch/en/flat/eichbergerstrasse-9-9450-altstatten/86356837/,APARTMENT,APARTMENT,9450,Altstätten,Altstätten,Rheintal,880.0,160.0,1040.0,2.5,,,,3.0,False,False,47.372894201611,9.548244694356,True,False,False,False,True,True,True,False,False,False,
86356798,2026-10-08,2026-10-08,https://flatfox.ch/en/flat/im-zentrum-3b-9300-wittenbach/86356798/,APARTMENT,STUDIO,9300,Wittenbach,Berg (SG),Rorschach,885.0,80.0,965.0,1.0,53.0,2008.0,,0.0,False,False,47.460224201617,9.387034698351,False,True,False,False,False,False,True,True,False,True,16.7
86356797,2026-10-08,2026-10-08,https://flatfox.ch/en/flat/nollenhornstr-14-9434-au-sg/86356797/,APARTMENT,APARTMENT,9434,Au SG,Berneck,Rheintal,1760.0,250.0,2010.0,4.5,110.0,2009.0,,1.0,False,False,47.431504201611,9.636244693359,True,True,False,False,False,False,True,True,False,False,16.0
86356442,2026-10-08,2026-10-08,https://flatfox.ch/en/flat/8640-rapperswil-sg/86356442/,APARTMENT,TERRACE_FLAT,8640,Rapperswil SG,Rapperswil-Jona,See-Gaster,3500.0,,3500.0,3.5,120.0,,,1.0,False,False,47.228023201611,8.825637694351,False,True,True,True,False,True,True,True,False,False,29.17
86356281,2026-10-08,2026-10-08,https://flatfox.ch/en/flat/widnauerstrasse-2-9435-heerbrugg/86356281/,APARTMENT,APARTMENT,9435,Heerbrugg,Balgach,Rheintal,1260.0,160.0,1420.0,2.5,67.0,2016.0,,0.0,False,False,47.409084201619,9.625878695359,False,True,False,False,False,False,False,True,False,False,18.81
86355360,2026-10-08,2026-10-08,https://flatfox.ch/en/flat/obere-bahnhofstrasse-11a-9500-wil/86355360/,APARTMENT,APARTMENT,9500,Wil,Zuzwil (SG),Wil,,,1350.0,2.5,84.0,,,2.0,False,False,47.463354201612,9.042999695357,False,False,False,False,True,False,False,False,True,False,
86355341,2026-10-08,2026-10-08,https://flatfox.ch/en/flat/rosenstrasse-22-9113-degersheim/86355341/,APARTMENT,APARTMENT,9113,Degersheim,Flawil,Wil,,200.0,1280.0,3.5,91.0,1993.0,2019.0,1.0,False,False,47.377415201617,9.206145693359,True,False,False,False,True,True,True,True,False,True,
86355246,2026-10-08,2026-10-08,https://flatfox.ch/en/flat/bernhardswiesweg-6-9014-st-gallen/86355246/,APARTMENT,APARTMENT,9014,St. Gallen,St. Gallen,St. Gallen,1340.0,340.0,1680.0,4.0,87.0,1982.0,,3.0,False,False,47.408285201618,9.332384694352,True,True,False,False,False,False,False,True,False,True,15.4
86355245,2026-10-08,2026-10-08,https://flatfox.ch/en/flat/waldhofstr-a-11a-9240-uzwil/86355245/,APARTMENT,APARTMENT,9240,Uzwil,Oberuzwil,Wil,1450.0,290.0,1740.0,4.5,90.0,1984.0,2009.0,3.0,False,False,47.441474201618,9.122415694357,True,False,False,False,False,True,True,True,False,False,16.11
86355244,2026-10-08,2026-10-08,https://flatfox.ch/en/flat/bahnhofstrasse-27-9443-widnau/86355244/,APARTMENT,APARTMENT,9443,Widnau,Diepoldsau,Rheintal,1600.0,190.0,1790.0,3.5,85.0,2013.0,,5.0,False,False,47.406194201611,9.634353694355,True,True,False,False,False,False,False,True,False,True,18.82
86355210,2026-10-08,2026-10-08,https://flatfox.ch/en/flat/wuhrstrasse-16-8580-amriswil/86355210/,APARTMENT,APARTMENT,8580,Amriswil,Muolen,St. Gallen,1770.0,350.0,2120.0,5.5,118.0,,,2.0,False,False,47.544007201614,9.309938694355,True,True,False,False,False,True,True,False,False,True,15.0
86355157,2026-10-08,2026-10-08,https://flatfox.ch/en/flat/bildfeldstrasse-41-9552-bronschhofen/86355157/,APARTMENT,DUPLEX,9552,Bronschhofen,Wil (SG),Wil,2740.0,250.0,2990.0,5.5,,1992.0,2026.0,,False,False,47.473346201616,9.035930694355,True,False,True,True,False,False,True,False,False,False,
86354734,2026-10-08,2026-10-08,https://flatfox.ch/en/flat/alpenstrasse-1-8630-ruti-zh/86354734/,APARTMENT,APARTMENT,8630,Rüti ZH,Rapperswil-Jona,See-Gaster,,,2112.0,4.0,,,,,False,False,47.258054201611,8.847983694357,False,False,False,False,False,False,False,False,False,False,
86354592,2026-10-08,2026-10-08,https://flatfox.ch/en/flat/alvierstrasse-11-9470-buchs-sg/86354592/,APARTMENT,ATTIC_FLAT,9470,Buchs SG,Grabs,Werdenberg,1890.0,260.0,2150.0,3.5,89.0,2013.0,,4.0,False,False,47.167004201617,9.475320699358,False,False,False,False,False,False,False,False,False,False,21.24
86354532,2026-10-08,2026-10-08,https://flatfox.ch/en/flat/flurstrasse-2-diepoldsau-9444-diepoldsau/86354532/,HOUSE,SINGLE_HOUSE,9444,Diepoldsau,Diepoldsau,Rheintal,,,3000.0,7.0,,,,,False,False,47.380590201617,9.652434694359,False,False,False,False,False,False,False,False,False,False,
86354171,2026-10-08,2026-10-08,https://flatfox.ch/en/flat/9100-herisau/86354171/,APARTMENT,APARTMENT,9100,Herisau,Gossau (SG),St. Gallen,,120.0,890.0,1.5,34.0,,2026.0,0.0,False,False,47.382323201613,9.286840694357,False,False,True,True,True,False,False,False,False,False,
86353907,2026-10-08,2026-10-08,https://flatfox.ch/en/flat/st-gallerstrasse-53-9500-wil/86353907/,APARTMENT,APARTMENT,9500,Wil,Zuzwil (SG),Wil,,170.0,1620.0,4.0,88.0,,,4.0,False,False,47.462924201617,9.057906694354,True,True,False,False,True,True,False,True,False,True,
86353746,2026-10-08,2026-10-08,https://flatfox.ch/en/flat/st-gallerstrasse-57-9300-wittenbach/86353746/,APARTMENT,APARTMENT,9300,Wittenbach,Berg (SG),Rorschach,1580.0,260.0,1840.0,4.5,,,,10.0,False,False,47.452094201611,9.400223693358,True,False,False,False,False,True,True,False,False,False,
86353607,2026-10-08,2026-10-08,https://flatfox.ch/en/flat/vonwilstrasse-51-9000-st-gallen/86353607/,APARTMENT,APARTMENT,9000,St. Gallen,St. Gallen,St. Gallen,,155.0,1355.0,2.0,61.0,,,1.0,False,False,47.419494201615,9.355379697353,False,True,False,False,True,True,False,True,False,True,
86352958,2026-10-08,2026-10-08,https://flatfox.ch/en/flat/felsenstrasse-78-9000-st-gallen/86352958/,APARTMENT,APARTMENT,9000,St. Gallen,St. Gallen,St. Gallen,1000.0,125.0,1125.0,2.0,33.0,,,-1.0,False,False,47.419614201611,9.371803694354,True,False,False,False,False,False,False,False,False,False,30.3
86352299,2026-10-08,2026-10-08,https://flatfox.ch/en/flat/erlenbachstrasse-3-9100-herisau/86352299/,APARTMENT,APARTMENT,9100,Herisau,Gossau (SG),St. Gallen,1690.0,300.0,1990.0,4.5,114.0,,2017.0,3.0,False,False,47.378754201611,9.278514695351,True,True,False,False,False,True,False,True,False,True,14.82
86352046,2026-10-08,2026-10-08,https://flatfox.ch/en/flat/grabenstrasse-7-9220-bischofszell/86352046/,APARTMENT,APARTMENT,9220,Bischofszell,Muolen,St. Gallen,1210.0,80.0,1290.0,2.5,40.0,,2023.0,1.0,False,False,47.496345201616,9.240767696351,True,False,True,False,True,False,True,False,False,True,30.25
86352011,2026-10-08,2026-10-08,https://flatfox.ch/en/flat/platz-12a-9100-herisau/86352011/,APARTMENT,APARTMENT,9100,Herisau,Gossau (SG),St. Gallen,1100.0,190.0,1290.0,3.5,54.0,,2019.0,1.0,False,False,47.385464201617,9.278643696355,False,False,True,False,True,False,False,False,False,True,20.37
86351410,2026-10-08,2026-10-08,https://flatfox.ch/en/flat/wiesentalstrasse-2-8630-ruti-zh/86351410/,APARTMENT,APARTMENT,8630,Rüti ZH,Rapperswil-Jona,See-Gaster,,180.0,2690.0,4.5,100.0,,2026.0,3.0,False,False,47.260214201614,8.857448694351,True,False,True,True,True,True,True,False,False,True,
86351361,2026-10-08,2026-10-08,https://flatfox.ch/en/flat/seepark-5-9422-staad/86351361/,APARTMENT,APARTMENT,9422,Staad,Thal,Rorschach,3500.0,300.0,,4.5,163.0,2007.0,2022.0,2.0,False,False,47.481296201611,9.534889694357,False,False,True,True,True,True,True,True,False,False,21.47
86351172,2026-10-08,2026-10-08,https://flatfox.ch/en/flat/rosengartenstrasse-20-8716-schmerikon/86351172/,APARTMENT,APARTMENT,8716,Schmerikon,Schmerikon,See-Gaster,,,2500.0,4.5,130.0,,,,False,False,47.228694201618,8.957677695358,False,False,False,False,False,False,False,False,False,False,
86350831,2026-10-08,2026-10-08,https://flatfox.ch/en/flat/9443-widnau/86350831/,APARTMENT,APARTMENT,9443,Widnau,Diepoldsau,Rheintal,,,900.0,1.0,,,,2.0,True,False,47.402348201617,9.640448694356,False,False,True,True,False,False,True,False,False,False,
86350658,2026-10-08,2026-10-08,https://flatfox.ch/en/flat/vonwilstrasse-51-9000-st-gallen/86350658/,APARTMENT,APARTMENT,9000,St. Gallen,St. Gallen,St. Gallen,,151.0,1201.0,1.5,50.0,,,2.0,False,False,47.419494201615,9.355379697353,True,True,False,False,True,True,True,True,False,True,
86350116,2026-10-08,2026-10-08,https://flatfox.ch/en/flat/bahweg-16-9606-butschwil/86350116/,APARTMENT,APARTMENT,9606,Bütschwil,Bütschwil-Ganterschwil,Toggenburg,,160.0,1340.0,2.5,60.0,,2022.0,3.0,False,False,47.349464201611,9.076974696353,True,False,False,False,True,True,True,False,False,False,
86349967,2026-10-08,2026-10-08,https://flatfox.ch/en/flat/schwellbrunnerstrasse-47-9100-herisau/86349967/,APARTMENT,APARTMENT,9100,Herisau,Gossau (SG),St. Gallen,1060.0,220.0,1280.0,2.5,55.0,1962.0,2002.0,3.0,False,False,47.380644201617,9.267604693357,False,False,False,False,False,False,False,False,False,False,19.27
86349375,2026-10-08,2026-10-08,https://flatfox.ch/en/flat/bachwiesstrasse-12-9404-rorschacherberg/86349375/,APARTMENT,APARTMENT,9404,Rorschacherberg,Thal,Rorschach,1390.0,300.0,1690.0,4.5,130.0,1965.0,1996.0,4.0,False,False,47.476044201616,9.509310694354,False,True,False,False,False,False,True,True,False,True,10.69
86347410,2026-10-08,2026-10-08,https://flatfox.ch/en/flat/hauptstrasse-6a-9030-abtwil/86347410/,APARTMENT,DUPLEX,9030,Abtwil,Gaiserwald,St. Gallen,1620.0,550.0,2170.0,5.5,155.0,1983.0,,1.0,False,False,47.421238201611,9.316203694352,False,False,False,False,False,True,False,False,True,False,10.45
86346549,2026-10-08,2026-10-08,https://flatfox.ch/en/flat/fabrikstrasse-10-9240-uzwil/86346549/,APARTMENT,APARTMENT,9240,Uzwil,Oberuzwil,Wil,1091.0,205.0,1296.0,3.5,69.0,,,3.0,False,False,47.436874201611,9.138400694354,False,False,False,False,False,False,False,False,False,False,15.81
86346350,2026-10-08,2026-10-08,https://flatfox.ch/en/flat/langgasse-23-9008-st-gallen/86346350/,APARTMENT,APARTMENT,9008,St. Gallen,St. Gallen,St. Gallen,1320.0,150.0,,3.5,,,,3.0,False,False,47.435553201611,9.386039699357,False,False,False,False,False,False,False,False,False,False,
86346346,2026-10-08,2026-10-08,https://flatfox.ch/en/flat/lindenstr-21-9000-st-gallen/86346346/,APARTMENT,APARTMENT,9000,St. Gallen,St. Gallen,St. Gallen,1070.0,230.0,1300.0,3.0,70.0,1928.0,,3.0,False,False,47.431914201611,9.387736699357,True,False,False,False,False,True,False,False,False,False,15.29
86345769,2026-10-08,2026-10-08,https://flatfox.ch/en/flat/8880-walenstadt/86345769/,HOUSE,SINGLE_HOUSE,8880,Walenstadt,Walenstadt,Sarganserland,,,2100.0,6.0,,,,,False,False,47.124118201619,9.312716694359,False,False,False,False,False,False,False,False,False,False,
86345533,2026-10-08,2026-10-08,https://flatfox.ch/en/flat/industrieweg-8-8887-mels/86345533/,APARTMENT,APARTMENT,8887,Mels,Mels,Sarganserland,,170.0,1885.0,3.5,91.0,,,1.0,False,False,47.053534201616,9.413404693358,True,True,True,True,True,False,True,True,False,False,
86345460,2026-10-08,2026-10-08,https://flatfox.ch/en/flat/wassergasse-1b-9472-grabs/86345460/,APARTMENT,APARTMENT,9472,Grabs,Grabs,Werdenberg,1400.0,190.0,1590.0,2.5,66.0,2017.0,,3.0,False,False,47.182036201611,9.445943697354,False,True,False,False,False,False,True,True,False,False,21.21
86345391,2026-10-08,2026-10-08,https://flatfox.ch/en/flat/neudorfstrasse-9-9240-uzwil/86345391/,APARTMENT,APARTMENT,9240,Uzwil,Oberuzwil,Wil,1800.0,250.0,2050.0,3.5,106.0,,,2.0,False,False,47.438789201615,9.132073694354,True,True,False,False,True,False,False,True,False,False,16.98
86345229,2026-10-08,2026-10-08,https://flatfox.ch/en/flat/unterer-kreuzacker-4-8645-rapperswil-jona/86345229/,APARTMENT,APARTMENT,8645,Rapperswil-Jona,Rapperswil-Jona,See-Gaster,1925.0,200.0,2125.0,2.5,64.0,2025.0,2025.0,1.0,False,False,47.239965201613,8.828890693356,True,True,True,False,True,True,False,True,False,False,30.08
86344979,2026-10-08,2026-10-08,https://flatfox.ch/en/flat/guterstrasse-11a-11b-11c-9470-buchs-sg/86344979/,APARTMENT,APARTMENT,9470,Buchs SG,Grabs,Werdenberg,2200.0,190.0,2390.0,4.5,106.0,2026.0,,1.0,False,False,47.170837201618,9.476749694358,True,True,False,False,False,False,True,False,False,False,20.75
86344909,2026-10-08,2026-10-08,https://flatfox.ch/en/flat/hauptstrasse-87-9400-rorschach/86344909/,APARTMENT,APARTMENT,9400,Rorschach,Rorschach,Rorschach,1400.0,300.0,1700.0,4.5,102.0,1920.0,,1.0,False,False,47.478714201612,9.490205697352,False,False,False,False,False,False,False,False,False,False,13.73
86344545,2026-10-08,2026-10-08,https://flatfox.ch/en/flat/ganterschwil-9608-ganterschwil/86344545/,APARTMENT,APARTMENT,9608,Ganterschwil,Bütschwil-Ganterschwil,Toggenburg,,,2200.0,5.0,128.0,,,,False,False,47.381084201612,9.089583698358,False,False,False,False,False,False,False,False,False,False,
86344377,2026-10-08,2026-10-08,https://flatfox.ch/en/flat/scheibenackerstrasse-3-9000-st-gallen/86344377/,APARTMENT,APARTMENT,9000,St. Gallen,St. Gallen,St. Gallen,,280.0,1680.0,4.0,89.0,,2009.0,2.0,False,False,47.430114201611,9.391394690352,True,False,False,False,True,False,False,False,False,False,
86343778,2026-10-08,2026-10-08,https://flatfox.ch/en/flat/teufenerstrasse-38-9000-st-gallen/86343778/,APARTMENT,APARTMENT,9000,St. Gallen,St. Gallen,St. Gallen,1660.0,140.0,1800.0,3.5,,1920.0,,3.0,False,False,47.418760201612,9.368776693356,False,True,False,False,False,False,False,False,False,True,
86343139,2026-10-08,2026-10-08,https://flatfox.ch/en/flat/furstenlandstrasse-179-9014-st-gallen/86343139/,APARTMENT,APARTMENT,9014,St. Gallen,St. Gallen,St. Gallen,1800.0,250.0,2050.0,3.5,92.0,,,1.0,False,False,47.409344201618,9.332298694357,False,False,False,False,False,False,False,False,False,False,19.57
86342713,2026-10-08,2026-10-08,https://flatfox.ch/en/flat/flurhofstr-147-9000-st-gallen/86342713/,APARTMENT,APARTMENT,9000,St. Gallen,St. Gallen,St. Gallen,1160.0,350.0,1510.0,4.0,75.0,1965.0,,0.0,False,False,47.432185201612,9.402893697357,True,False,False,False,False,False,False,False,False,True,15.47
86342559,2026-10-08,2026-10-08,https://flatfox.ch/en/flat/oberzilstrasse-17-9016-st-gallen/86342559/,APARTMENT,APARTMENT,9016,St. Gallen,St. Gallen,St. Gallen,1200.0,240.0,,3.5,80.0,,,2.0,False,False,47.441874201611,9.406666694351,True,False,False,False,False,False,False,False,False,False,15.0
86342556,2026-10-08,2026-10-08,https://flatfox.ch/en/flat/muhlebachstrasse-28-9230-flawil/86342556/,APARTMENT,APARTMENT,9230,Flawil,Oberuzwil,Wil,1760.0,210.0,,4.5,92.0,,2025.0,2.0,False,False,47.415764201611,9.170455693357,True,False,True,True,True,False,True,True,False,False,19.13
86342388,2026-10-08,2026-10-08,https://flatfox.ch/en/flat/zilstrasse-72a-9016-st-gallen/86342388/,APARTMENT,DUPLEX,9016,St. Gallen,St. Gallen,St. Gallen,1840.0,350.0,2190.0,3.5,154.0,,,4.0,False,False,47.443018201617,9.411450696359,False,False,False,False,False,False,False,False,False,False,11.95
86341214,2026-10-08,2026-10-08,https://flatfox.ch/en/flat/helvetiastrasse-54-9000-st-gallen/86341214/,APARTMENT,APARTMENT,9000,St. Gallen,St. Gallen,St. Gallen,1310.0,330.0,1640.0,4.5,,,,0.0,False,False,47.434454201616,9.396133694356,False,True,False,False,False,False,True,False,False,True,
86341213,2026-10-08,2026-10-08,https://flatfox.ch/en/flat/oberstrasse-117-119-9000-st-gallen/86341213/,APARTMENT,APARTMENT,9000,St. Gallen,St. Gallen,St. Gallen,150.0,1630.0,1780.0,2.5,,2022.0,,,False,False,47.415134201613,9.360599690358,True,True,False,False,False,False,False,True,False,False,
86340967,2026-10-08,2026-10-08,https://flatfox.ch/en/flat/reuttistrasse-15-9500-wil-sg/86340967/,APARTMENT,APARTMENT,9500,Wil SG,Zuzwil (SG),Wil,1890.0,300.0,2190.0,4.5,,1950.0,,0.0,False,False,47.458254201612,9.055285698352,False,True,False,False,False,False,True,True,False,False,
86339180,2026-10-08,2026-10-08,https://flatfox.ch/en/flat/adlerstr-6a-6-9300-wittenbach/86339180/,APARTMENT,ATTIC_FLAT,9300,Wittenbach,Berg (SG),Rorschach,1670.0,170.0,1840.0,3.5,81.0,2009.0,,3.0,False,False,47.461217201613,9.387290694354,True,True,False,False,False,False,False,True,False,True,20.62
86339145,2026-10-08,2026-10-08,https://flatfox.ch/en/flat/25-sonnenstrasse-9220-bischofszell/86339145/,APARTMENT,APARTMENT,9220,Bischofszell,Muolen,St. Gallen,1530.0,220.0,,3.5,80.0,,,2.0,False,False,47.490896201611,9.236804694352,True,False,True,True,True,True,True,False,False,False,19.12
86339022,2026-10-08,2026-10-08,https://flatfox.ch/en/flat/churerstrasse-130a-9470-buchs-sg/86339022/,HOUSE,SINGLE_HOUSE,9470,Buchs SG,Grabs,Werdenberg,,,2500.0,6.0,,,,,False,False,47.148464201619,9.483600694351,False,False,False,False,False,False,False,False,False,False,
86338679,2026-10-08,2026-10-08,https://flatfox.ch/en/flat/9403-goldach/86338679/,APARTMENT,APARTMENT,9403,Goldach,Rorschacherberg,Rorschach,,,1395.0,2.5,,,,-3.0,True,True,47.478855201611,9.470004694358,True,True,True,True,True,True,True,True,False,False,
86338493,2026-10-08,2026-10-08,https://flatfox.ch/en/flat/favrestr-17-9016-st-gallen/86338493/,APARTMENT,APARTMENT,9016,St. Gallen,St. Gallen,St. Gallen,1670.0,200.0,1870.0,3.5,88.0,2017.0,,2.0,False,False,47.437173201613,9.412406694356,False,False,False,False,False,False,False,True,False,True,18.98
86337964,2026-10-08,2026-10-08,https://flatfox.ch/en/flat/rheinstrasse-14c-9470-buchs-sg/86337964/,APARTMENT,ROOF_FLAT,9470,Buchs SG,Grabs,Werdenberg,1510.0,450.0,1960.0,4.5,102.0,,2015.0,3.0,False,False,47.167519201617,9.482773693354,True,False,False,False,False,False,False,False,True,False,14.8
86337945,2026-10-08,2026-10-08,https://flatfox.ch/en/flat/muller-friedberg-strasse-5-9630-wattwil/86337945/,APARTMENT,APARTMENT,9630,Wattwil,Mosnang,Toggenburg,1140.0,250.0,1390.0,3.5,73.0,,,8.0,False,False,47.306127201614,9.081124694352,False,False,False,False,False,False,False,False,False,False,15.62
86335607,2026-10-08,2026-10-08,https://flatfox.ch/en/flat/8630-ruti-zh/86335607/,APARTMENT,APARTMENT,8630,Rüti ZH,Rapperswil-Jona,See-Gaster,1912.0,200.0,,4.0,,,,1.0,False,False,47.258015201615,8.866446694358,True,False,True,True,False,False,True,False,False,False,
86335568,2026-10-08,2026-10-08,https://flatfox.ch/en/flat/frobelstrasse-14-9500-wil/86335568/,APARTMENT,APARTMENT,9500,Wil,Zuzwil (SG),Wil,,200.0,1650.0,3.5,80.0,,,1.0,False,False,47.459154201611,9.042008694351,False,False,False,False,True,False,True,False,False,False,
86335493,2026-10-08,2026-10-08,https://flatfox.ch/en/flat/8723-rufi/86335493/,APARTMENT,APARTMENT,8723,Rufi,Schänis,See-Gaster,,300.0,2400.0,5.5,140.0,1986.0,2015.0,3.0,False,False,47.181214201619,9.050803696351,True,False,True,True,True,True,True,False,False,False,
86335338,2026-10-08,2026-10-08,https://flatfox.ch/en/flat/unterstrasse-19-9230-flawil/86335338/,APARTMENT,APARTMENT,9230,Flawil,Oberuzwil,Wil,,,1590.0,4.0,56.0,,2025.0,3.0,False,False,47.414944201617,9.175203695357,True,False,True,False,False,False,False,False,False,True,
86335257,2026-10-08,2026-10-08,https://flatfox.ch/en/flat/am-mattenbach-1-9035-grub/86335257/,APARTMENT,APARTMENT,9035,Grub,Eggersriet,St. Gallen,1850.0,300.0,2150.0,3.5,145.0,,,3.0,False,False,47.445543201616,9.504369694359,False,False,False,False,False,False,False,False,False,False,12.76
86335035,2026-10-08,2026-10-08,https://flatfox.ch/en/flat/seehofstr-3-haus-c-8645-jona/86335035/,APARTMENT,APARTMENT,8645,Jona,Rapperswil-Jona,See-Gaster,1767.0,173.0,1940.0,2.5,52.0,2024.0,,2.0,False,False,47.219356201611,8.831657694359,False,False,False,False,False,False,False,True,False,True,33.98
86335032,2026-10-08,2026-10-08,https://flatfox.ch/en/flat/feuerwehrstr-10-9400-rorschach/86335032/,APARTMENT,APARTMENT,9400,Rorschach,Rorschach,Rorschach,1330.0,250.0,1580.0,2.5,70.0,2010.0,,3.0,False,False,47.478584201613,9.489258694355,True,True,False,False,False,False,False,True,False,True,19.0
86335030,2026-10-08,2026-10-08,https://flatfox.ch/en/flat/stadeliweg-5-9220-bischofszell/86335030/,APARTMENT,APARTMENT,9220,Bischofszell,Muolen,St. Gallen,1525.0,280.0,1805.0,4.5,91.0,1996.0,,3.0,False,False,47.496270201614,9.242659695358,True,False,False,False,False,False,True,True,False,False,16.76
86334761,2026-10-08,2026-10-08,https://flatfox.ch/en/flat/oberwiesstrasse-14-8645-jona/86334761/,APARTMENT,APARTMENT,8645,Jona,Rapperswil-Jona,See-Gaster,,250.0,1690.0,3.0,68.0,,,0.0,False,False,47.231064201614,8.838818694351,True,False,False,False,False,True,False,True,False,False,
86334610,2026-10-08,2026-10-08,https://flatfox.ch/en/flat/oberes-anggetlin-36-8897-flumserberg-tannenheim/86334610/,APARTMENT,APARTMENT,8897,Flumserberg Tannenheim,Flums,Sarganserland,,70.0,890.0,1.5,28.0,,,1.0,True,False,47.084047201613,9.305216694355,True,False,True,True,False,True,True,False,False,True,
86334565,2026-10-08,2026-10-08,https://flatfox.ch/en/flat/ruhebergstrasse-12-9327-tubach/86334565/,APARTMENT,APARTMENT,9327,Tübach,Tübach,Rorschach,,180.0,1800.0,3.5,84.0,1999.0,2026.0,1.0,False,False,47.486045201611,9.451577694352,True,True,True,True,True,False,False,True,False,True,
86334352,2026-10-08,2026-10-08,https://flatfox.ch/en/flat/oberrutistrasse-28-9452-hinterforst/86334352/,APARTMENT,APARTMENT,9452,Hinterforst,Altstätten,Rheintal,,,1200.0,3.0,60.0,,,,False,False,47.356406201616,9.526013695359,False,False,False,False,False,False,False,False,False,False,
86334093,2026-10-08,2026-10-08,https://flatfox.ch/en/flat/seeblickstr-12-haus-b-8645-jona/86334093/,APARTMENT,APARTMENT,8645,Jona,Rapperswil-Jona,See-Gaster,3600.0,375.0,3975.0,4.5,113.0,2024.0,,2.0,False,False,47.219247201611,8.832023694359,False,False,False,False,False,False,False,True,False,True,31.86
86334023,2026-10-08,2026-10-08,https://flatfox.ch/en/flat/rappensteinstrasse-5-9000-st-gallen/86334023/,APARTMENT,APARTMENT,9000,St. Gallen,St. Gallen,St. Gallen,,,1230.0,3.0,73.0,,,,False,False,47.430604201619,9.397369696353,False,False,False,False,False,False,False,False,False,False,
86333980,2026-10-08,2026-10-08,https://flatfox.ch/en/flat/rappensteinstrasse-5-9000-st-gallen/86333980/,APARTMENT,APARTMENT,9000,St. Gallen,St. Gallen,St. Gallen,,,1230.0,3.0,73.0,,,,False,False,47.430604201619,9.397369696353,False,False,False,False,False,False,False,False,False,False,
86333773,2026-10-08,2026-10-08,https://flatfox.ch/en/flat/buhofstrasse-64a-9424-rheineck/86333773/,APARTMENT,APARTMENT,9424,Rheineck,Rheineck,Rheintal,1330.0,260.0,1590.0,3.5,65.0,1978.0,2012.0,0.0,False,False,47.470324201619,9.575870694358,False,False,False,False,False,False,False,False,False,False,20.46
86333748,2026-10-08,2026-10-08,https://flatfox.ch/en/flat/schontalstrasse-9a-9244-niederuzwil/86333748/,APARTMENT,APARTMENT,9244,Niederuzwil,Uzwil,Wil,1490.0,180.0,1670.0,3.5,96.0,,,3.0,False,False,47.442900201619,9.136834694357,False,False,False,False,False,False,False,False,False,False,15.52
86333692,2026-10-08,2026-10-08,https://flatfox.ch/en/flat/9249-algetshausen/86333692/,APARTMENT,APARTMENT,9249,Algetshausen,Uzwil,Wil,1440.0,190.0,,3.5,85.0,1997.0,2024.0,0.0,False,False,47.445474201613,9.108557694357,True,True,True,True,True,False,True,True,False,False,16.94
86333542,2026-10-08,2026-10-08,https://flatfox.ch/en/flat/engelgasse-6-9435-heerbrugg/86333542/,APARTMENT,APARTMENT,9435,Heerbrugg,Balgach,Rheintal,1740.0,150.0,1890.0,3.5,76.0,,,3.0,False,False,47.411843201617,9.626323694359,False,False,False,False,False,False,False,False,False,False,22.89
86333030,2026-10-08,2026-10-08,https://flatfox.ch/en/flat/9450-luchingen/86333030/,APARTMENT,APARTMENT,9450,Lüchingen,Altstätten,Rheintal,,,550.0,1.0,32.0,,,,False,False,47.386564201618,9.552726694354,False,False,False,False,False,False,False,False,False,False,
86333000,2026-10-08,2026-10-08,https://flatfox.ch/en/flat/st-gallerstrasse-57-9300-wittenbach/86333000/,APARTMENT,APARTMENT,9300,Wittenbach,Berg (SG),Rorschach,1580.0,260.0,,4.5,,,,10.0,False,False,47.452094201611,9.400223693358,True,False,False,False,True,True,True,False,False,False,
86332941,2026-10-08,2026-10-08,https://flatfox.ch/en/flat/hofjungerstrasse-28-9630-wattwil/86332941/,APARTMENT,APARTMENT,9630,Wattwil,Mosnang,Toggenburg,1010.0,240.0,1250.0,3.0,61.0,,,2.0,False,False,47.306314201617,9.086259694357,False,False,False,False,False,False,False,False,False,False,16.56
86332849,2026-10-08,2026-10-08,https://flatfox.ch/en/flat/toggenburgerstrasse-119-9500-wil/86332849/,APARTMENT,APARTMENT,9500,Wil,Zuzwil (SG),Wil,,,1400.0,3.0,65.0,1972.0,,0.0,False,False,47.456723201614,9.048786694354,False,False,False,False,False,False,False,False,False,False,
86332570,2026-10-08,2026-10-08,https://flatfox.ch/en/flat/oberdorfstrasse-10-9100-herisau/86332570/,APARTMENT,APARTMENT,9100,Herisau,Gossau (SG),St. Gallen,,,1650.0,4.0,100.0,,,,False,False,47.385136201611,9.278913694354,False,False,False,False,False,False,False,False,False,False,
86332094,2026-10-08,2026-10-08,https://flatfox.ch/en/flat/ahornstrasse-21b-9000-st-gallen/86332094/,APARTMENT,DUPLEX,9000,St. Gallen,St. Gallen,St. Gallen,1840.0,230.0,2070.0,3.5,86.0,2021.0,,0.0,False,False,47.414664201615,9.346663694358,False,True,False,False,False,False,False,True,False,True,21.4
86331847,2026-10-08,2026-10-08,https://flatfox.ch/en/flat/unterer-kreuzacker-8645-rapperswil-jona/86331847/,APARTMENT,APARTMENT,8645,Rapperswil-Jona,Rapperswil-Jona,See-Gaster,3150.0,300.0,3450.0,4.5,114.0,2025.0,2025.0,1.0,False,False,47.240324201612,8.829098695351,True,True,True,False,True,True,False,True,False,False,27.63
86331633,2026-10-08,2026-10-08,https://flatfox.ch/en/flat/9475-sevelen/86331633/,APARTMENT,APARTMENT,9475,Sevelen,Sevelen,Werdenberg,,,1980.0,4.5,110.0,,,1.0,False,False,47.125174201614,9.478826694358,True,False,True,False,True,True,True,False,False,False,
86331018,2026-10-08,2026-10-08,https://flatfox.ch/en/flat/9100-herisau/86331018/,APARTMENT,SINGLE_ROOM,9100,Herisau,Gossau (SG),St. Gallen,,,1000.0,1.0,550.0,,,,False,False,47.382375201619,9.286787695351,False,False,False,False,False,False,False,False,False,False,
86330714,2026-10-08,2026-10-08,https://flatfox.ch/en/flat/9428-walzenhausen/86330714/,APARTMENT,APARTMENT,9428,Walzenhausen,St. Margrethen,Rheintal,,,490.0,1.0,18.0,,,,False,False,47.451334201611,9.602353697352,False,False,False,False,False,False,False,False,False,False,
86330253,2026-10-08,2026-10-08,https://flatfox.ch/en/flat/buhofstrasse-67-9424-rheineck/86330253/,APARTMENT,APARTMENT,9424,Rheineck,Rheineck,Rheintal,,100.0,1250.0,2.5,42.0,,,,False,False,47.469544201617,9.575575699358,False,False,False,False,True,True,True,False,False,False,
86330026,2026-10-08,2026-10-08,https://flatfox.ch/en/flat/muller-friedberg-strasse-5-9630-wattwil/86330026/,APARTMENT,APARTMENT,9630,Wattwil,Mosnang,Toggenburg,1140.0,250.0,1390.0,3.5,73.0,,,7.0,False,False,47.306127201614,9.081124694352,False,False,False,False,False,False,False,False,False,False,15.62
86329068,2026-10-08,2026-10-08,https://flatfox.ch/en/flat/kluggasse-10-wohnung-1-8640-rapperswil/86329068/,APARTMENT,APARTMENT,8640,Rapperswil,Rapperswil-Jona,See-Gaster,,,2995.0,3.5,95.0,1850.0,2021.0,1.0,False,False,47.227144201617,8.817240694358,True,False,True,True,True,True,False,False,False,True,
86328833,2026-10-08,2026-10-08,https://flatfox.ch/en/flat/teufenerstrasse-150-9012-stgallen/86328833/,APARTMENT,APARTMENT,9012,St.Gallen,St. Gallen,St. Gallen,1800.0,180.0,1980.0,4.5,106.0,1911.0,2026.0,3.0,False,False,47.410714201619,9.366609694351,True,False,False,False,False,True,False,False,False,True,16.98
86328743,2026-10-08,2026-10-08,https://flatfox.ch/en/flat/befang-898-9107-urnasch/86328743/,APARTMENT,APARTMENT,9107,Urnäsch,Wildhaus-Alt St. Johann,Toggenburg,,,1800.0,5.5,150.0,,,,False,False,47.329484201619,9.295548693358,False,False,False,False,False,False,False,False,False,False,
86328368,2026-10-08,2026-10-08,https://flatfox.ch/en/flat/ilgenstrasse-32-9000-st-gallen/86328368/,APARTMENT,APARTMENT,9000,St. Gallen,St. Gallen,St. Gallen,1480.0,180.0,1660.0,2.5,65.0,2022.0,,0.0,False,False,47.417344201611,9.359548695356,True,True,False,False,False,False,False,False,False,False,22.77
86328268,2026-10-08,2026-10-08,https://flatfox.ch/en/flat/lerchenstr-27-9200-gossau-sg/86328268/,APARTMENT,APARTMENT,9200,Gossau SG,Gossau (SG),St. Gallen,1290.0,230.0,1520.0,4.5,79.0,1963.0,1992.0,3.0,False,False,47.416804201619,9.263245698356,False,False,False,False,False,False,False,False,False,False,16.33
86328062,2026-10-08,2026-10-08,https://flatfox.ch/en/flat/sonnenhaldenstrasse-8-9008-st-gallen/86328062/,APARTMENT,APARTMENT,9008,St. Gallen,St. Gallen,St. Gallen,550.0,170.0,720.0,1.5,34.0,,,0.0,False,False,47.441634201614,9.392114694357,False,False,False,False,False,False,True,True,False,True,16.18
86327892,2026-10-08,2026-10-08,https://flatfox.ch/en/flat/poststrasse-37-8580-amriswil/86327892/,APARTMENT,APARTMENT,8580,Amriswil,Muolen,St. Gallen,1070.0,225.0,1295.0,3.5,80.0,,,3.0,False,False,47.550303201611,9.298553694351,False,False,False,False,False,False,True,False,False,False,13.38
86327849,2026-10-08,2026-10-08,https://flatfox.ch/en/flat/poststrasse-35-9100-herisau/86327849/,APARTMENT,APARTMENT,9100,Herisau,Gossau (SG),St. Gallen,1290.0,300.0,1590.0,4.5,,,,4.0,False,False,47.380777201612,9.278798694351,True,False,True,False,True,True,False,False,False,False,
86327707,2026-10-08,2026-10-08,https://flatfox.ch/en/flat/seebleichestrasse-1-9404-rorschacherberg/86327707/,APARTMENT,APARTMENT,9404,Rorschacherberg,Thal,Rorschach,1200.0,150.0,,1.5,50.0,,2022.0,0.0,False,False,47.477144201612,9.509218694357,True,False,True,True,True,True,False,False,False,False,24.0
86327641,2026-10-08,2026-10-08,https://flatfox.ch/en/flat/sonnmattstrasse-8-9122-mogelsberg/86327641/,APARTMENT,APARTMENT,9122,Mogelsberg,Neckertal,Toggenburg,,,1020.0,2.5,57.0,,,,False,False,47.359717201618,9.137046694357,False,False,False,False,False,False,False,False,False,False,
86327542,2026-10-08,2026-10-08,https://flatfox.ch/en/flat/sonnmattstrasse-8-9122-mogelsberg/86327542/,APARTMENT,APARTMENT,9122,Mogelsberg,Neckertal,Toggenburg,,185.0,1020.0,2.5,57.0,,2016.0,3.0,False,False,47.359717201618,9.137046694357,False,False,False,False,False,True,False,False,False,False,
86327321,2026-10-08,2026-10-08,https://flatfox.ch/en/flat/9122-mogelsberg/86327321/,APARTMENT,APARTMENT,9122,Mogelsberg,Neckertal,Toggenburg,2100.0,310.0,,6.5,150.0,,,1.0,False,False,47.344044201611,9.151040694352,True,False,True,True,True,True,False,True,True,False,14.0
86327299,2026-10-08,2026-10-08,https://flatfox.ch/en/flat/9122-mogelsberg/86327299/,APARTMENT,APARTMENT,9122,Mogelsberg,Neckertal,Toggenburg,1550.0,190.0,,3.5,70.0,1900.0,2026.0,0.0,False,False,47.343945201612,9.151090694359,True,False,True,True,True,True,True,True,True,False,22.14
86327283,2026-10-08,2026-10-08,https://flatfox.ch/en/flat/9400-rorschach/86327283/,APARTMENT,APARTMENT,9400,Rorschach,Rorschach,Rorschach,1300.0,250.0,,4.0,88.0,,,1.0,False,False,47.478878201618,9.491649694359,True,False,False,False,True,False,False,False,False,False,14.77
86327194,2026-10-08,2026-10-08,https://flatfox.ch/en/flat/oberaustrasse-12-9036-grub-sg/86327194/,APARTMENT,APARTMENT,9036,Grub SG,Eggersriet,St. Gallen,1020.0,170.0,,3.0,65.0,1700.0,2020.0,2.0,False,False,47.453904201611,9.512477694353,True,False,True,False,True,True,False,False,False,False,15.69
86327099,2026-10-08,2026-10-08,https://flatfox.ch/en/flat/hauptgasse-29-9620-lichtensteig/86327099/,APARTMENT,APARTMENT,9620,Lichtensteig,Neckertal,Toggenburg,850.0,140.0,990.0,2.5,37.0,,,1.0,False,False,47.322654201616,9.087553690355,False,False,False,False,False,False,False,False,False,True,22.97
86327047,2026-10-08,2026-10-08,https://flatfox.ch/en/flat/poststrasse-31-9100-herisau/86327047/,APARTMENT,APARTMENT,9100,Herisau,Gossau (SG),St. Gallen,1750.0,200.0,,3.5,112.0,1993.0,,0.0,False,False,47.381544201615,9.278188699352,True,True,True,True,True,True,True,True,True,True,15.62
86326780,2026-10-08,2026-10-08,https://flatfox.ch/en/flat/st-gallerstrasse-38a-9034-eggersriet/86326780/,APARTMENT,APARTMENT,9034,Eggersriet,Untereggen,Rorschach,1950.0,180.0,,3.5,95.0,2025.0,,1.0,False,False,47.440935201613,9.462820690357,True,True,True,False,True,True,True,True,False,False,20.53
86326162,2026-10-08,2026-10-08,https://flatfox.ch/en/flat/dufourstrasse-103-9000-st-gallen/86326162/,APARTMENT,APARTMENT,9000,St. Gallen,St. Gallen,St. Gallen,1460.0,230.0,,4.5,,,,1.0,False,False,47.424374201618,9.364890699357,True,False,True,False,True,True,False,False,False,False,
86325842,2026-10-08,2026-10-08,https://flatfox.ch/en/flat/9220-bischofszell/86325842/,HOUSE,SINGLE_HOUSE,9220,Bischofszell,Muolen,St. Gallen,,,700.0,1.0,24.0,2024.0,,,True,True,47.496336201613,9.253080694357,True,False,True,False,True,False,True,False,True,False,
86325832,2026-10-08,2026-10-08,https://flatfox.ch/en/flat/grunaustrasse-2-9403-goldach/86325832/,APARTMENT,APARTMENT,9403,Goldach,Rorschacherberg,Rorschach,1490.0,200.0,1690.0,3.0,,,2026.0,2.0,False,False,47.472184201611,9.471683698354,True,False,False,False,True,False,True,True,False,False,
86325823,2026-10-08,2026-10-08,https://flatfox.ch/en/flat/staatstrasse-53-9464-ruthi/86325823/,APARTMENT,STUDIO,9464,Rüthi,Rüthi (SG),Rheintal,,50.0,950.0,2.0,25.0,1900.0,2026.0,0.0,False,False,47.290100201611,9.534909699351,False,False,True,True,True,False,True,False,False,False,
86325718,2026-10-08,2026-10-08,https://flatfox.ch/en/flat/herbergstr-5-9524-zuzwil-sg/86325718/,APARTMENT,APARTMENT,9524,Zuzwil SG,Zuzwil (SG),Wil,1700.0,260.0,1960.0,4.5,106.0,1992.0,,1.0,False,False,47.473704201619,9.113818694351,True,False,False,False,False,False,True,True,False,True,16.04
86325626,2026-10-08,2026-10-08,https://flatfox.ch/en/flat/spinnereistrasse-12-9472-grabs/86325626/,APARTMENT,APARTMENT,9472,Grabs,Grabs,Werdenberg,,,2320.0,3.5,88.0,,,,False,False,47.181674201611,9.443049694357,False,False,False,False,False,False,False,False,False,False,
86325267,2026-10-08,2026-10-08,https://flatfox.ch/en/flat/wassergasse-28-9000-st-gallen/86325267/,APARTMENT,APARTMENT,9000,St. Gallen,St. Gallen,St. Gallen,1820.0,250.0,2070.0,4.5,87.0,,,6.0,False,False,47.420697201614,9.372627697358,False,False,False,False,False,False,False,False,False,False,20.92
86325195,2026-10-08,2026-10-08,https://flatfox.ch/en/flat/linsebuhlstrasse-99-9000-st-gallen/86325195/,APARTMENT,APARTMENT,9000,St. Gallen,St. Gallen,St. Gallen,1370.0,250.0,1620.0,3.5,74.0,1983.0,,1.0,False,False,47.426037201615,9.385280694351,True,True,False,False,False,True,False,True,False,True,18.51
86325039,2026-10-08,2026-10-08,https://flatfox.ch/en/flat/st-gallerstrasse-141-8645-rapperswil-jona/86325039/,APARTMENT,APARTMENT,8645,Rapperswil-Jona,Rapperswil-Jona,See-Gaster,2060.0,382.0,2442.0,3.5,94.0,1966.0,1996.0,2.0,False,False,47.230944201616,8.851463694351,False,False,False,False,False,False,True,True,False,False,21.91
86324861,2026-10-08,2026-10-08,https://flatfox.ch/en/flat/herisauerstrasse-63-9200-gossau/86324861/,APARTMENT,APARTMENT,9200,Gossau,Gossau (SG),St. Gallen,1990.0,,,5.5,113.0,,2026.0,1.0,False,False,47.411186201618,9.250064697356,False,False,False,False,False,False,False,False,True,True,17.61
86324660,2026-10-08,2026-10-08,https://flatfox.ch/en/flat/st-gallerstrasse-24-9300-wittenbach/86324660/,APARTMENT,APARTMENT,9300,Wittenbach,Berg (SG),Rorschach,1670.0,300.0,,5.5,114.0,,,0.0,False,False,47.456214201611,9.397463695353,True,False,True,False,True,True,False,False,False,True,14.65
86323996,2026-10-08,2026-10-08,https://flatfox.ch/en/flat/oberstrasse-218-9000-stgallen/86323996/,APARTMENT,APARTMENT,9000,St.Gallen,St. Gallen,St. Gallen,2169.0,234.0,,5.5,124.0,1987.0,2022.0,5.0,False,False,47.412084201615,9.348366694359,True,True,False,False,True,True,False,True,True,True,17.49
86323989,2026-10-08,2026-10-08,https://flatfox.ch/en/flat/9000-stgallen/86323989/,APARTMENT,APARTMENT,9000,St.Gallen,St. Gallen,St. Gallen,,,975.0,3.5,85.0,,2026.0,3.0,True,False,47.424574201619,9.374930695355,True,True,True,True,True,True,True,True,False,False,
86323919,2026-10-08,2026-10-08,https://flatfox.ch/en/flat/9011-st-gallen/86323919/,APARTMENT,APARTMENT,9011,st gallen,St. Gallen,St. Gallen,,,1350.0,3.5,,,,,False,False,47.412004201613,9.407886694355,True,False,False,False,False,False,True,False,False,False,
86323895,2026-10-08,2026-10-08,https://flatfox.ch/en/flat/lauistrasse-888-9651-ennetbuhl/86323895/,APARTMENT,APARTMENT,9651,Ennetbühl,Nesslau,Toggenburg,1250.0,200.0,,4.5,105.0,,,1.0,False,False,47.242074201615,9.213885694351,True,False,True,True,True,True,True,False,False,False,11.9
86323548,2026-10-08,2026-10-08,https://flatfox.ch/en/flat/pizolstrasse-23-7310-bad-ragaz/86323548/,APARTMENT,APARTMENT,7310,Bad Ragaz,Bad Ragaz,Sarganserland,,,1050.0,2.0,,,,2.0,False,False,47.008804201619,9.498700695351,True,False,False,False,False,False,True,False,False,False,
86323412,2026-10-08,2026-10-08,https://flatfox.ch/en/flat/zurcherstrasse-67-9500-wil-sg/86323412/,APARTMENT,APARTMENT,9500,Wil SG,Zuzwil (SG),Wil,,,1700.0,3.0,90.0,,,,False,False,47.465194201611,9.032173693352,False,False,False,False,False,False,False,False,False,False,
86323312,2026-10-08,2026-10-08,https://flatfox.ch/en/flat/kreuzbleichestrasse-14-9000-st-gallen/86323312/,APARTMENT,APARTMENT,9000,St. Gallen,St. Gallen,St. Gallen,1270.0,160.0,,4.0,,,,3.0,False,False,47.419850201615,9.356054695354,False,False,False,False,True,False,True,False,False,False,
86323252,2026-10-08,2026-10-08,https://flatfox.ch/en/flat/obere-hinterwies-2-9042-speicher/86323252/,APARTMENT,APARTMENT,9042,Speicher,St. Gallen,St. Gallen,2350.0,600.0,2950.0,6.5,326.0,,,3.0,False,False,47.415953201618,9.434504696356,True,False,False,False,False,True,False,False,True,False,7.21
86322892,2026-10-08,2026-10-08,https://flatfox.ch/en/flat/kirchbuntstr-5-9472-grabs/86322892/,APARTMENT,APARTMENT,9472,Grabs,Grabs,Werdenberg,680.0,160.0,840.0,1.0,32.0,1963.0,,1.0,False,False,47.171394201617,9.395828693353,True,False,False,False,False,True,False,False,False,True,21.25
86322795,2026-10-08,2026-10-08,https://flatfox.ch/en/flat/ringgasse-21-9450-altstatten/86322795/,APARTMENT,APARTMENT,9450,Altstätten,Altstätten,Rheintal,1020.0,180.0,,3.0,58.0,,,2.0,False,False,47.377004201611,9.540574695357,True,False,True,True,True,True,False,False,False,True,17.59
86322465,2026-10-08,2026-10-08,https://flatfox.ch/en/flat/sternenstrasse-9230-flawil/86322465/,APARTMENT,APARTMENT,9230,Flawil,Oberuzwil,Wil,,,1320.0,4.0,70.0,,,3.0,False,False,47.415289201614,9.186423695353,False,False,False,False,True,False,True,False,False,False,
86322214,2026-10-08,2026-10-08,https://flatfox.ch/en/flat/wilenstrasse-42-9532-rickenbach-b-wil/86322214/,APARTMENT,APARTMENT,9532,Rickenbach b. Wil,Kirchberg (SG),Toggenburg,,,2200.0,3.0,68.0,,,,False,False,47.452204201611,9.041910694351,False,False,False,False,False,False,False,False,False,False,
86322012,2026-10-08,2026-10-08,https://flatfox.ch/en/flat/walzenhausen-9428-walzenhausen/86322012/,APARTMENT,APARTMENT,9428,Walzenhausen,St. Margrethen,Rheintal,,,930.0,2.5,,,,,False,False,47.451364201612,9.602329694351,False,False,False,False,False,False,False,False,False,False,
86321497,2026-10-08,2026-10-08,https://flatfox.ch/en/flat/diepoldsauerstrasse-25-9443-widnau/86321497/,APARTMENT,APARTMENT,9443,Widnau,Diepoldsau,Rheintal,960.0,250.0,1210.0,4.0,,,,0.0,False,False,47.399214201613,9.639837695357,True,False,False,False,False,False,False,False,False,False,
86320708,2026-10-08,2026-10-08,https://flatfox.ch/en/flat/9000-st-gallen/86320708/,HOUSE,SINGLE_HOUSE,9000,St. Gallen,St. Gallen,St. Gallen,,,2300.0,7.0,110.0,,,,False,False,47.424528201614,9.374914694357,False,False,False,False,False,False,False,False,False,False,
86320703,2026-10-08,2026-10-08,https://flatfox.ch/en/flat/sonnmattstrasse-10-9122-ebersol/86320703/,APARTMENT,APARTMENT,9122,Ebersol,Neckertal,Toggenburg,,,990.0,2.0,40.0,,,,False,False,47.360544201611,9.134317694353,False,False,False,False,False,False,False,False,False,False,
86320568,2026-10-08,2026-10-08,https://flatfox.ch/en/flat/lauistrasse-888-9651-ennetbuhl/86320568/,APARTMENT,APARTMENT,9651,Ennetbühl,Nesslau,Toggenburg,,,1250.0,4.0,105.0,,,,False,False,47.242074201615,9.213885694351,False,False,False,False,False,False,False,False,False,False,
86320426,2026-10-08,2026-10-08,https://flatfox.ch/en/flat/eschenstrasse-8-9514-wuppenau/86320426/,HOUSE,SINGLE_HOUSE,9514,Wuppenau,Wil (SG),Wil,,,2950.0,4.0,669.0,,,,False,False,47.495174201617,9.110183694352,False,False,False,False,False,False,False,False,False,False,
86320288,2026-10-08,2026-10-08,https://flatfox.ch/en/flat/weinfelderstrasse-8-8580-amriswil/86320288/,APARTMENT,APARTMENT,8580,Amriswil,Muolen,St. Gallen,,,1080.0,2.5,60.0,,,,False,False,47.545774201611,9.297083695351,False,False,False,False,False,False,False,False,False,False,
86320183,2026-10-08,2026-10-08,https://flatfox.ch/en/flat/9657-unterwasser/86320183/,APARTMENT,SINGLE_ROOM,9657,Unterwasser,Wildhaus-Alt St. Johann,Toggenburg,,,550.0,1.0,,,,,False,False,47.197145201618,9.308540694353,False,False,False,False,False,False,False,False,False,False,
86319935,2026-10-08,2026-10-08,https://flatfox.ch/en/flat/bachwisstrasse-2-9100-herisau/86319935/,APARTMENT,APARTMENT,9100,Herisau,Gossau (SG),St. Gallen,,285.0,1890.0,5.5,100.0,1974.0,2025.0,3.0,False,False,47.392867201617,9.268688693353,True,True,True,True,True,True,True,True,True,False,
86319644,2026-10-08,2026-10-08,https://flatfox.ch/en/flat/8580-amriswil/86319644/,APARTMENT,APARTMENT,8580,Amriswil,Muolen,St. Gallen,,,1530.0,3.5,86.0,,,2.0,False,False,47.550096201612,9.292369695351,True,False,True,True,True,True,True,False,False,False,
86319625,2026-10-08,2026-10-08,https://flatfox.ch/en/flat/sonnmattstrasse-10-9122-mogelsberg/86319625/,APARTMENT,APARTMENT,9122,Mogelsberg,Neckertal,Toggenburg,860.0,130.0,,2.0,40.0,1976.0,2014.0,1.0,False,False,47.360544201611,9.134317694353,True,False,False,False,True,True,True,False,True,True,21.5
86319134,2026-10-08,2026-10-08,https://flatfox.ch/en/flat/tellstrasse-12-8580-amriswil/86319134/,APARTMENT,APARTMENT,8580,Amriswil,Muolen,St. Gallen,,,1500.0,3.5,74.0,,,,False,False,47.548924201618,9.300654694358,False,False,False,False,False,False,False,False,False,False,
86318638,2026-10-08,2026-10-08,https://flatfox.ch/en/flat/stadeliwies-5-9422-staad-sg/86318638/,APARTMENT,APARTMENT,9422,Staad SG,Thal,Rorschach,,,1800.0,4.0,100.0,,,,False,False,47.483244201611,9.544355698353,False,False,False,False,False,False,False,False,False,False,
86318129,2026-10-08,2026-10-08,https://flatfox.ch/en/flat/9453-eichberg/86318129/,APARTMENT,APARTMENT,9453,Eichberg,Eichberg,Rheintal,,,790.0,1.5,60.0,,,,False,False,47.345963201611,9.518903696351,False,False,False,False,False,False,False,False,False,False,
86317829,2026-10-08,2026-10-08,https://flatfox.ch/en/flat/tannenbergstrasse-14-9032-engelburg/86317829/,APARTMENT,APARTMENT,9032,Engelburg,Gaiserwald,St. Gallen,,,1250.0,3.5,67.0,,,1.0,False,False,47.445194201611,9.338123694353,False,False,False,False,True,True,False,False,False,False,
86317426,2026-10-08,2026-10-08,https://flatfox.ch/en/flat/risegg-2-9422-staad/86317426/,APARTMENT,DUPLEX,9422,Staad,Thal,Rorschach,1830.0,285.0,2115.0,4.5,114.0,,,,False,False,47.478654201611,9.538934697352,False,True,False,False,False,False,False,False,False,True,16.05
86317418,2026-10-08,2026-10-08,https://flatfox.ch/en/flat/waisenhausstrasse-5-9000-st-gallen/86317418/,APARTMENT,APARTMENT,9000,St. Gallen,St. Gallen,St. Gallen,,,2150.0,2.5,69.0,2008.0,,3.0,True,True,47.424275201615,9.372863694351,True,True,True,True,True,False,False,False,False,True,
86316669,2026-10-08,2026-10-08,https://flatfox.ch/en/flat/seebuelstr-10-9403-goldach/86316669/,APARTMENT,APARTMENT,9403,Goldach,Rorschacherberg,Rorschach,1390.0,200.0,1590.0,3.5,85.0,1976.0,2015.0,2.0,False,False,47.480354201613,9.471665695356,True,False,False,False,False,False,False,False,False,False,16.35
86316009,2026-10-08,2026-10-08,https://flatfox.ch/en/flat/zilstrasse-8-9016-st-gallen/86316009/,APARTMENT,APARTMENT,9016,St. Gallen,St. Gallen,St. Gallen,1357.0,253.0,1610.0,3.5,76.0,,,3.0,False,False,47.441164201611,9.404496698352,True,True,False,False,False,True,False,False,False,False,17.86
86315096,2026-10-08,2026-10-08,https://flatfox.ch/en/flat/gerhaldenstrasse-45-9008-st-gallen/86315096/,APARTMENT,APARTMENT,9008,St. Gallen,St. Gallen,St. Gallen,1580.0,230.0,1810.0,3.0,80.0,,,3.0,False,False,47.439123201611,9.383508695351,False,False,False,False,False,False,False,False,False,False,19.75
86314333,2026-10-08,2026-10-08,https://flatfox.ch/en/flat/guggenloch-79-9604-unterrindal/86314333/,APARTMENT,APARTMENT,9604,Unterrindal,Lütisburg,Toggenburg,,,1280.0,3.0,80.0,,,,False,False,47.392214201616,9.071270694351,False,False,False,False,False,False,False,False,False,False,
86314311,2026-10-08,2026-10-08,https://flatfox.ch/en/flat/moosweg-10-9470-buchs/86314311/,APARTMENT,DUPLEX,9470,Buchs,Grabs,Werdenberg,1950.0,200.0,2150.0,3.5,88.0,2025.0,,1.0,False,False,47.164664201616,9.465917690354,False,False,False,False,False,True,True,False,False,False,22.16
86314237,2026-10-08,2026-10-08,https://flatfox.ch/en/flat/rosengartenstrasse-20-8716-schmerikon/86314237/,APARTMENT,APARTMENT,8716,Schmerikon,Schmerikon,See-Gaster,,,2500.0,4.5,120.0,,2026.0,2.0,False,False,47.228694201618,8.957677695358,True,False,True,True,True,True,True,True,True,True,
86314075,2026-10-08,2026-10-08,https://flatfox.ch/en/flat/9472-grabs/86314075/,HOUSE,SINGLE_HOUSE,9472,Grabs,Grabs,Werdenberg,,100.0,2700.0,6.5,165.0,,,,False,False,47.171394201618,9.395835696352,True,False,False,True,True,True,True,True,False,False,
86313549,2026-10-08,2026-10-08,https://flatfox.ch/en/flat/hochwacht-c-9552-wil/86313549/,APARTMENT,APARTMENT,9552,Wil,Wil (SG),Wil,1270.0,120.0,1390.0,2.5,39.0,,,0.0,False,False,47.477064201616,9.037663694355,False,False,False,False,False,False,False,False,False,False,32.56
86313345,2026-10-08,2026-10-08,https://flatfox.ch/en/flat/hauptstrasse-10a-9030-abtwil/86313345/,APARTMENT,APARTMENT,9030,Abtwil,Gaiserwald,St. Gallen,1650.0,500.0,2150.0,5.5,125.0,1983.0,,1.0,False,False,47.420404201614,9.316396697359,False,False,False,False,False,False,False,False,False,False,13.2
86313293,2026-10-08,2026-10-08,https://flatfox.ch/en/flat/landernachstrasse-50-9443-widnau/86313293/,APARTMENT,ATTIC_FLAT,9443,Widnau,Diepoldsau,Rheintal,1850.0,280.0,2130.0,3.5,95.0,2013.0,,,False,False,47.412474201619,9.638697694351,False,True,False,False,False,False,True,True,False,True,19.47
86313275,2026-10-08,2026-10-08,https://flatfox.ch/en/flat/st-gallerstrasse-113-9230-flawil/86313275/,APARTMENT,APARTMENT,9230,Flawil,Oberuzwil,Wil,1378.0,190.0,1568.0,2.5,69.0,,,1.0,False,False,47.412124201617,9.196244694357,True,True,False,False,False,True,False,False,False,False,19.97
86312977,2026-10-08,2026-10-08,https://flatfox.ch/en/flat/zilstrasse-16-9016-st-gallen/86312977/,APARTMENT,APARTMENT,9016,St. Gallen,St. Gallen,St. Gallen,1300.0,210.0,1510.0,3.5,76.0,,,4.0,False,False,47.441834201611,9.405194694351,True,False,False,False,False,False,False,False,False,False,17.11
86312911,2026-10-08,2026-10-08,https://flatfox.ch/en/flat/schulstrasse-5a-9607-mosnang/86312911/,APARTMENT,APARTMENT,9607,Mosnang,Mosnang,Toggenburg,,100.0,1700.0,2.5,90.0,2004.0,2024.0,0.0,False,False,47.363774201615,9.041487694356,True,False,True,False,True,True,True,False,False,True,
86312797,2026-10-08,2026-10-08,https://flatfox.ch/en/flat/wassergasse-1c-9472-grabs/86312797/,APARTMENT,APARTMENT,9472,Grabs,Grabs,Werdenberg,1140.0,160.0,1300.0,2.0,42.0,2017.0,,3.0,False,False,47.182024201619,9.446220694355,False,True,False,False,False,False,True,True,False,False,27.14
86312762,2026-10-08,2026-10-08,https://flatfox.ch/en/flat/rofenstrasse-2-9220-bischofszell/86312762/,APARTMENT,APARTMENT,9220,Bischofszell,Muolen,St. Gallen,1400.0,300.0,1700.0,4.5,95.0,,,3.0,False,False,47.501104201619,9.238516690359,True,False,False,False,False,False,True,False,False,False,14.74
86312446,2026-10-08,2026-10-08,https://flatfox.ch/en/flat/guterstrasse-7a-9470-buchs-sg/86312446/,APARTMENT,APARTMENT,9470,Buchs SG,Grabs,Werdenberg,2120.0,190.0,2310.0,4.5,107.0,2025.0,,1.0,False,False,47.169685201618,9.477143694351,True,True,False,False,False,False,False,False,False,False,19.81
86312424,2026-10-08,2026-10-08,https://flatfox.ch/en/flat/trischlistrasse-8-9400-rorschach/86312424/,APARTMENT,APARTMENT,9400,Rorschach,Rorschach,Rorschach,1350.0,290.0,1640.0,4.5,81.0,1920.0,,1.0,False,False,47.478444201615,9.488856694351,False,False,False,False,False,False,False,False,False,False,16.67
86312363,2026-10-08,2026-10-08,https://flatfox.ch/en/flat/st-gallerstrasse-113-9230-flawil/86312363/,APARTMENT,APARTMENT,9230,Flawil,Oberuzwil,Wil,1377.0,190.0,1567.0,2.5,67.0,,,1.0,False,False,47.412124201617,9.196244694357,True,True,False,False,False,True,False,False,False,False,20.55
86312207,2026-10-08,2026-10-08,https://flatfox.ch/en/flat/dossenstr-3-9470-buchs-sg/86312207/,APARTMENT,APARTMENT,9470,Buchs SG,Grabs,Werdenberg,1620.0,270.0,1890.0,3.5,94.0,2013.0,,0.0,False,False,47.173424201613,9.468884690356,False,True,False,False,False,False,True,True,False,True,17.23
86312177,2026-10-08,2026-10-08,https://flatfox.ch/en/flat/kesselhaldenstrasse-77-9016-st-gallen/86312177/,APARTMENT,APARTMENT,9016,St. Gallen,St. Gallen,St. Gallen,1820.0,320.0,,5.5,177.0,,,3.0,False,False,47.447874201616,9.405503694357,True,False,False,False,False,False,False,False,False,False,10.28
86311639,2026-10-08,2026-10-08,https://flatfox.ch/en/flat/9445-rebstein/86311639/,APARTMENT,APARTMENT,9445,Rebstein,Rebstein,Rheintal,,,1690.0,3.5,,,,3.0,True,True,47.397774201612,9.582714694355,True,True,True,True,True,True,True,True,False,False,
86311184,2026-10-08,2026-10-08,https://flatfox.ch/en/flat/fischmarktplatz-3-8640-rapperswil/86311184/,APARTMENT,APARTMENT,8640,Rapperswil,Rapperswil-Jona,See-Gaster,900.0,100.0,,1.0,,,,3.0,False,False,47.225698201611,8.815494693352,False,False,False,False,False,True,False,False,False,False,
86310895,2026-10-08,2026-10-08,https://flatfox.ch/en/flat/oberdorfstrasse-84-9100-herisau/86310895/,APARTMENT,ROOF_FLAT,9100,Herisau,Gossau (SG),St. Gallen,,140.0,1290.0,3.0,65.0,,,2.0,False,False,47.386834201614,9.286444694357,False,False,True,False,True,False,False,True,False,True,
86310837,2026-10-08,2026-10-08,https://flatfox.ch/en/flat/robert-walserstrasse-11a-9100-herisau/86310837/,APARTMENT,APARTMENT,9100,Herisau,Gossau (SG),St. Gallen,1441.0,369.0,1810.0,4.5,109.0,1991.0,2014.0,3.0,False,False,47.396594201617,9.266276694351,False,False,False,False,False,False,False,False,False,False,13.22
86310257,2026-10-08,2026-10-08,https://flatfox.ch/en/flat/9475-sevelen/86310257/,APARTMENT,APARTMENT,9475,Sevelen,Sevelen,Werdenberg,,,1400.0,4.0,,,2026.0,2.0,False,False,47.125144201613,9.478849695357,True,False,True,True,True,False,True,True,False,False,
86309934,2026-10-08,2026-10-08,https://flatfox.ch/en/flat/amp-str-17-9552-bronschhofen/86309934/,APARTMENT,APARTMENT,9552,Bronschhofen,Wil (SG),Wil,1320.0,220.0,1540.0,3.5,81.0,1998.0,,2.0,False,False,47.479374201611,9.029715694353,True,True,False,False,False,False,True,True,False,True,16.3
86309932,2026-10-08,2026-10-08,https://flatfox.ch/en/flat/kantonsstr-52d-8863-buttikon-sz/86309932/,APARTMENT,ROOF_FLAT,8863,Buttikon SZ,Benken (SG),See-Gaster,1960.0,245.0,2205.0,3.5,111.0,2014.0,,3.0,False,False,47.174904201613,8.946715694356,False,False,False,False,False,False,False,True,False,False,17.66
86309602,2026-10-08,2026-10-08,https://flatfox.ch/en/flat/nordstrasse-41-8580-amriswil/86309602/,APARTMENT,APARTMENT,8580,Amriswil,Muolen,St. Gallen,1590.0,220.0,1810.0,3.5,96.0,2015.0,,2.0,False,False,47.551274201614,9.296160694357,True,True,False,False,False,False,False,False,False,False,16.56
86309167,2026-10-08,2026-10-08,https://flatfox.ch/en/flat/jl-custerstrasse-1-9450-altstatten-sg/86309167/,APARTMENT,APARTMENT,9450,Altstätten SG,Altstätten,Rheintal,1175.0,220.0,,4.5,,,2020.0,1.0,False,False,47.380044201617,9.552924694356,True,False,False,False,True,True,True,True,False,False,
86308172,2026-10-08,2026-10-08,https://flatfox.ch/en/flat/im-stadtwald-1-9400-rorschach/86308172/,APARTMENT,APARTMENT,9400,Rorschach,Rorschach,Rorschach,1220.0,260.0,1480.0,3.5,80.0,,,1.0,False,False,47.475140201611,9.486287695357,False,True,False,False,False,False,False,False,False,False,15.25
86307336,2026-10-08,2026-10-08,https://flatfox.ch/en/flat/8872-weesen/86307336/,APARTMENT,APARTMENT,8872,Weesen,Weesen,See-Gaster,3400.0,350.0,,4.5,151.0,2014.0,,1.0,False,False,47.136184201614,9.103116696359,True,True,True,True,True,True,True,True,False,True,22.52
86306975,2026-10-08,2026-10-08,https://flatfox.ch/en/flat/gubsenstrasse-61a-9015-stgallen/86306975/,APARTMENT,APARTMENT,9015,St.Gallen,Gossau (SG),St. Gallen,1550.0,250.0,,4.5,100.0,1987.0,,1.0,False,False,47.397274201613,9.305590695352,False,False,False,True,False,True,True,False,False,False,15.5
86306943,2026-10-08,2026-10-08,https://flatfox.ch/en/flat/gubsenstrasse-61a-9015-st-gallen/86306943/,APARTMENT,APARTMENT,9015,St. Gallen,Gossau (SG),St. Gallen,,,500.0,1.0,40.0,,,0.0,False,False,47.397274201613,9.305590695352,False,False,False,False,False,True,False,False,False,False,
86306519,2026-10-08,2026-10-08,https://flatfox.ch/en/flat/bahnhofstrasse-7-7320-sargans/86306519/,APARTMENT,APARTMENT,7320,Sargans,Wartau,Werdenberg,1890.0,280.0,,5.0,101.0,,2026.0,2.0,False,False,47.047164201617,9.441697695356,True,False,False,False,True,True,False,False,False,False,18.71
86306285,2026-10-08,2026-10-08,https://flatfox.ch/en/flat/espentobelstrasse-5a-9008-st-gallen/86306285/,APARTMENT,DUPLEX,9008,St. Gallen,St. Gallen,St. Gallen,1590.0,260.0,1850.0,4.5,100.0,,,0.0,False,False,47.440774201614,9.396919694353,True,False,False,False,False,False,False,False,False,False,15.9
86304899,2026-10-08,2026-10-08,https://flatfox.ch/en/flat/konstanzerstrasse-58-9500-wil-sg/86304899/,APARTMENT,APARTMENT,9500,Wil SG,Zuzwil (SG),Wil,1645.0,195.0,,3.5,85.0,,2025.0,0.0,False,False,47.476654201611,9.066808690353,True,False,True,True,True,True,True,False,True,True,19.35
86304823,2026-10-08,2026-10-08,https://flatfox.ch/en/flat/toggenburgerstrasse-17-9652-neu-st-johann/86304823/,APARTMENT,APARTMENT,9652,Neu St. Johann,Nesslau,Toggenburg,1950.0,270.0,2220.0,3.5,94.0,2026.0,,4.0,False,False,47.228994201611,9.194863694357,True,True,False,False,False,True,True,True,False,False,20.74
86304483,2026-10-08,2026-10-08,https://flatfox.ch/en/flat/9630-wattwil/86304483/,APARTMENT,APARTMENT,9630,Wattwil,Mosnang,Toggenburg,,,1800.0,4.0,113.0,,,,False,False,47.290174201611,9.084625693359,False,False,False,False,False,False,False,False,False,False,
86302197,2026-10-08,2026-10-08,https://flatfox.ch/en/flat/tandemweg-3-7320-sargans/86302197/,APARTMENT,APARTMENT,7320,Sargans,Wartau,Werdenberg,,,1743.0,3.0,77.0,,,,False,False,47.047514201611,9.435644694359,False,False,False,False,False,False,False,False,False,False,
86300025,2026-10-08,2026-10-08,https://flatfox.ch/en/flat/8718-schanis/86300025/,APARTMENT,APARTMENT,8718,Schänis,Schänis,See-Gaster,,220.0,1750.0,4.5,82.0,,2018.0,1.0,False,False,47.158194201616,9.072919694355,True,False,True,True,True,True,True,False,False,False,
86299932,2026-10-08,2026-10-08,https://flatfox.ch/en/flat/buchenstrasse-26-9100-herisau/86299932/,APARTMENT,APARTMENT,9100,Herisau,Gossau (SG),St. Gallen,,150.0,1350.0,2.5,45.0,,,3.0,False,False,47.387929201611,9.281884697353,False,False,True,False,True,False,False,False,False,True,
86299766,2026-10-08,2026-10-08,https://flatfox.ch/en/flat/alvierstr-13-9475-sevelen/86299766/,APARTMENT,APARTMENT,9475,Sevelen,Sevelen,Werdenberg,1660.0,400.0,2060.0,4.5,86.0,1983.0,,1.0,False,False,47.127933201612,9.486314694354,True,False,False,False,False,True,False,False,False,False,19.3
86298799,2026-10-08,2026-10-08,https://flatfox.ch/en/flat/8645-jona/86298799/,APARTMENT,FURNISHED_FLAT,8645,Jona,Rapperswil-Jona,See-Gaster,,,2694.0,3.5,87.0,,,,True,True,47.230834201617,8.836970694351,True,True,False,False,False,False,False,False,False,False,
86296467,2026-10-08,2026-10-08,https://flatfox.ch/en/flat/lowenstrasse-22-9400-rorschach/86296467/,APARTMENT,APARTMENT,9400,Rorschach,Rorschach,Rorschach,,,690.0,1.0,10.0,,2024.0,2.0,True,False,47.476714201613,9.487708695352,False,False,False,False,False,False,False,False,False,False,
86296383,2026-10-08,2026-10-08,https://flatfox.ch/en/flat/sonnhaldenstrasse-7-11-9113-degersheim/86296383/,APARTMENT,APARTMENT,9113,Degersheim,Flawil,Wil,,,1500.0,2.0,61.0,,,,False,False,47.377034201618,9.202203693356,False,False,False,False,False,False,False,False,False,False,
86296306,2026-10-08,2026-10-08,https://flatfox.ch/en/flat/zurcherstrasse-67-9500-wil/86296306/,APARTMENT,APARTMENT,9500,Wil,Zuzwil (SG),Wil,,,1850.0,2.5,95.0,1948.0,2025.0,1.0,False,False,47.465194201611,9.032173693352,True,False,True,True,True,False,True,False,False,False,
86295217,2026-10-08,2026-10-08,https://flatfox.ch/en/flat/zilstrasse-4-9016-st-gallen/86295217/,APARTMENT,APARTMENT,9016,St. Gallen,St. Gallen,St. Gallen,1300.0,240.0,1540.0,3.5,76.0,,,1.0,False,False,47.441024201611,9.404113694354,True,False,False,False,False,True,False,False,False,False,17.11
86294614,2026-10-08,2026-10-08,https://flatfox.ch/en/flat/wangserstrasse-16-8887-mels/86294614/,APARTMENT,APARTMENT,8887,Mels,Mels,Sarganserland,1700.0,200.0,1900.0,3.5,93.0,2016.0,,2.0,False,False,47.045989201618,9.420367694358,True,True,False,False,False,False,False,True,False,False,18.28
86294447,2026-10-08,2026-10-08,https://flatfox.ch/en/flat/hofacherstrasse-1-8637-laupen-zh/86294447/,APARTMENT,APARTMENT,8637,Laupen ZH,Eschenbach (SG),See-Gaster,1340.0,220.0,1560.0,3.0,76.0,0.0,,1.0,False,False,47.265684201613,8.926093696351,False,False,False,False,False,False,True,False,False,False,17.63
86294417,2026-10-08,2026-10-08,https://flatfox.ch/en/flat/st-gallerstrasse-75-9230-flawil/86294417/,APARTMENT,APARTMENT,9230,Flawil,Oberuzwil,Wil,1150.0,130.0,1280.0,2.0,45.0,,,2.0,False,False,47.412584201614,9.191440694357,True,True,False,False,False,True,False,False,False,False,25.56
86294167,2026-10-08,2026-10-08,https://flatfox.ch/en/flat/wiesentalstrasse-7-9404-rorschacherberg/86294167/,APARTMENT,APARTMENT,9404,Rorschacherberg,Thal,Rorschach,1101.0,200.0,,3.0,61.0,,,3.0,False,False,47.471890201617,9.483206694355,True,False,False,False,False,True,True,False,False,True,18.05
86293886,2026-10-08,2026-10-08,https://flatfox.ch/en/flat/wilerstrasse-90-9630-wattwil/86293886/,APARTMENT,APARTMENT,9630,Wattwil,Mosnang,Toggenburg,,,800.0,1.0,30.0,,,,False,False,47.315209201616,9.085150694357,False,False,False,False,False,False,False,False,False,False,
86293409,2026-10-08,2026-10-08,https://flatfox.ch/en/flat/bahnhofstrasse-26-9470-buchs/86293409/,APARTMENT,APARTMENT,9470,Buchs,Grabs,Werdenberg,1580.0,350.0,1930.0,4.0,91.0,,,4.0,False,False,47.166624201612,9.475040694353,True,True,False,False,False,False,False,False,False,False,17.36
86293363,2026-10-08,2026-10-08,https://flatfox.ch/en/flat/bahnhofstrasse-26-9470-buchs/86293363/,APARTMENT,APARTMENT,9470,Buchs,Grabs,Werdenberg,1330.0,295.0,1625.0,3.0,,,,4.0,False,False,47.166624201612,9.475040694353,True,True,False,False,True,False,False,False,False,False,
86292270,2026-10-08,2026-10-08,https://flatfox.ch/en/flat/hofenstrasse-2-9300-wittenbach/86292270/,APARTMENT,APARTMENT,9300,Wittenbach,Berg (SG),Rorschach,,210.0,1390.0,3.5,70.0,,,3.0,False,False,47.463619201616,9.386599694358,True,False,False,False,False,True,True,True,False,False,
86291874,2026-10-08,2026-10-08,https://flatfox.ch/en/flat/marktgasse-17-9450-luchingen/86291874/,APARTMENT,APARTMENT,9450,Lüchingen,Altstätten,Rheintal,,,1380.0,3.0,84.0,,,,False,False,47.377827201619,9.539794694358,False,False,False,False,False,False,False,False,False,False,
86291807,2026-10-08,2026-10-08,https://flatfox.ch/en/flat/staatsstrasse-54-9464-ruthi/86291807/,HOUSE,SINGLE_HOUSE,9464,Rüthi,Rüthi (SG),Rheintal,2250.0,200.0,,6.5,153.0,,,,False,False,47.290125201618,9.535349694358,True,False,True,False,True,True,True,False,False,True,14.71
86291431,2026-10-08,2026-10-08,https://flatfox.ch/en/flat/rosengartenstrasse-22-8716-schmerikon/86291431/,APARTMENT,APARTMENT,8716,Schmerikon,Schmerikon,See-Gaster,,,2300.0,3.5,90.0,,2026.0,,False,False,47.228657201612,8.957394693356,True,False,True,True,True,True,False,True,False,True,
86291346,2026-10-08,2026-10-08,https://flatfox.ch/en/flat/bahnhofstrasse-19-8580-amriswil/86291346/,APARTMENT,APARTMENT,8580,Amriswil,Muolen,St. Gallen,1100.0,150.0,1250.0,2.5,,,,2.0,False,False,47.547695201619,9.301605694351,False,False,False,False,False,False,False,False,False,True,
86290774,2026-10-08,2026-10-08,https://flatfox.ch/en/flat/bahnhofstrasse-26-9470-buchs/86290774/,APARTMENT,APARTMENT,9470,Buchs,Grabs,Werdenberg,2300.0,620.0,2920.0,6.5,201.0,,,1.0,False,False,47.166624201612,9.475040694353,True,True,False,False,True,False,False,True,False,False,11.44
86290684,2026-10-08,2026-10-08,https://flatfox.ch/en/flat/risegg-6-9422-thal/86290684/,APARTMENT,APARTMENT,9422,Thal,Thal,Rorschach,1800.0,490.0,2290.0,5.5,,,,3.0,False,False,47.478624201615,9.539943694351,True,True,False,False,True,False,False,False,False,False,
86290372,2026-10-08,2026-10-08,https://flatfox.ch/en/flat/marktgasse-51-9500-wil/86290372/,APARTMENT,APARTMENT,9500,Wil,Zuzwil (SG),Wil,,,1380.0,2.5,,,,,False,False,47.466754201613,9.048864694357,False,False,True,False,True,False,False,False,True,False,
86289402,2026-10-08,2026-10-08,https://flatfox.ch/en/flat/grossackerstr-10-9000-st-gallen/86289402/,APARTMENT,APARTMENT,9000,St. Gallen,St. Gallen,St. Gallen,1175.0,320.0,1495.0,4.0,76.0,1952.0,1989.0,0.0,False,False,47.429246201612,9.392633694359,True,False,False,False,False,False,False,False,False,False,15.46
86288998,2026-10-08,2026-10-08,https://flatfox.ch/en/flat/bildstock-7-9323-steinach/86288998/,APARTMENT,APARTMENT,9323,Steinach,Steinach,Rorschach,820.0,170.0,990.0,2.0,49.0,1961.0,1994.0,2.0,False,False,47.499594201619,9.438843693354,False,False,False,False,False,False,False,False,False,False,16.73
86288987,2026-10-08,2026-10-08,https://flatfox.ch/en/flat/hauptstrasse-45-9400-rorschach/86288987/,APARTMENT,ROOF_FLAT,9400,Rorschach,Rorschach,Rorschach,1200.0,245.0,1445.0,3.5,,,2014.0,5.0,False,False,47.477947201613,9.493853694358,False,False,True,False,True,True,False,False,False,True,
86288965,2026-10-08,2026-10-08,https://flatfox.ch/en/flat/rietstrasse-11-9437-marbach/86288965/,APARTMENT,APARTMENT,9437,Marbach,Marbach (SG),Rheintal,2025.0,220.0,2245.0,4.5,111.0,2024.0,,2.0,False,False,47.391774201617,9.570013694353,True,True,False,False,False,False,False,False,False,False,18.24
86287578,2026-10-08,2026-10-08,https://flatfox.ch/en/flat/lindenstr-21-9000-st-gallen/86287578/,APARTMENT,ROOF_FLAT,9000,St. Gallen,St. Gallen,St. Gallen,830.0,160.0,990.0,2.0,47.0,1928.0,,4.0,False,False,47.431914201611,9.387736699357,False,False,False,False,False,True,False,False,False,False,17.66
86285014,2026-10-08,2026-10-08,https://flatfox.ch/en/flat/farbgutstrasse-12-9000-st-gallen/86285014/,APARTMENT,APARTMENT,9000,St. Gallen,St. Gallen,St. Gallen,1100.0,170.0,,3.5,,,,2.0,False,False,47.435224201611,9.387438699355,False,False,False,False,True,False,True,False,False,False,
86284940,2026-10-08,2026-10-08,https://flatfox.ch/en/flat/amp-str-15-9552-bronschhofen/86284940/,APARTMENT,APARTMENT,9552,Bronschhofen,Wil (SG),Wil,1600.0,300.0,1900.0,4.5,103.0,1998.0,,1.0,False,False,47.479454201613,9.030068694355,False,True,False,False,False,False,True,True,False,True,15.53
86284895,2026-10-08,2026-10-08,https://flatfox.ch/en/flat/kronengasse-2-9463-oberriet-sg/86284895/,APARTMENT,APARTMENT,9463,Oberriet SG,Altstätten,Rheintal,1490.0,150.0,1640.0,3.5,78.0,2019.0,,0.0,False,False,47.319085201612,9.563404694358,False,False,False,False,False,False,False,False,False,False,19.1
86284437,2026-10-08,2026-10-08,https://flatfox.ch/en/flat/oberstrasse-101-9000-st-gallen/86284437/,APARTMENT,APARTMENT,9000,St. Gallen,St. Gallen,St. Gallen,,230.0,2230.0,3.5,82.0,,2025.0,3.0,False,False,47.415764201616,9.361408695351,True,False,True,True,True,True,True,True,False,True,
86284154,2026-10-08,2026-10-08,https://flatfox.ch/en/flat/speicherstr-29-9000-st-gallen/86284154/,APARTMENT,DUPLEX,9000,St. Gallen,St. Gallen,St. Gallen,1620.0,280.0,1900.0,4.5,115.0,1986.0,,0.0,False,False,47.424854201611,9.385290694351,False,False,False,False,False,False,False,True,False,True,14.09
86283731,2026-10-08,2026-10-08,https://flatfox.ch/en/flat/sporgasse-1c-9472-grabs/86283731/,APARTMENT,APARTMENT,9472,Grabs,Grabs,Werdenberg,930.0,120.0,1050.0,1.5,30.0,,2018.0,2.0,False,False,47.181714201612,9.445149694358,True,False,False,False,False,True,False,False,False,False,31.0
86283664,2026-10-08,2026-10-08,https://flatfox.ch/en/flat/waldaustrasse-15-9000-stgallen/86283664/,APARTMENT,APARTMENT,9000,St.Gallen,St. Gallen,St. Gallen,,,850.0,2.5,70.0,,,0.0,True,False,47.419464201611,9.351917694357,True,False,True,False,True,False,True,False,False,True,
86283391,2026-10-08,2026-10-08,https://flatfox.ch/en/flat/rosenweg-4-9323-steinach/86283391/,APARTMENT,APARTMENT,9323,Steinach,Steinach,Rorschach,,200.0,1350.0,3.5,64.0,,,1.0,False,False,47.502784201619,9.440886699357,True,False,False,False,False,False,True,False,False,False,
86282985,2026-10-08,2026-10-08,https://flatfox.ch/en/flat/waldaustrasse-17-9000-st-gallen/86282985/,APARTMENT,APARTMENT,9000,St. Gallen,St. Gallen,St. Gallen,1390.0,180.0,1570.0,4.5,95.0,,,2.0,False,False,47.419340201616,9.351639694356,False,False,True,False,False,False,False,False,False,False,14.63
86282854,2026-10-08,2026-10-08,https://flatfox.ch/en/flat/steintalstrasse-9400-rorschach/86282854/,APARTMENT,SINGLE_ROOM,9400,Rorschach,Rorschach,Rorschach,,,700.0,1.0,,,,,False,False,47.474014201613,9.496934699359,False,False,False,False,False,False,False,False,False,False,
86282808,2026-10-08,2026-10-08,https://flatfox.ch/en/flat/wiesengrunstrasse-12-9524-zuzwil/86282808/,APARTMENT,APARTMENT,9524,Zuzwil,Zuzwil (SG),Wil,1400.0,200.0,,2.5,88.0,2006.0,,3.0,False,False,47.472425201614,9.109777694352,True,True,True,True,True,True,True,True,False,True,15.91
86282120,2026-10-08,2026-10-08,https://flatfox.ch/en/flat/unterstrasse-59-9000-stgallen/86282120/,APARTMENT,APARTMENT,9000,St.Gallen,St. Gallen,St. Gallen,,,1950.0,4.5,85.0,,,,True,True,47.418034201616,9.365670698358,False,False,True,False,False,True,False,False,False,False,
86281613,2026-10-08,2026-10-08,https://flatfox.ch/en/flat/9010-st-gallen/86281613/,APARTMENT,APARTMENT,9010,St Gallen,St. Gallen,St. Gallen,1768.0,240.0,,5.0,95.0,,,3.0,True,True,47.442168201615,9.371366694359,True,False,False,False,True,False,False,False,False,False,18.61
86281605,2026-10-08,2026-10-08,https://flatfox.ch/en/flat/rappensteinstrasse-5-9000-st-gallen/86281605/,APARTMENT,APARTMENT,9000,St. Gallen,St. Gallen,St. Gallen,,,1230.0,3.0,73.0,,,2.0,True,True,47.430604201619,9.397369696353,True,False,False,False,True,False,False,False,False,False,
86281259,2026-10-08,2026-10-08,https://flatfox.ch/en/flat/schwanberg-2681-9100-herisau/86281259/,APARTMENT,APARTMENT,9100,Herisau,Gossau (SG),St. Gallen,,150.0,1100.0,1.0,40.0,1984.0,2022.0,0.0,True,False,47.394314201612,9.239944694353,True,False,False,False,False,True,True,False,True,False,
86281195,2026-10-08,2026-10-08,https://flatfox.ch/en/flat/oberstrasse-37-9000-st-gallen/86281195/,APARTMENT,APARTMENT,9000,St. Gallen,St. Gallen,St. Gallen,,250.0,1750.0,3.5,124.0,,,5.0,False,False,47.417604201615,9.365763694352,True,False,True,False,True,True,False,False,False,False,
86279880,2026-10-08,2026-10-08,https://flatfox.ch/en/flat/9100-herisau/86279880/,APARTMENT,APARTMENT,9100,Herisau,Gossau (SG),St. Gallen,,,990.0,4.0,50.0,,,3.0,False,True,47.382428201616,9.286794694353,True,False,False,True,False,True,False,False,False,True,
86277959,2026-10-08,2026-10-08,https://flatfox.ch/en/flat/blumenweg-2-9451-kriessern/86277959/,APARTMENT,APARTMENT,9451,Kriessern,Oberriet (SG),Rheintal,,,2380.0,5.5,165.0,,,,False,False,47.363504201611,9.606425690359,False,False,False,False,False,False,False,False,False,False,
86276673,2026-10-08,2026-10-08,https://flatfox.ch/en/flat/wilerstrasse-78-9630-wattwil/86276673/,APARTMENT,APARTMENT,9630,Wattwil,Mosnang,Toggenburg,,,1100.0,2.0,,,2022.0,1.0,False,False,47.313554201611,9.084406694354,True,False,False,False,True,False,True,False,False,False,
86276623,2026-10-08,2026-10-08,https://flatfox.ch/en/flat/hans-saxer-strasse-51-9453-eichberg/86276623/,APARTMENT,APARTMENT,9453,Eichberg,Eichberg,Rheintal,,,790.0,1.5,60.0,,,,False,False,47.344364201612,9.513749696356,False,False,False,False,False,False,False,False,False,False,
86276454,2026-10-08,2026-10-08,https://flatfox.ch/en/flat/stuckelbergstrasse-7-9000-st-gallen/86276454/,APARTMENT,APARTMENT,9000,St. Gallen,St. Gallen,St. Gallen,,250.0,1550.0,4.0,103.0,,,,False,False,47.416104201619,9.356164696355,True,False,False,False,True,False,False,False,False,False,
86274589,2026-10-08,2026-10-08,https://flatfox.ch/en/flat/kronenstrasse-10-9400-rorschach/86274589/,APARTMENT,APARTMENT,9400,Rorschach,Rorschach,Rorschach,,,,3.5,,,,2.0,False,False,47.478114201612,9.490156696353,True,True,False,False,False,False,False,False,False,False,
86274315,2026-10-08,2026-10-08,https://flatfox.ch/en/flat/seeblickstr-10-haus-a-8645-jona/86274315/,APARTMENT,APARTMENT,8645,Jona,Rapperswil-Jona,See-Gaster,3765.0,415.0,4180.0,5.5,124.0,2024.0,,2.0,False,False,47.219584201612,8.832267694351,False,False,False,False,False,False,False,True,False,True,30.36
86273560,2026-10-08,2026-10-08,https://flatfox.ch/en/flat/grossstein-6-8718-schanis/86273560/,APARTMENT,APARTMENT,8718,Schänis,Schänis,See-Gaster,1610.0,240.0,1850.0,4.5,103.0,0.0,,3.0,False,False,47.156125201611,9.045004694353,True,False,False,False,False,True,True,True,True,True,15.63
86272907,2026-10-08,2026-10-08,https://flatfox.ch/en/flat/st-gallerstrasse-155-9200-gossau/86272907/,APARTMENT,APARTMENT,9200,Gossau,Gossau (SG),St. Gallen,,190.0,1950.0,3.5,93.0,2018.0,,3.0,False,False,47.416814201616,9.261138694351,True,True,True,True,True,True,False,True,False,False,
86272083,2026-10-08,2026-10-08,https://flatfox.ch/en/flat/scheidwegstrasse-1-9000-st-gallen/86272083/,APARTMENT,APARTMENT,9000,St. Gallen,St. Gallen,St. Gallen,,180.0,1770.0,4.5,96.0,,,2.0,False,False,47.433274201613,9.400114694356,True,False,True,True,True,False,False,False,False,True,
86271951,2026-10-08,2026-10-08,https://flatfox.ch/en/flat/huebstrasse-8a-9300-wittenbach/86271951/,HOUSE,SINGLE_HOUSE,9300,Wittenbach,Berg (SG),Rorschach,3140.0,350.0,,5.5,130.0,1979.0,2026.0,,False,False,47.458458201612,9.393664698356,True,False,True,False,True,True,True,True,False,True,24.15
86271907,2026-10-08,2026-10-08,https://flatfox.ch/en/flat/feldweg-694-8723-maseltrangen/86271907/,APARTMENT,APARTMENT,8723,Maseltrangen,Schänis,See-Gaster,,,2150.0,4.0,150.0,,,,False,False,47.178014201612,9.052083695356,False,False,False,False,False,False,False,False,False,False,
86271333,2026-10-08,2026-10-08,https://flatfox.ch/en/flat/aeplistrasse-13-9008-st-gallen/86271333/,APARTMENT,APARTMENT,9008,St. Gallen,St. Gallen,St. Gallen,1445.0,295.0,,5.5,109.0,,,1.0,False,False,47.435194201617,9.387908694352,False,False,True,False,True,False,True,False,False,False,13.26
86271298,2026-10-08,2026-10-08,https://flatfox.ch/en/flat/waltharistrasse-3-9400-rorschach/86271298/,APARTMENT,APARTMENT,9400,Rorschach,Rorschach,Rorschach,,300.0,2300.0,4.5,111.0,,,2.0,False,False,47.479954201616,9.482917694356,True,True,True,True,True,True,False,True,False,False,
86271261,2026-10-08,2026-10-08,https://flatfox.ch/en/flat/oberstall-4-9043-trogen/86271261/,APARTMENT,APARTMENT,9043,Trogen,Altstätten,Rheintal,1300.0,200.0,,3.5,120.0,,2011.0,0.0,False,False,47.410414201614,9.485697694352,True,False,True,True,True,True,True,False,False,False,10.83
86270263,2026-10-08,2026-10-08,https://flatfox.ch/en/flat/rossweidstrasse-1-9030-abtwil/86270263/,APARTMENT,APARTMENT,9030,Abtwil,Gaiserwald,St. Gallen,1636.0,230.0,1866.0,4.5,112.0,,,2.0,False,False,47.421200201611,9.321435694352,False,True,False,False,False,False,False,False,False,False,14.61
86270134,2026-10-08,2026-10-08,https://flatfox.ch/en/flat/9100-herisau/86270134/,APARTMENT,APARTMENT,9100,Herisau,Gossau (SG),St. Gallen,,,990.0,4.0,50.0,,,1.0,False,True,47.382414201613,9.286764694356,True,False,True,True,False,True,False,False,False,True,
86270132,2026-10-08,2026-10-08,https://flatfox.ch/en/flat/schwellbrunnerstrasse-59-9100-herisau/86270132/,APARTMENT,APARTMENT,9100,Herisau,Gossau (SG),St. Gallen,,,890.0,3.0,50.0,,,0.0,False,True,47.379184201612,9.267575694355,False,False,False,False,False,True,False,False,False,False,
86270111,2026-10-08,2026-10-08,https://flatfox.ch/en/flat/berg-24-9043-trogen/86270111/,APARTMENT,APARTMENT,9043,Trogen,Altstätten,Rheintal,2350.0,500.0,2850.0,9.5,229.0,1785.0,,0.0,False,False,47.406314201611,9.463073694351,False,False,False,False,False,False,False,False,False,True,10.26
86269635,2026-10-08,2026-10-08,https://flatfox.ch/en/flat/heimatstrasse-4-9008-st-gallen/86269635/,APARTMENT,APARTMENT,9008,St. Gallen,St. Gallen,St. Gallen,,160.0,1200.0,2.0,45.0,,2025.0,0.0,False,False,47.437484201616,9.389445696351,True,False,True,True,True,False,False,False,False,True,
86268732,2026-10-08,2026-10-08,https://flatfox.ch/en/flat/8580-amriswil/86268732/,APARTMENT,ROOF_FLAT,8580,Amriswil,Muolen,St. Gallen,2341.0,250.0,2591.0,4.5,102.0,2025.0,,4.0,False,False,47.550044201619,9.292330694354,True,True,False,False,False,False,False,True,False,False,22.95
86268691,2026-10-08,2026-10-08,https://flatfox.ch/en/flat/8580-amriswil/86268691/,APARTMENT,APARTMENT,8580,Amriswil,Muolen,St. Gallen,2374.0,250.0,2624.0,4.5,108.0,2025.0,,3.0,False,False,47.550094201612,9.292413694352,True,True,False,False,False,False,False,True,False,False,21.98
86268666,2026-10-08,2026-10-08,https://flatfox.ch/en/flat/bahnhofstrasse-20-9475-sevelen/86268666/,APARTMENT,APARTMENT,9475,Sevelen,Sevelen,Werdenberg,,300.0,2390.0,4.5,,,,2.0,False,False,47.123574201617,9.491270694359,True,True,True,True,True,True,True,False,False,False,
86268663,2026-10-08,2026-10-08,https://flatfox.ch/en/flat/8580-amriswil/86268663/,APARTMENT,APARTMENT,8580,Amriswil,Muolen,St. Gallen,2354.0,250.0,2604.0,4.5,112.0,2025.0,,2.0,False,False,47.550064201612,9.292374694358,True,True,False,False,False,False,False,True,False,False,21.02
86268539,2026-10-08,2026-10-08,https://flatfox.ch/en/flat/gommiswald-8737-gommiswald/86268539/,APARTMENT,APARTMENT,8737,Gommiswald,Kaltbrunn,See-Gaster,,,1550.0,2.0,60.0,,,,False,False,47.228420201618,9.025046694353,False,False,False,False,False,False,False,False,False,False,
86268432,2026-10-08,2026-10-08,https://flatfox.ch/en/flat/tandemweg-3-7320-sargans/86268432/,APARTMENT,APARTMENT,7320,Sargans,Wartau,Werdenberg,,,1743.0,3.5,77.0,,,2.0,False,False,47.047514201611,9.435644694359,True,True,False,False,True,True,False,False,False,True,
86268266,2026-10-08,2026-10-08,https://flatfox.ch/en/flat/9016-st-gallen/86268266/,APARTMENT,APARTMENT,9016,St. Gallen,St. Gallen,St. Gallen,,,1890.0,4.0,107.0,,,,False,False,47.440834201611,9.417453695352,False,False,False,False,False,False,False,False,False,False,
86267949,2026-10-08,2026-10-08,https://flatfox.ch/en/flat/8580-amriswil/86267949/,APARTMENT,APARTMENT,8580,Amriswil,Muolen,St. Gallen,2354.0,250.0,2604.0,4.5,112.0,2025.0,,1.0,False,False,47.550084201612,9.292275694354,True,True,False,False,False,False,False,True,False,False,21.02
86267913,2026-10-08,2026-10-08,https://flatfox.ch/en/flat/8580-amriswil/86267913/,APARTMENT,APARTMENT,8580,Amriswil,Muolen,St. Gallen,2011.0,200.0,2311.0,3.5,91.0,2025.0,,0.0,False,False,47.550094201612,9.292416694356,True,True,False,False,False,False,False,True,False,False,22.1
86266895,2026-10-08,2026-10-08,https://flatfox.ch/en/flat/flurhofstr-147-9000-st-gallen/86266895/,APARTMENT,APARTMENT,9000,St. Gallen,St. Gallen,St. Gallen,1158.0,270.0,1428.0,4.0,78.0,1965.0,,2.0,False,False,47.432185201612,9.402893697357,True,False,False,False,False,False,False,False,False,True,14.85
86266680,2026-10-08,2026-10-08,https://flatfox.ch/en/flat/st-gallerstr-56-9403-goldach/86266680/,APARTMENT,APARTMENT,9403,Goldach,Rorschacherberg,Rorschach,,,1410.0,4.5,95.0,,,2.0,False,False,47.478784201616,9.471897690358,True,False,False,False,False,True,True,False,False,False,
86266512,2026-10-08,2026-10-08,https://flatfox.ch/en/flat/9608-ganterschwil/86266512/,HOUSE,SINGLE_HOUSE,9608,Ganterschwil,Bütschwil-Ganterschwil,Toggenburg,,,3333.0,6.5,,2016.0,,,True,False,47.381097201611,9.089628694358,True,False,True,True,True,True,True,True,False,False,
86266466,2026-10-08,2026-10-08,https://flatfox.ch/en/flat/hauptstrasse-72-wildhaus-9658-wildhaus/86266466/,APARTMENT,APARTMENT,9658,Wildhaus,Grabs,Werdenberg,,,1430.0,4.0,77.0,,,,False,False,47.200704201614,9.336204694359,False,False,False,False,False,False,False,False,False,False,
86265905,2026-10-08,2026-10-08,https://flatfox.ch/en/flat/toggenburgerstrasse-17-9652-neu-st-johann/86265905/,APARTMENT,APARTMENT,9652,Neu St. Johann,Nesslau,Toggenburg,2000.0,310.0,2310.0,4.5,117.0,2026.0,,2.0,False,False,47.228994201611,9.194863694357,True,True,False,False,False,True,True,True,False,False,17.09
86264840,2026-10-08,2026-10-08,https://flatfox.ch/en/flat/waldaustrasse-7-9000-st-gallen/86264840/,APARTMENT,APARTMENT,9000,St. Gallen,St. Gallen,St. Gallen,1430.0,160.0,1590.0,3.5,60.0,1918.0,2026.0,1.0,False,False,47.419969201617,9.352955694351,True,False,True,False,True,False,False,False,False,False,23.83
86264822,2026-10-08,2026-10-08,https://flatfox.ch/en/flat/waldaustrasse-7-9000-st-gallen/86264822/,APARTMENT,APARTMENT,9000,St. Gallen,St. Gallen,St. Gallen,1060.0,120.0,1180.0,2.0,34.0,1918.0,2026.0,4.0,False,False,47.419969201617,9.352955694351,False,False,True,False,True,False,False,False,False,False,31.18
86264725,2026-10-08,2026-10-08,https://flatfox.ch/en/flat/ruhbergstrasse-50-9000-st-gallen/86264725/,APARTMENT,APARTMENT,9000,St Gallen,St. Gallen,St. Gallen,,200.0,1500.0,3.5,,,,3.0,False,False,47.414944201611,9.363697694359,False,False,False,False,False,False,False,False,False,False,
86262854,2026-10-08,2026-10-08,https://flatfox.ch/en/flat/santisstrasse-2-9034-eggersriet/86262854/,APARTMENT,APARTMENT,9034,Eggersriet,Untereggen,Rorschach,,250.0,1220.0,3.5,75.0,,,2.0,False,False,47.441784201611,9.466595698358,True,False,True,False,True,True,False,True,False,False,
86262800,2026-10-08,2026-10-08,https://flatfox.ch/en/flat/huebstrasse-15-9402-morschwil/86262800/,APARTMENT,APARTMENT,9402,Mörschwil,Mörschwil,Rorschach,1850.0,150.0,,2.5,66.0,2025.0,,1.0,False,False,47.473228201611,9.419223694359,True,True,True,True,True,True,False,True,False,False,28.03
86261477,2026-10-08,2026-10-08,https://flatfox.ch/en/flat/bleikenstrasse-6d-9630-wattwil/86261477/,APARTMENT,APARTMENT,9630,Wattwil,Mosnang,Toggenburg,1760.0,190.0,1950.0,3.5,89.0,2025.0,,1.0,False,False,47.295250201611,9.086498694351,True,True,False,False,False,False,True,False,False,True,19.78
86261398,2026-10-08,2026-10-08,https://flatfox.ch/en/flat/bahnhofstr-21c-9470-buchs-sg/86261398/,APARTMENT,APARTMENT,9470,Buchs SG,Grabs,Werdenberg,1420.0,240.0,1660.0,3.5,76.0,1996.0,,3.0,False,False,47.166314201614,9.476435694357,False,True,False,False,False,False,False,True,False,True,18.68
86261375,2026-10-08,2026-10-08,https://flatfox.ch/en/flat/berglistrasse-7-9300-wittenbach/86261375/,APARTMENT,APARTMENT,9300,Wittenbach,Berg (SG),Rorschach,1003.0,285.0,1288.0,4.0,74.0,,,0.0,False,False,47.456195201614,9.396880694353,False,False,False,False,False,False,False,False,False,False,13.55
86261373,2026-10-08,2026-10-08,https://flatfox.ch/en/flat/bachstrasse-17-9244-niederuzwil-9244-niederuzwil/86261373/,APARTMENT,APARTMENT,9244,Niederuzwil,Uzwil,Wil,1577.0,160.0,1737.0,3.5,93.0,,,3.0,False,False,47.446380201614,9.141160694356,False,False,False,False,False,False,False,False,False,False,16.96
86260955,2026-10-08,2026-10-08,https://flatfox.ch/en/flat/8630-ruti-zh/86260955/,APARTMENT,APARTMENT,8630,Rüti ZH,Rapperswil-Jona,See-Gaster,,,2950.0,4.0,,,,,False,False,47.258099201612,8.866373694353,False,False,False,False,False,False,False,False,False,False,
86260919,2026-10-08,2026-10-08,https://flatfox.ch/en/flat/8630-ruti-zh/86260919/,APARTMENT,APARTMENT,8630,Rüti ZH,Rapperswil-Jona,See-Gaster,,,2950.0,4.0,,,,,False,False,47.258064201614,8.866508694352,False,False,False,False,False,False,False,False,False,False,
86260272,2026-10-08,2026-10-08,https://flatfox.ch/en/flat/lowenstrasse-28-9400-rorschach/86260272/,APARTMENT,APARTMENT,9400,Rorschach,Rorschach,Rorschach,,,1150.0,3.0,,,,,False,False,47.476994201614,9.486733698355,False,False,False,False,False,False,False,False,False,False,
86260269,2026-10-08,2026-10-08,https://flatfox.ch/en/flat/schoneberg-645-9630-wattwil/86260269/,APARTMENT,APARTMENT,9630,Wattwil,Mosnang,Toggenburg,,,970.0,3.5,70.0,,,,False,False,47.290164201612,9.084583698352,False,False,False,False,False,False,False,False,False,False,
86260267,2026-10-08,2026-10-08,https://flatfox.ch/en/flat/lowenstrasse-28-9400-rorschach/86260267/,APARTMENT,APARTMENT,9400,Rorschach,Rorschach,Rorschach,,,1480.0,4.0,,,,,False,False,47.476994201614,9.486733698355,False,False,False,False,False,False,False,False,False,False,
86260265,2026-10-08,2026-10-08,https://flatfox.ch/en/flat/weiherwies-391-9035-grub-ar/86260265/,APARTMENT,APARTMENT,9035,Grub AR,Eggersriet,St. Gallen,,,1430.0,4.5,,,,,False,False,47.327204201611,9.226454699359,False,False,False,False,False,False,False,False,False,False,
86260035,2026-10-08,2026-10-08,https://flatfox.ch/en/flat/am-mattenbach-2-9035-grub/86260035/,APARTMENT,APARTMENT,9035,Grub,Eggersriet,St. Gallen,1740.0,250.0,1990.0,4.5,115.0,,,1.0,False,False,47.445244201618,9.504444694354,False,False,False,False,False,False,False,False,False,False,15.13
86259958,2026-10-08,2026-10-08,https://flatfox.ch/en/flat/hohenstrasse-4-9300-wittenbach/86259958/,APARTMENT,APARTMENT,9300,Wittenbach,Berg (SG),Rorschach,1290.0,265.0,1555.0,4.5,89.0,,,2.0,False,False,47.457804201613,9.384034694359,False,False,False,False,False,False,False,False,False,False,14.49
86259461,2026-10-08,2026-10-08,https://flatfox.ch/en/flat/obere-hofbergstrasse-6-9500-wil-sg/86259461/,APARTMENT,APARTMENT,9500,Wil SG,Zuzwil (SG),Wil,2790.0,250.0,3040.0,4.5,177.0,,,0.0,False,False,47.473494201611,9.047209690359,True,True,True,False,False,True,True,True,False,False,15.76
86259381,2026-10-08,2026-10-08,https://flatfox.ch/en/flat/langgasse-92-9008-st-gallen/86259381/,APARTMENT,APARTMENT,9008,St. Gallen,St. Gallen,St. Gallen,1090.0,210.0,1300.0,3.0,66.0,1959.0,1993.0,1.0,False,False,47.440365201614,9.392463690351,True,False,False,False,False,False,False,True,False,True,16.52
86258527,2026-10-08,2026-10-08,https://flatfox.ch/en/flat/winkelriedstrasse-35-9000-st-gallen/86258527/,APARTMENT,APARTMENT,9000,St. Gallen,St. Gallen,St. Gallen,1790.0,,,2.5,54.0,,2026.0,1.0,True,False,47.426658201616,9.370545694354,True,True,True,True,True,True,True,False,False,False,33.15
86257842,2026-10-08,2026-10-08,https://flatfox.ch/en/flat/kunggass-9425-thal/86257842/,APARTMENT,APARTMENT,9425,Thal,Thal,Rorschach,,,1490.0,4.5,100.0,,,,False,False,47.470294201616,9.570460695354,False,False,False,False,False,False,False,False,False,False,
86257727,2026-10-08,2026-10-08,https://flatfox.ch/en/flat/fabrikstrasse-32-9478-azmoos/86257727/,APARTMENT,SINGLE_ROOM,9478,Azmoos,Wartau,Werdenberg,,,890.0,1.0,16.0,,,,False,False,47.083614201611,9.479389695353,False,False,False,False,False,False,False,False,False,False,
86257666,2026-10-08,2026-10-08,https://flatfox.ch/en/flat/ringgasse-8-9450-altstatten/86257666/,APARTMENT,APARTMENT,9450,Altstätten,Altstätten,Rheintal,,220.0,1790.0,4.5,135.0,,,1.0,False,False,47.377204201614,9.540350697357,True,False,True,True,True,True,False,False,False,True,
86256804,2026-10-08,2026-10-08,https://flatfox.ch/en/flat/reuttistrasse-15-9500-wil/86256804/,APARTMENT,APARTMENT,9500,Wil,Zuzwil (SG),Wil,,220.0,1540.0,3.5,80.0,,,11.0,False,False,47.458254201612,9.055285698352,True,True,False,False,True,True,True,True,False,False,
86256637,2026-10-08,2026-10-08,https://flatfox.ch/en/flat/engelgasse-4-9435-heerbrugg/86256637/,APARTMENT,APARTMENT,9435,Heerbrugg,Balgach,Rheintal,1050.0,100.0,1150.0,1.5,36.0,,,1.0,False,False,47.412100201613,9.625828694356,False,False,False,False,False,False,False,False,False,False,29.17
86256609,2026-10-08,2026-10-08,https://flatfox.ch/en/flat/obstgartenstrasse-12a-9300-wittenbach/86256609/,APARTMENT,APARTMENT,9300,Wittenbach,Berg (SG),Rorschach,1300.0,280.0,1580.0,3.5,74.0,,,4.0,False,False,47.459074201617,9.387458694355,False,False,False,False,False,False,False,False,False,False,17.57
86256608,2026-10-08,2026-10-08,https://flatfox.ch/en/flat/langgasse-165-9008-st-gallen/86256608/,APARTMENT,APARTMENT,9008,St. Gallen,St. Gallen,St. Gallen,1380.0,330.0,1710.0,4.5,94.0,,,2.0,False,False,47.450614201617,9.397877694351,False,False,False,False,False,False,False,False,False,False,14.68
86256607,2026-10-08,2026-10-08,https://flatfox.ch/en/flat/langgasse-165-9008-st-gallen/86256607/,APARTMENT,APARTMENT,9008,St. Gallen,St. Gallen,St. Gallen,1415.0,280.0,1695.0,4.5,95.0,,,0.0,False,False,47.450614201617,9.397877694351,False,False,False,False,False,False,False,False,False,False,14.89
86256606,2026-10-08,2026-10-08,https://flatfox.ch/en/flat/langgasse-155-9008-st-gallen/86256606/,APARTMENT,APARTMENT,9008,St. Gallen,St. Gallen,St. Gallen,1250.0,250.0,1500.0,3.5,77.0,,,2.0,False,False,47.449404201617,9.397544694358,False,False,False,False,False,False,False,False,False,False,16.23
86256604,2026-10-08,2026-10-08,https://flatfox.ch/en/flat/langgasse-155-9008-st-gallen/86256604/,APARTMENT,APARTMENT,9008,St. Gallen,St. Gallen,St. Gallen,1240.0,270.0,1510.0,3.5,77.0,,,0.0,False,False,47.449404201617,9.397544694358,False,False,False,False,False,False,False,False,False,False,16.1
86255764,2026-10-08,2026-10-08,https://flatfox.ch/en/flat/jagerstrasse-1b-9200-gossau-sg/86255764/,APARTMENT,APARTMENT,9200,Gossau SG,Gossau (SG),St. Gallen,1800.0,255.0,2055.0,4.5,85.0,1980.0,2017.0,3.0,False,False,47.413355201611,9.260780695358,True,True,False,False,False,True,True,True,False,True,21.18
86255568,2026-10-08,2026-10-08,https://flatfox.ch/en/flat/tempelackerstrasse-20-9000-st-gallen/86255568/,APARTMENT,APARTMENT,9000,St. Gallen,St. Gallen,St. Gallen,496.0,100.0,596.0,1.5,25.0,1920.0,,,False,False,47.428594201613,9.389859695351,False,False,False,False,False,False,False,False,False,False,19.84
86254944,2026-10-08,2026-10-08,https://flatfox.ch/en/flat/poststrasse-1-9424-rheineck/86254944/,APARTMENT,APARTMENT,9424,Rheineck,Rheineck,Rheintal,1350.0,100.0,,3.5,110.0,,,2.0,False,False,47.467466201615,9.588980694359,False,False,False,False,True,True,True,False,False,True,12.27
86254836,2026-10-08,2026-10-08,https://flatfox.ch/en/flat/in-den-erlen-2-9030-abtwil-sg/86254836/,APARTMENT,APARTMENT,9030,Abtwil SG,Gaiserwald,St. Gallen,1080.0,200.0,1280.0,2.0,55.0,,,3.0,False,False,47.419954201619,9.315036694354,True,False,False,False,False,True,False,False,False,False,19.64
86254383,2026-10-08,2026-10-08,https://flatfox.ch/en/flat/st-gallerstr-37-9500-wil-sg/86254383/,APARTMENT,APARTMENT,9500,Wil SG,Zuzwil (SG),Wil,1770.0,270.0,2040.0,3.5,90.0,2017.0,,2.0,False,False,47.462754201619,9.053833695355,True,True,False,False,False,False,False,True,False,True,19.67
86254380,2026-10-08,2026-10-08,https://flatfox.ch/en/flat/tablatstr-12a-9016-st-gallen/86254380/,APARTMENT,ATTIC_FLAT,9016,St. Gallen,St. Gallen,St. Gallen,2520.0,450.0,2970.0,6.5,165.0,1981.0,2012.0,6.0,False,False,47.437554201612,9.420449694353,True,True,False,False,False,True,True,True,False,True,15.27
86254376,2026-10-08,2026-10-08,https://flatfox.ch/en/flat/thannstr-5-9403-goldach/86254376/,APARTMENT,APARTMENT,9403,Goldach,Rorschacherberg,Rorschach,1680.0,250.0,1930.0,3.5,90.0,1981.0,2018.0,1.0,False,False,47.479884201611,9.467737694358,True,False,False,False,False,False,True,True,False,False,18.67
86254056,2026-10-08,2026-10-08,https://flatfox.ch/en/flat/9500-wil/86254056/,APARTMENT,APARTMENT,9500,Wil,Zuzwil (SG),Wil,,,1145.0,1.5,,,,0.0,True,False,47.460444201615,9.053125695354,False,False,True,True,True,False,False,False,False,False,
86252822,2026-10-08,2026-10-08,https://flatfox.ch/en/flat/tempelackerstrasse-20-9000-st-gallen/86252822/,APARTMENT,APARTMENT,9000,St. Gallen,St. Gallen,St. Gallen,534.0,155.0,689.0,1.5,37.0,1920.0,,0.0,False,False,47.428594201613,9.389859695351,False,False,False,False,False,False,False,False,False,False,14.43
86252774,2026-10-08,2026-10-08,https://flatfox.ch/en/flat/lerchenstrasse-20-9200-gossau-sg/86252774/,APARTMENT,DUPLEX,9200,Gossau SG,Gossau (SG),St. Gallen,,,1490.0,3.5,133.0,,,2.0,False,False,47.416884201614,9.261663693359,True,False,True,False,True,True,True,False,False,True,
86252441,2026-10-08,2026-10-08,https://flatfox.ch/en/flat/rorschacherstrasse-234-9016-stgallen/86252441/,APARTMENT,APARTMENT,9016,St.Gallen,St. Gallen,St. Gallen,1600.0,350.0,1950.0,4.5,100.0,,,4.0,False,False,47.435745201614,9.403996698353,True,True,False,False,False,False,False,False,False,False,16.0
86252199,2026-10-08,2026-10-08,https://flatfox.ch/en/flat/blosenbergstrasse-6a-9464-lienz/86252199/,APARTMENT,APARTMENT,9464,Lienz,Rüthi (SG),Rheintal,,,1850.0,4.5,125.0,,,,False,False,47.300474201611,9.545447699358,False,False,False,False,False,False,False,False,False,False,
86251780,2026-10-08,2026-10-08,https://flatfox.ch/en/flat/metallstrasse-12-9000-st-gallen/86251780/,APARTMENT,APARTMENT,9000,St. Gallen,St. Gallen,St. Gallen,1330.0,160.0,1490.0,3.5,62.0,,2025.0,4.0,False,False,47.420354201614,9.355416698355,False,False,True,False,True,False,False,False,False,True,21.45
86249496,2026-10-08,2026-10-08,https://flatfox.ch/en/flat/9100-herisau/86249496/,APARTMENT,APARTMENT,9100,Herisau,Gossau (SG),St. Gallen,,,990.0,4.0,50.0,,,2.0,False,True,47.382404201619,9.286770694354,False,False,False,True,True,True,False,False,False,True,
86249484,2026-10-08,2026-10-08,https://flatfox.ch/en/flat/9100-herisau/86249484/,APARTMENT,APARTMENT,9100,Herisau,Gossau (SG),St. Gallen,,,990.0,4.0,50.0,,,2.0,False,True,47.382364201613,9.286818695351,False,False,False,True,True,True,False,False,False,True,
86249399,2026-10-08,2026-10-08,https://flatfox.ch/en/flat/st-gallerstrasse-52-9300-wittenbach/86249399/,APARTMENT,APARTMENT,9300,Wittenbach,Berg (SG),Rorschach,1400.0,340.0,1740.0,3.5,120.0,1971.0,2004.0,,False,False,47.453364201611,9.399708698353,True,True,False,False,False,True,True,True,False,True,11.67
86249014,2026-10-08,2026-10-08,https://flatfox.ch/en/flat/dossenstr-9-9470-buchs-sg/86249014/,APARTMENT,APARTMENT,9470,Buchs SG,Grabs,Werdenberg,1645.0,250.0,1895.0,3.5,93.0,2013.0,,3.0,False,False,47.173614201613,9.467519694357,False,True,False,False,False,False,True,True,False,True,17.69
86248453,2026-10-08,2026-10-08,https://flatfox.ch/en/flat/gartenstrasse-13-9000-st-gallen/86248453/,APARTMENT,APARTMENT,9000,St. Gallen,St. Gallen,St. Gallen,1770.0,250.0,2020.0,3.5,82.0,,,4.0,False,False,47.421344201615,9.373128695356,False,False,False,False,False,False,False,False,False,False,21.59
86248450,2026-10-08,2026-10-08,https://flatfox.ch/en/flat/untere-bahnhofstrae-3-9500-wil/86248450/,APARTMENT,APARTMENT,9500,Wil,Zuzwil (SG),Wil,,,2090.0,3.5,79.0,2025.0,,3.0,False,False,47.462050201615,9.043429693359,True,True,True,True,True,True,True,False,False,False,
86248015,2026-10-08,2026-10-08,https://flatfox.ch/en/flat/toggenburgerstrasse-13-9652-neu-st-johann/86248015/,APARTMENT,APARTMENT,9652,Neu St. Johann,Nesslau,Toggenburg,2060.0,330.0,2390.0,4.5,121.0,2026.0,,1.0,False,False,47.229135201615,9.195839694356,True,False,False,False,False,False,False,True,False,False,17.02
86248003,2026-10-08,2026-10-08,https://flatfox.ch/en/flat/oberwilen-8-9042-speicher/86248003/,APARTMENT,APARTMENT,9042,Speicher,St. Gallen,St. Gallen,892.0,180.0,1072.0,2.0,,,,1.0,False,False,47.413704201613,9.440419698351,True,False,False,False,False,False,False,False,False,False,
86247308,2026-10-08,2026-10-08,https://flatfox.ch/en/flat/lowenplatz-1-8733-eschenbach/86247308/,APARTMENT,APARTMENT,8733,Eschenbach,Eschenbach (SG),See-Gaster,2700.0,220.0,,5.5,122.0,2025.0,,3.0,False,False,47.239847201611,8.921526694351,True,False,True,True,True,True,False,True,False,False,22.13
86246563,2026-10-08,2026-10-08,https://flatfox.ch/en/flat/st-gallerstrasse-1-9100-herisau/86246563/,APARTMENT,APARTMENT,9100,Herisau,Gossau (SG),St. Gallen,940.0,150.0,,2.5,,,,3.0,False,False,47.391689201612,9.272400699359,False,False,False,False,False,False,False,False,False,False,
86245935,2026-10-08,2026-10-08,https://flatfox.ch/en/flat/rosslistrasse-13-9230-flawil/86245935/,APARTMENT,APARTMENT,9230,Flawil,Oberuzwil,Wil,,,1700.0,3.5,79.0,2020.0,,1.0,False,False,47.414504201611,9.187520694354,False,False,False,False,False,False,False,True,False,False,
86244984,2026-10-08,2026-10-08,https://flatfox.ch/en/flat/hauptstrasse-15-9030-abtwil-sg/86244984/,APARTMENT,ATTIC_FLAT,9030,Abtwil SG,Gaiserwald,St. Gallen,2400.0,250.0,,3.5,102.0,,,3.0,False,False,47.421956201617,9.317534698352,True,True,True,True,True,True,True,True,False,True,23.53
86241967,2026-10-08,2026-10-08,https://flatfox.ch/en/flat/trischlistr-12-9400-rorschach/86241967/,APARTMENT,APARTMENT,9400,Rorschach,Rorschach,Rorschach,,,1590.0,4.5,144.0,,,3.0,False,False,47.478194201619,9.488737695358,False,False,True,True,True,False,True,False,False,True,
86241256,2026-10-08,2026-10-08,https://flatfox.ch/en/flat/wolfganghof-8-9014-st-gallen/86241256/,APARTMENT,APARTMENT,9014,St. Gallen,St. Gallen,St. Gallen,1070.0,180.0,1250.0,2.5,56.0,1993.0,,2.0,False,False,47.402699201611,9.336290694354,False,True,False,False,False,False,False,False,False,False,19.11
86240712,2026-10-08,2026-10-08,https://flatfox.ch/en/flat/haufen-650-9426-lutzenberg/86240712/,APARTMENT,APARTMENT,9426,Lutzenberg,Rheineck,Rheintal,,,1590.0,4.0,101.0,,,,False,False,47.460935201619,9.565445694357,False,False,False,False,False,False,False,False,False,False,
86238067,2026-10-08,2026-10-08,https://flatfox.ch/en/flat/kirchstrasse-63-9400-rorschach/86238067/,APARTMENT,APARTMENT,9400,Rorschach,Rorschach,Rorschach,1000.0,120.0,1120.0,2.0,34.0,,,1.0,False,False,47.477844201615,9.486875695355,False,False,False,False,False,False,False,False,False,False,29.41
86237835,2026-10-08,2026-10-08,https://flatfox.ch/en/flat/haufen-650-9426-lutzenberg/86237835/,APARTMENT,APARTMENT,9426,Lutzenberg,Rheineck,Rheintal,1260.0,330.0,,4.5,101.0,,,1.0,False,False,47.460935201619,9.565445694357,True,False,True,True,True,True,True,True,False,True,12.48
86236977,2026-10-08,2026-10-08,https://flatfox.ch/en/flat/9000-st-gallen/86236977/,APARTMENT,APARTMENT,9000,St. Gallen,St. Gallen,St. Gallen,980.0,80.0,1060.0,2.0,45.0,,,,False,False,47.424614201616,9.374914695351,True,True,False,False,False,False,False,False,False,True,21.78
86236969,2026-10-08,2026-10-08,https://flatfox.ch/en/flat/zurcherstrasse-95-9000-st-gallen/86236969/,APARTMENT,APARTMENT,9000,St. Gallen,St. Gallen,St. Gallen,2200.0,0.0,2200.0,3.5,90.0,,,,False,False,47.416104201613,9.347750695359,False,False,False,False,False,False,False,False,False,False,24.44
86236795,2026-10-08,2026-10-08,https://flatfox.ch/en/flat/41-weinhaldenstrasse-8645-rapperswil-jona/86236795/,HOUSE,SINGLE_HOUSE,8645,Rapperswil-Jona,Rapperswil-Jona,See-Gaster,4000.0,,,5.5,144.0,1984.0,2024.0,,False,False,47.239354201614,8.813514694354,True,False,True,True,True,True,True,True,True,False,27.78
86235384,2026-10-08,2026-10-08,https://flatfox.ch/en/flat/rutistrasse-48-8636-wald-zh/86235384/,APARTMENT,APARTMENT,8636,Wald ZH,Eschenbach (SG),See-Gaster,,,1250.0,1.0,30.0,,,,False,False,47.273469201612,8.909154694355,False,False,False,False,False,False,False,False,False,False,
86232404,2026-10-08,2026-10-08,https://flatfox.ch/en/flat/arinweg-11-9470-buchs-sg/86232404/,APARTMENT,DUPLEX,9470,Buchs SG,Grabs,Werdenberg,1680.0,260.0,1940.0,3.5,113.0,,,4.0,False,False,47.154135201611,9.479723694352,True,True,False,False,False,True,False,False,True,False,14.87
86232370,2026-10-08,2026-10-08,https://flatfox.ch/en/flat/brauerstrasse-83-9016-st-gallen/86232370/,APARTMENT,APARTMENT,9016,St. Gallen,St. Gallen,St. Gallen,1690.0,295.0,1985.0,4.5,113.0,1993.0,,3.0,False,False,47.443134201618,9.409960694358,True,True,False,False,False,True,True,True,False,True,14.96
86231552,2026-10-08,2026-10-08,https://flatfox.ch/en/flat/bruggwaldstrasse-16a-9008-st-gallen/86231552/,APARTMENT,APARTMENT,9008,St. Gallen,St. Gallen,St. Gallen,1010.0,200.0,1210.0,3.5,,,,0.0,False,False,47.443605201616,9.395056690354,True,False,False,False,False,False,False,False,False,False,
86231129,2026-10-08,2026-10-08,https://flatfox.ch/en/flat/tschudistr-17-9000-st-gallen/86231129/,APARTMENT,APARTMENT,9000,St. Gallen,St. Gallen,St. Gallen,1300.0,270.0,1570.0,4.0,75.0,1919.0,2008.0,2.0,False,False,47.417263201611,9.365958694356,True,False,False,False,False,True,False,False,False,False,17.33
86229974,2026-10-08,2026-10-08,https://flatfox.ch/en/flat/engelgasse-4-9435-heerbrugg/86229974/,APARTMENT,APARTMENT,9435,Heerbrugg,Balgach,Rheintal,1700.0,190.0,1890.0,2.5,76.0,,,4.0,False,False,47.412100201613,9.625828694356,False,False,False,False,False,False,False,False,False,False,22.37
86229689,2026-10-08,2026-10-08,https://flatfox.ch/en/flat/zilstrasse-8-9016-st-gallen/86229689/,APARTMENT,APARTMENT,9016,St. Gallen,St. Gallen,St. Gallen,1221.0,199.0,1420.0,2.5,64.0,,,1.0,False,False,47.441164201611,9.404496698352,False,True,False,False,False,False,False,False,False,False,19.08
86229662,2026-10-08,2026-10-08,https://flatfox.ch/en/flat/rossweidstrasse-18-9030-abtwil-sg/86229662/,APARTMENT,APARTMENT,9030,Abtwil SG,Gaiserwald,St. Gallen,1620.0,250.0,1870.0,4.5,105.0,,,1.0,False,False,47.419414201612,9.321839695356,True,True,False,False,False,True,False,False,False,False,15.43
86228812,2026-10-08,2026-10-08,https://flatfox.ch/en/flat/muhlensteg-10a-9000-st-gallen/86228812/,APARTMENT,APARTMENT,9000,St. Gallen,St. Gallen,St. Gallen,,,1395.0,1.5,25.0,,2017.0,,True,False,47.421774201616,9.377757694359,False,False,True,True,False,False,False,False,False,False,
86228003,2026-10-08,2026-10-08,https://flatfox.ch/en/flat/guisanstrasse-85-9010-st-gallen/86228003/,APARTMENT,APARTMENT,9010,St. Gallen,St. Gallen,St. Gallen,1925.0,325.0,2250.0,4.5,106.0,,,1.0,False,False,47.438884201612,9.378894694352,True,True,False,False,False,True,False,False,False,False,18.16
86227455,2026-10-08,2026-10-08,https://flatfox.ch/en/flat/9604-lutisburg/86227455/,APARTMENT,APARTMENT,9604,Lütisburg,Lütisburg,Toggenburg,,,1280.0,3.0,80.0,1980.0,2024.0,0.0,True,True,47.396920201617,9.106573693351,True,False,False,False,True,True,True,False,False,False,
86226637,2026-10-08,2026-10-08,https://flatfox.ch/en/flat/9405-wienacht-tobel/86226637/,APARTMENT,STUDIO,9405,Wienacht-Tobel,Rorschacherberg,Rorschach,,200.0,950.0,1.0,,,2022.0,,True,False,47.464994201612,9.530073694351,True,False,False,False,True,True,True,False,False,True,
86226623,2026-10-08,2026-10-08,https://flatfox.ch/en/flat/bachtelstrasse-22a-8630-ruti/86226623/,APARTMENT,APARTMENT,8630,Rüti,Rapperswil-Jona,See-Gaster,,282.0,1702.0,3.0,63.0,,,1.0,False,False,47.265825201618,8.866709694352,True,False,True,True,True,True,True,False,False,True,
86226133,2026-10-08,2026-10-08,https://flatfox.ch/en/flat/goldacherstrasse-104-9404-rorschacherberg/86226133/,APARTMENT,APARTMENT,9404,Rorschacherberg,Thal,Rorschach,1690.0,290.0,1980.0,3.0,,,,1.0,False,False,47.469006201612,9.486208694356,True,False,False,False,False,True,False,False,False,False,
86225291,2026-10-08,2026-10-08,https://flatfox.ch/en/flat/badstrasse-14-9000-st-gallen/86225291/,APARTMENT,APARTMENT,9000,St. Gallen,St. Gallen,St. Gallen,1170.0,380.0,,4.0,90.0,,,2.0,False,False,47.418775201613,9.352233694351,False,False,False,False,True,True,True,False,False,True,13.0
86225185,2026-10-08,2026-10-08,https://flatfox.ch/en/flat/zilstr-26-9016-st-gallen/86225185/,APARTMENT,APARTMENT,9016,St. Gallen,St. Gallen,St. Gallen,1690.0,270.0,1960.0,5.5,121.0,1970.0,2017.0,4.0,False,False,47.442424201615,9.405909698358,False,True,False,False,False,False,False,False,False,False,13.97
86225126,2026-10-08,2026-10-08,https://flatfox.ch/en/flat/st-gallerstrasse-4a-9230-flawil/86225126/,APARTMENT,APARTMENT,9230,Flawil,Oberuzwil,Wil,,,1600.0,4.5,90.0,,2026.0,1.0,False,False,47.412985201611,9.187363694352,False,False,False,False,False,False,False,False,False,False,
86224862,2026-10-08,2026-10-08,https://flatfox.ch/en/flat/9125-brunnadern/86224862/,APARTMENT,APARTMENT,9125,Brunnadern,Neckertal,Toggenburg,,,980.0,2.5,,,,1.0,False,False,47.322604201618,9.141098693351,True,True,False,False,False,False,True,True,False,True,
86224852,2026-10-08,2026-10-08,https://flatfox.ch/en/flat/tschudistrasse-40-9000-st-gallen/86224852/,APARTMENT,APARTMENT,9000,St. Gallen,St. Gallen,St. Gallen,1220.0,120.0,1340.0,1.5,,1930.0,2026.0,1.0,False,False,47.416274201611,9.363739694359,True,False,False,False,False,False,False,False,False,False,
86224729,2026-10-08,2026-10-08,https://flatfox.ch/en/flat/tschudistrasse-40-9000-st-gallen/86224729/,APARTMENT,APARTMENT,9000,St. Gallen,St. Gallen,St. Gallen,1340.0,150.0,1490.0,2.5,,1930.0,2026.0,2.0,False,False,47.416274201611,9.363739694359,True,False,False,False,False,False,False,False,False,False,
86223662,2026-10-08,2026-10-08,https://flatfox.ch/en/flat/unterwienacht-577-9405-wienacht-tobel/86223662/,APARTMENT,STUDIO,9405,Wienacht-Tobel,Rorschacherberg,Rorschach,,200.0,950.0,1.0,,,2022.0,,False,False,47.467016201619,9.534188694355,True,False,False,False,True,True,True,False,False,True,
86222896,2026-10-08,2026-10-08,https://flatfox.ch/en/flat/bruggwaldstr-86-9300-wittenbach/86222896/,APARTMENT,APARTMENT,9300,Wittenbach,Berg (SG),Rorschach,1070.0,230.0,1300.0,3.5,70.0,1968.0,2009.0,1.0,False,False,47.451864201611,9.397953693357,False,False,False,False,False,False,False,False,False,False,15.29
86222874,2026-10-08,2026-10-08,https://flatfox.ch/en/flat/guisanstrasse-91-9010-st-gallen/86222874/,APARTMENT,APARTMENT,9010,St. Gallen,St. Gallen,St. Gallen,,,1320.0,2.0,,,,,False,False,47.439280201614,9.379416695358,True,False,True,False,False,False,True,True,False,False,
86222673,2026-10-08,2026-10-08,https://flatfox.ch/en/flat/9000-st-gallen/86222673/,HOUSE,VILLA,9000,St. Gallen,St. Gallen,St. Gallen,,,,10.0,308.0,1926.0,2018.0,,False,False,47.424526201614,9.374884694352,True,False,True,False,False,True,True,False,False,False,
86221940,2026-10-08,2026-10-08,https://flatfox.ch/en/flat/stgeorgenstrasse-211-9011-st-gallen/86221940/,APARTMENT,APARTMENT,9011,St. Gallen,St. Gallen,St. Gallen,,,1930.0,4.0,95.0,,,,False,False,47.414754201611,9.397900695351,False,False,False,False,False,False,False,False,False,False,
86221511,2026-10-08,2026-10-08,https://flatfox.ch/en/flat/reherstr-24-9016-st-gallen/86221511/,APARTMENT,APARTMENT,9016,St. Gallen,St. Gallen,St. Gallen,1300.0,290.0,1590.0,3.5,76.0,1979.0,2005.0,4.0,False,False,47.437478201613,9.418653694351,True,True,False,False,False,False,True,True,False,True,17.11
86220682,2026-10-08,2026-10-08,https://flatfox.ch/en/flat/ruteli-7-9467-sennwald/86220682/,APARTMENT,APARTMENT,9467,Sennwald,Sennwald,Werdenberg,1300.0,160.0,1460.0,2.5,52.0,,,1.0,False,False,47.243354201612,9.469549694357,True,True,False,False,False,True,False,False,False,False,25.0
86219785,2026-10-08,2026-10-08,https://flatfox.ch/en/flat/hauptstrasse-24-9042-speicher/86219785/,APARTMENT,APARTMENT,9042,Speicher,St. Gallen,St. Gallen,1690.0,200.0,,3.5,93.0,1771.0,2022.0,2.0,False,False,47.411744201619,9.442364695352,True,True,True,True,True,False,True,False,False,False,18.17
86219751,2026-10-08,2026-10-08,https://flatfox.ch/en/flat/buchwaldstrasse-4-9008-st-gallen/86219751/,APARTMENT,APARTMENT,9008,St. Gallen,St. Gallen,St. Gallen,1535.0,160.0,1695.0,2.5,66.0,,2025.0,0.0,False,False,47.436327201615,9.393036694359,True,False,False,False,False,False,True,True,False,True,23.26
86219735,2026-10-08,2026-10-08,https://flatfox.ch/en/flat/hofackerstrasse-16a-9606-butschwil-ganterschwil/86219735/,APARTMENT,APARTMENT,9606,Bütschwil-Ganterschwil,Bütschwil-Ganterschwil,Toggenburg,1840.0,200.0,2040.0,4.5,116.0,,,2.0,False,False,47.365125201617,9.075445694357,False,False,False,False,False,False,False,False,False,False,15.86
86219037,2026-10-08,2026-10-08,https://flatfox.ch/en/flat/9424-rheineck/86219037/,APARTMENT,APARTMENT,9424,Rheineck,Rheineck,Rheintal,1350.0,150.0,,3.0,70.0,1940.0,2026.0,3.0,False,False,47.467036201612,9.585924695354,False,False,True,True,True,True,True,False,False,False,19.29
86218419,2026-10-08,2026-10-08,https://flatfox.ch/en/flat/trubbach-9477-trubbach/86218419/,APARTMENT,APARTMENT,9477,Trübbach,Wartau,Werdenberg,,,1890.0,4.0,90.0,,,,False,False,47.074420201614,9.478709694357,False,False,False,False,False,False,False,False,False,False,
86216996,2026-10-08,2026-10-08,https://flatfox.ch/en/flat/grabserstrasse-20-9473-gams/86216996/,APARTMENT,APARTMENT,9473,Gams,Sennwald,Werdenberg,1980.0,180.0,,5.5,125.0,2009.0,,1.0,False,False,47.201216201611,9.443069694356,True,True,True,True,True,False,True,True,False,True,15.84
86216906,2026-10-08,2026-10-08,https://flatfox.ch/en/flat/reherstr-24a-9016-st-gallen/86216906/,APARTMENT,APARTMENT,9016,St. Gallen,St. Gallen,St. Gallen,1290.0,240.0,1530.0,3.5,77.0,1979.0,2005.0,3.0,False,False,47.437305201619,9.418680695354,True,True,False,False,False,False,True,True,False,True,16.75
86216275,2026-10-08,2026-10-08,https://flatfox.ch/en/flat/gerenstrasse-12-9400-rorschach/86216275/,APARTMENT,APARTMENT,9400,Rorschach,Rorschach,Rorschach,1420.0,180.0,1600.0,3.5,72.0,,,1.0,False,False,47.477614201613,9.487064690359,False,False,False,False,False,True,False,False,False,False,19.72
86215788,2026-10-08,2026-10-08,https://flatfox.ch/en/flat/haggenstrasse-7-9650-nesslau/86215788/,APARTMENT,APARTMENT,9650,Nesslau,Nesslau,Toggenburg,1590.0,,1590.0,5.5,118.0,1977.0,2026.0,0.0,False,False,47.221844201617,9.203744699359,False,False,False,False,False,True,False,True,False,False,13.47
86215152,2026-10-08,2026-10-08,https://flatfox.ch/en/flat/muller-friedbergstrasse-35-9400-rorschach/86215152/,APARTMENT,APARTMENT,9400,Rorschach,Rorschach,Rorschach,1400.0,150.0,1550.0,3.5,71.0,1980.0,,5.0,False,False,47.473534201612,9.502506698359,False,False,False,False,False,False,False,False,False,False,19.72
86214841,2026-10-08,2026-10-08,https://flatfox.ch/en/flat/dorfstrasse-3-9472-grabs/86214841/,APARTMENT,DUPLEX,9472,Grabs,Grabs,Werdenberg,1660.0,200.0,1860.0,2.5,96.0,2018.0,,3.0,False,False,47.182834201611,9.442625693353,True,True,False,False,False,True,False,False,False,False,17.29
86214703,2026-10-08,2026-10-08,https://flatfox.ch/en/flat/rickenstrasse-22-9014-st-gallen/86214703/,APARTMENT,APARTMENT,9014,St. Gallen,St. Gallen,St. Gallen,890.0,150.0,1040.0,2.0,44.0,,,,False,False,47.407464201616,9.332265694359,False,False,False,False,False,False,False,False,False,False,20.23
86210923,2026-10-08,2026-10-08,https://flatfox.ch/en/flat/birkenstrasse-4-9230-flawil/86210923/,APARTMENT,APARTMENT,9230,Flawil,Oberuzwil,Wil,1335.0,200.0,1535.0,3.5,67.0,,,0.0,False,False,47.410784201616,9.197479694355,True,False,False,False,False,True,False,False,False,False,19.93
86210825,2026-10-08,2026-10-08,https://flatfox.ch/en/flat/bettenstrasse-19-9212-arnegg/86210825/,APARTMENT,APARTMENT,9212,Arnegg,Andwil (SG),St. Gallen,1350.0,200.0,,3.5,,,,2.0,False,False,47.441556201611,9.255949698358,True,False,False,False,True,True,False,True,False,False,
86210696,2026-10-08,2026-10-08,https://flatfox.ch/en/flat/obstgartenstrasse-12a-9300-wittenbach/86210696/,APARTMENT,APARTMENT,9300,Wittenbach,Berg (SG),Rorschach,1200.0,240.0,1440.0,3.5,74.0,,,4.0,False,False,47.459074201617,9.387458694355,False,False,False,False,False,False,False,False,False,False,16.22
86210623,2026-10-08,2026-10-08,https://flatfox.ch/en/flat/oedenhofstrasse-25-9300-wittenbach/86210623/,APARTMENT,APARTMENT,9300,Wittenbach,Berg (SG),Rorschach,1200.0,240.0,,3.5,70.0,,,1.0,False,False,47.462324201617,9.387994694359,True,False,False,False,True,True,False,False,False,True,17.14
86210620,2026-10-08,2026-10-08,https://flatfox.ch/en/flat/johannes-baumann-strasse-3-9100-herisau/86210620/,APARTMENT,APARTMENT,9100,Herisau,Gossau (SG),St. Gallen,1195.0,265.0,1460.0,4.5,106.0,1985.0,2000.0,3.0,False,False,47.374824201614,9.283710694355,True,True,False,False,False,True,True,True,False,True,11.27
86210587,2026-10-08,2026-10-08,https://flatfox.ch/en/flat/obstgartenstrasse-8a-9300-wittenbach/86210587/,APARTMENT,APARTMENT,9300,Wittenbach,Berg (SG),Rorschach,1431.0,300.0,1731.0,4.5,100.0,,,3.0,False,False,47.459044201611,9.386724694355,False,False,False,False,False,False,False,False,False,False,14.31
86210480,2026-10-08,2026-10-08,https://flatfox.ch/en/flat/9000-st-gallen/86210480/,APARTMENT,APARTMENT,9000,St Gallen,St. Gallen,St. Gallen,,,680.0,1.5,31.0,,,-4.0,False,True,47.424574201613,9.374857699351,False,True,True,False,False,True,False,False,False,False,
86210359,2026-10-08,2026-10-08,https://flatfox.ch/en/flat/thalisstrasse-6-9469-haag/86210359/,APARTMENT,APARTMENT,9469,Haag,Buchs (SG),Werdenberg,1483.0,300.0,1783.0,3.5,90.0,,,2.0,False,False,47.215058201611,9.494123697359,False,False,False,False,False,False,False,False,False,False,16.48
86210221,2026-10-08,2026-10-08,https://flatfox.ch/en/flat/sankt-gallerstrasse-59-9300-wittenbach/86210221/,APARTMENT,APARTMENT,9300,Wittenbach,Berg (SG),Rorschach,1210.0,150.0,1360.0,2.5,58.0,,,,False,False,47.451615201617,9.399599694358,True,True,False,False,False,True,True,True,False,False,20.86
86210220,2026-10-08,2026-10-08,https://flatfox.ch/en/flat/bruggwiesen-5-9300-wittenbach/86210220/,APARTMENT,APARTMENT,9300,Wittenbach,Berg (SG),Rorschach,1580.0,200.0,1780.0,4.5,92.0,,,1.0,False,False,47.453424201612,9.400874697353,False,False,False,False,False,False,False,False,False,False,17.17
86210203,2026-10-08,2026-10-08,https://flatfox.ch/en/flat/sankt-gallerstrasse-57-9300-wittenbach/86210203/,APARTMENT,APARTMENT,9300,Wittenbach,Berg (SG),Rorschach,1210.0,150.0,1360.0,2.5,58.0,,,,False,False,47.452094201611,9.400223693358,True,True,False,False,False,True,True,True,False,False,20.86
86210143,2026-10-08,2026-10-08,https://flatfox.ch/en/flat/alt-ferrachstrasse-33b-8630-ruti-zh/86210143/,APARTMENT,APARTMENT,8630,Rüti ZH,Rapperswil-Jona,See-Gaster,2270.0,350.0,2620.0,4.0,96.0,1986.0,,2.0,False,False,47.253544201612,8.859973693355,False,True,False,False,False,False,True,True,False,True,23.65
86210072,2026-10-08,2026-10-08,https://flatfox.ch/en/flat/langgasse-155-9008-st-gallen/86210072/,APARTMENT,APARTMENT,9008,St. Gallen,St. Gallen,St. Gallen,1250.0,250.0,1500.0,3.5,77.0,,,2.0,False,False,47.449404201617,9.397544694358,False,False,False,False,False,False,False,False,False,False,16.23
86209717,2026-10-08,2026-10-08,https://flatfox.ch/en/flat/9602-bazenheid/86209717/,APARTMENT,APARTMENT,9602,Bazenheid,Kirchberg (SG),Toggenburg,,180.0,1830.0,3.5,105.0,,,2.0,False,False,47.412654201617,9.068545694353,True,True,True,True,True,True,True,True,False,False,
86209607,2026-10-08,2026-10-08,https://flatfox.ch/en/flat/rosenbergstrasse-83-9000-st-gallen/86209607/,APARTMENT,APARTMENT,9000,St. Gallen,St. Gallen,St. Gallen,,,980.0,1.5,36.0,,,3.0,False,False,47.422444201611,9.365755695357,False,False,False,False,False,True,False,False,False,False,
86208958,2026-10-08,2026-10-08,https://flatfox.ch/en/flat/hummelbergstr-66-8645-jona/86208958/,APARTMENT,APARTMENT,8645,Jona,Rapperswil-Jona,See-Gaster,1320.0,250.0,1570.0,2.5,52.0,1982.0,,1.0,False,False,47.232963201611,8.856824694355,False,False,False,False,False,False,False,True,False,False,25.38
86208930,2026-10-08,2026-10-08,https://flatfox.ch/en/flat/amperdellweg-10-7320-sargans/86208930/,APARTMENT,APARTMENT,7320,Sargans,Wartau,Werdenberg,1700.0,230.0,1930.0,3.5,93.0,2011.0,,0.0,False,False,47.045624201616,9.435984690357,False,False,False,False,False,False,False,False,False,False,18.28
86208708,2026-10-08,2026-10-08,https://flatfox.ch/en/flat/birkenstrasse-4-9230-flawil/86208708/,APARTMENT,APARTMENT,9230,Flawil,Oberuzwil,Wil,1022.0,160.0,1182.0,2.5,48.0,,,2.0,False,False,47.410784201616,9.197479694355,False,False,False,False,False,False,False,False,False,False,21.29
86207792,2026-10-08,2026-10-08,https://flatfox.ch/en/flat/konsumstrasse-3-9606-butschwil/86207792/,APARTMENT,APARTMENT,9606,Bütschwil,Bütschwil-Ganterschwil,Toggenburg,1720.0,270.0,1990.0,3.5,101.0,,,0.0,False,False,47.358765201619,9.072007694357,True,True,False,False,False,False,False,False,False,False,17.03
86206311,2026-10-08,2026-10-08,https://flatfox.ch/en/flat/trogenerstrasse-12-9450-altstatten-sg/86206311/,APARTMENT,APARTMENT,9450,Altstätten SG,Altstätten,Rheintal,,,650.0,1.0,18.0,,,,True,False,47.378594201612,9.540838694351,False,False,True,True,False,False,True,False,False,True,
86206235,2026-10-08,2026-10-08,https://flatfox.ch/en/flat/aedelswil-2425-9100-herisau/86206235/,APARTMENT,APARTMENT,9100,Herisau,Gossau (SG),St. Gallen,1200.0,300.0,,2.5,60.0,1880.0,2015.0,1.0,True,False,47.365108201613,9.259167694353,True,False,True,False,False,False,True,False,True,True,20.0
86205574,2026-10-08,2026-10-08,https://flatfox.ch/en/flat/waldaustrasse-9-9000-st-gallen/86205574/,APARTMENT,APARTMENT,9000,St. Gallen,St. Gallen,St. Gallen,1570.0,280.0,1850.0,4.0,82.0,,,0.0,False,False,47.419803201615,9.352649694356,False,False,False,False,False,False,False,False,False,False,19.15
86205571,2026-10-08,2026-10-08,https://flatfox.ch/en/flat/vonwilstrasse-51-9000-st-gallen/86205571/,APARTMENT,APARTMENT,9000,St. Gallen,St. Gallen,St. Gallen,,219.0,1509.0,2.0,62.0,,,7.0,False,False,47.419494201615,9.355379697353,True,True,False,False,True,True,True,True,False,True,
86205325,2026-10-08,2026-10-08,https://flatfox.ch/en/flat/alpsteinstrasse-78-9100-herisau/86205325/,APARTMENT,APARTMENT,9100,Herisau,Gossau (SG),St. Gallen,,,1240.0,3.5,70.0,,,3.0,False,False,47.369425201617,9.282663694358,True,False,True,False,True,True,False,False,False,False,
86204913,2026-10-08,2026-10-08,https://flatfox.ch/en/flat/st-gallerstr-34-9470-buchs-sg/86204913/,APARTMENT,APARTMENT,9470,Buchs SG,Grabs,Werdenberg,1330.0,190.0,1520.0,2.5,58.0,2017.0,,2.0,False,False,47.167113201613,9.466073694357,False,False,False,False,False,False,False,False,False,False,22.93
86204430,2026-10-08,2026-10-08,https://flatfox.ch/en/flat/baderstrasse-3-9650-nesslau/86204430/,APARTMENT,APARTMENT,9650,Nesslau,Nesslau,Toggenburg,1450.0,150.0,,3.5,,,,3.0,False,False,47.226214201611,9.200963694353,True,False,False,False,False,True,True,True,False,False,
86204398,2026-10-08,2026-10-08,https://flatfox.ch/en/flat/aepliweg-1-9008-st-gallen/86204398/,APARTMENT,APARTMENT,9008,St. Gallen,St. Gallen,St. Gallen,,200.0,1480.0,3.5,86.0,1940.0,,1.0,False,False,47.434774201613,9.388669695353,False,False,True,True,True,True,False,False,False,False,
86203614,2026-10-08,2026-10-08,https://flatfox.ch/en/flat/sportlerweg-4-9315-neukirch-egnach/86203614/,APARTMENT,APARTMENT,9315,Neukirch-Egnach,Häggenschwil,St. Gallen,2200.0,150.0,,3.5,92.0,2022.0,,1.0,False,False,47.530964201612,9.370954696352,True,True,True,True,True,True,False,True,False,False,23.91
86203339,2026-10-08,2026-10-08,https://flatfox.ch/en/flat/schachen-bei-reute-9411-reute-ar/86203339/,HOUSE,SINGLE_HOUSE,9411,Reute AR,Berneck,Rheintal,,,1750.0,4.5,,,,,False,False,47.425285201613,9.560625694354,False,False,False,False,False,False,False,False,False,False,
86203077,2026-10-08,2026-10-08,https://flatfox.ch/en/flat/krontalstrasse-12-9000-st-gallen/86203077/,APARTMENT,APARTMENT,9000,St. Gallen,St. Gallen,St. Gallen,980.0,150.0,1130.0,1.5,30.0,,,,False,False,47.432645201612,9.400060694353,True,False,False,False,False,False,False,False,False,False,32.67
86203076,2026-10-08,2026-10-08,https://flatfox.ch/en/flat/rickenstrasse-22-9014-st-gallen/86203076/,APARTMENT,APARTMENT,9014,St. Gallen,St. Gallen,St. Gallen,890.0,150.0,1040.0,2.0,38.0,,,,False,False,47.407464201616,9.332265694359,True,False,False,False,False,False,False,False,False,False,23.42
86203075,2026-10-08,2026-10-08,https://flatfox.ch/en/flat/krontalstrasse-12-9000-st-gallen/86203075/,APARTMENT,APARTMENT,9000,St. Gallen,St. Gallen,St. Gallen,1540.0,280.0,1820.0,3.5,79.0,,,,False,False,47.432645201612,9.400060694353,False,False,False,False,False,False,False,False,False,False,19.49
86202821,2026-10-08,2026-10-08,https://flatfox.ch/en/flat/quaderstrasse-1-7317-valens/86202821/,APARTMENT,APARTMENT,7317,Valens,Pfäfers,Sarganserland,,120.0,1540.0,3.5,65.0,,,3.0,False,False,46.970528201615,9.481935695357,True,True,False,False,False,True,False,True,False,False,
86201639,2026-10-08,2026-10-08,https://flatfox.ch/en/flat/stadeliweg-5-9220-bischofszell/86201639/,APARTMENT,APARTMENT,9220,Bischofszell,Muolen,St. Gallen,1690.0,330.0,2020.0,4.5,105.0,1996.0,,0.0,False,False,47.496270201614,9.242659695358,True,False,False,False,False,False,True,True,False,False,16.1
86200656,2026-10-08,2026-10-08,https://flatfox.ch/en/flat/bruggwaldstrasse-105-9300-wittenbach/86200656/,APARTMENT,APARTMENT,9300,Wittenbach,Berg (SG),Rorschach,1430.0,320.0,1750.0,4.5,85.0,,2022.0,1.0,False,False,47.454064201612,9.398534694351,True,True,True,False,True,False,True,True,False,True,16.82
86199501,2026-10-08,2026-10-08,https://flatfox.ch/en/flat/grabenstrasse-19-9500-wil/86199501/,APARTMENT,APARTMENT,9500,Wil,Zuzwil (SG),Wil,,180.0,1280.0,2.5,50.0,,2023.0,2.0,False,False,47.466296201615,9.050027698351,False,False,True,True,True,False,False,True,False,True,
86198633,2026-10-08,2026-10-08,https://flatfox.ch/en/flat/rickenstrasse-22-9014-st-gallen/86198633/,APARTMENT,APARTMENT,9014,St. Gallen,St. Gallen,St. Gallen,710.0,80.0,790.0,1.5,33.0,,,-1.0,False,False,47.407464201616,9.332265694359,False,False,False,False,False,False,False,False,False,False,21.52
86198631,2026-10-08,2026-10-08,https://flatfox.ch/en/flat/rickenstrasse-22-9014-st-gallen/86198631/,APARTMENT,APARTMENT,9014,St. Gallen,St. Gallen,St. Gallen,1050.0,140.0,1190.0,3.0,48.0,,,3.0,False,False,47.407464201616,9.332265694359,True,False,False,False,False,False,False,False,False,False,21.88
86198357,2026-10-08,2026-10-08,https://flatfox.ch/en/flat/8733-eschenbach/86198357/,APARTMENT,APARTMENT,8733,Eschenbach,Eschenbach (SG),See-Gaster,1590.0,150.0,,1.5,,2025.0,,2.0,False,False,47.243854201613,8.923075694355,True,True,True,True,True,True,True,False,False,False,
86197467,2026-10-08,2026-10-08,https://flatfox.ch/en/flat/greinastrasse-6-9400-rorschach/86197467/,APARTMENT,ROOF_FLAT,9400,Rorschach,Rorschach,Rorschach,790.0,190.0,980.0,2.0,42.0,,,3.0,False,False,47.477334201611,9.481024694359,False,False,False,False,False,False,False,False,False,False,18.81
86196885,2026-10-08,2026-10-08,https://flatfox.ch/en/flat/halten-1-9300-wittenbach/86196885/,APARTMENT,APARTMENT,9300,Wittenbach,Berg (SG),Rorschach,,195.0,1200.0,2.0,45.0,,,-2.0,False,False,47.464159201618,9.371687694351,True,False,False,False,True,True,True,False,False,False,
86195777,2026-10-08,2026-10-08,https://flatfox.ch/en/flat/rosenheimstrasse-7-9008-st-gallen/86195777/,APARTMENT,APARTMENT,9008,St. Gallen,St. Gallen,St. Gallen,1255.0,0.0,1255.0,2.5,58.0,,,0.0,False,False,47.433984201619,9.385139694357,True,True,False,False,False,False,True,False,False,True,21.64
86195666,2026-10-08,2026-10-08,https://flatfox.ch/en/flat/9100-herisau/86195666/,APARTMENT,APARTMENT,9100,Herisau,Gossau (SG),St. Gallen,,,990.0,4.0,50.0,,,1.0,False,True,47.382414201618,9.286750695358,True,False,False,True,True,True,False,False,False,True,
86194709,2026-10-08,2026-10-08,https://flatfox.ch/en/flat/neugrubenstr-21-9500-wil/86194709/,APARTMENT,APARTMENT,9500,Wil,Zuzwil (SG),Wil,1720.0,200.0,1920.0,4.5,108.0,2006.0,,1.0,False,False,47.475695201617,9.053778694357,False,True,False,False,False,False,False,True,False,False,15.93
86194485,2026-10-08,2026-10-08,https://flatfox.ch/en/flat/stleonhardsstrasse-79-9000-stgallen/86194485/,APARTMENT,APARTMENT,9000,St.Gallen,St. Gallen,St. Gallen,,,1970.0,4.5,95.0,,,5.0,True,False,47.421024201615,9.364553694351,True,False,True,False,True,False,False,False,False,False,
86191136,2026-10-08,2026-10-08,https://flatfox.ch/en/flat/ahornstrasse-23b-9000-st-gallen/86191136/,APARTMENT,DUPLEX,9000,St. Gallen,St. Gallen,St. Gallen,2410.0,360.0,2770.0,5.5,134.0,2022.0,,1.0,False,False,47.414608201619,9.347014699351,True,True,False,False,False,True,False,True,False,True,17.99
86190263,2026-10-08,2026-10-08,https://flatfox.ch/en/flat/bahnhofstrasse-19-9443-widnau/86190263/,APARTMENT,APARTMENT,9443,Widnau,Diepoldsau,Rheintal,,,920.0,15.0,40.0,,,,False,False,47.406583201611,9.633145694357,False,False,False,False,False,False,False,False,False,False,
86189900,2026-10-08,2026-10-08,https://flatfox.ch/en/flat/spisergasse-10-9000-st-gallen/86189900/,APARTMENT,APARTMENT,9000,St. Gallen,St. Gallen,St. Gallen,2500.0,280.0,,2.5,97.0,,2025.0,2.0,False,False,47.424798201615,9.377229694356,False,True,True,True,True,False,False,False,False,False,25.77
86189801,2026-10-08,2026-10-08,https://flatfox.ch/en/flat/tellstrasse-18-9000-stgallen/86189801/,APARTMENT,APARTMENT,9000,st.gallen,St. Gallen,St. Gallen,3600.0,300.0,,6.5,,1920.0,,3.0,True,False,47.424665201612,9.368023695357,True,False,True,True,False,True,False,False,False,False,
86189301,2026-10-08,2026-10-08,https://flatfox.ch/en/flat/langgasse-92-9008-st-gallen/86189301/,APARTMENT,APARTMENT,9008,St. Gallen,St. Gallen,St. Gallen,1110.0,240.0,1350.0,3.0,66.0,1959.0,1993.0,3.0,False,False,47.440365201614,9.392463690351,True,False,False,False,False,False,False,True,False,True,16.82
86189002,2026-10-08,2026-10-08,https://flatfox.ch/en/flat/unterpuntstrasse-30-8636-wald-zh/86189002/,HOUSE,SINGLE_HOUSE,8636,Wald ZH,Eschenbach (SG),See-Gaster,,,2950.0,7.5,,,,,False,False,47.277915201611,8.913814694357,False,False,False,False,False,False,False,False,False,False,
86187756,2026-10-08,2026-10-08,https://flatfox.ch/en/flat/nordeckstrasse-10-8636-wald-zh/86187756/,APARTMENT,APARTMENT,8636,Wald ZH,Eschenbach (SG),See-Gaster,,400.0,2560.0,5.5,126.0,,,0.0,False,False,47.268024201613,8.916078694358,True,True,False,False,True,False,True,False,False,True,
86187652,2026-10-08,2026-10-08,https://flatfox.ch/en/flat/iddastrasse-30a-9008-st-gallen/86187652/,APARTMENT,APARTMENT,9008,St. Gallen,St. Gallen,St. Gallen,1290.0,220.0,1510.0,3.5,72.0,,,3.0,False,False,47.437544201618,9.388074699356,False,False,False,False,False,False,False,False,False,False,17.92
86184919,2026-10-08,2026-10-08,https://flatfox.ch/en/flat/8636-wald-zh/86184919/,APARTMENT,APARTMENT,8636,Wald ZH,Eschenbach (SG),See-Gaster,,,350.0,1.0,76.0,,,,False,False,47.283184201617,8.923183694354,False,False,False,False,False,False,False,False,False,False,
86184809,2026-10-08,2026-10-08,https://flatfox.ch/en/flat/schaltegg-4-9213-hauptwil/86184809/,APARTMENT,APARTMENT,9213,Hauptwil,Waldkirch,St. Gallen,,180.0,1400.0,3.0,78.0,,,0.0,False,False,47.480235201612,9.249824694359,False,False,False,False,True,False,True,False,False,True,
86183770,2026-10-08,2026-10-08,https://flatfox.ch/en/flat/sonnenstrasse-11-9243-jonschwil/86183770/,APARTMENT,APARTMENT,9243,Jonschwil,Jonschwil,Wil,1300.0,0.0,1300.0,2.5,65.0,,,0.0,False,False,47.422214201615,9.085466690355,True,False,False,False,False,False,True,True,False,True,20.0
86183768,2026-10-08,2026-10-08,https://flatfox.ch/en/flat/sonnenstrasse-11-9243-jonschwil/86183768/,APARTMENT,APARTMENT,9243,Jonschwil,Jonschwil,Wil,1700.0,0.0,1700.0,4.5,90.0,,,2.0,False,False,47.422214201615,9.085466690355,True,False,False,False,False,False,True,True,False,True,18.89
86183767,2026-10-08,2026-10-08,https://flatfox.ch/en/flat/sonnenstrasse-11-9243-jonschwil/86183767/,APARTMENT,APARTMENT,9243,Jonschwil,Jonschwil,Wil,1650.0,0.0,1650.0,3.5,83.0,,,1.0,False,False,47.422214201615,9.085466690355,True,False,False,False,False,False,True,True,False,True,19.88
86183571,2026-10-08,2026-10-08,https://flatfox.ch/en/flat/zilstrasse-76-9016-st-gallen/86183571/,APARTMENT,APARTMENT,9016,St. Gallen,St. Gallen,St. Gallen,1110.0,205.0,1315.0,2.5,77.0,,,3.0,False,False,47.442458201611,9.411994696354,False,False,False,False,False,False,False,False,False,False,14.42
86183120,2026-10-08,2026-10-08,https://flatfox.ch/en/flat/8718-schanis/86183120/,APARTMENT,SINGLE_ROOM,8718,Schänis,Schänis,See-Gaster,,,1000.0,1.0,,,,,False,False,47.158229201618,9.072850693357,False,False,False,False,False,False,False,False,False,False,
86182495,2026-10-08,2026-10-08,https://flatfox.ch/en/flat/st-gallerstr-35-9500-wil-sg/86182495/,APARTMENT,APARTMENT,9500,Wil SG,Zuzwil (SG),Wil,1810.0,310.0,2120.0,3.5,101.0,2017.0,,1.0,False,False,47.462914201615,9.051717694359,True,True,False,False,False,False,False,True,False,True,17.92
86181676,2026-10-08,2026-10-08,https://flatfox.ch/en/flat/alt-ferrachstrasse-35a-8630-ruti-zh/86181676/,APARTMENT,APARTMENT,8630,Rüti ZH,Rapperswil-Jona,See-Gaster,1980.0,285.0,2265.0,3.5,77.0,1986.0,,1.0,False,False,47.253824201613,8.859048694353,False,True,False,False,False,False,True,True,False,True,25.71
86181371,2026-10-08,2026-10-08,https://flatfox.ch/en/flat/spelterinistr-8c-9602-bazenheid/86181371/,APARTMENT,APARTMENT,9602,Bazenheid,Kirchberg (SG),Toggenburg,1400.0,375.0,1775.0,2.5,68.0,2020.0,,1.0,False,False,47.413064201617,9.067560694358,True,False,False,False,False,False,False,False,False,False,20.59
86180982,2026-10-08,2026-10-08,https://flatfox.ch/en/flat/davidstrasse-9-9000-st-gallen/86180982/,APARTMENT,APARTMENT,9000,St. Gallen,St. Gallen,St. Gallen,,,1700.0,3.5,115.0,,,5.0,True,True,47.420934201613,9.371070696353,True,True,True,False,True,False,False,False,False,False,
86180980,2026-10-08,2026-10-08,https://flatfox.ch/en/flat/8732-neuhaus/86180980/,HOUSE,SINGLE_HOUSE,8732,Neuhaus,Eschenbach (SG),See-Gaster,2300.0,250.0,,5.0,115.0,1866.0,2022.0,,False,False,47.242984201613,8.943785694351,True,False,True,True,True,True,True,True,False,True,20.0
86180563,2026-10-08,2026-10-08,https://flatfox.ch/en/flat/grossackerstr-3-9000-st-gallen/86180563/,APARTMENT,APARTMENT,9000,St. Gallen,St. Gallen,St. Gallen,1810.0,230.0,2040.0,3.5,91.0,2024.0,2024.0,3.0,False,False,47.430407201611,9.392480694352,False,False,False,False,False,False,False,False,False,False,19.89
86179428,2026-10-08,2026-10-08,https://flatfox.ch/en/flat/zurcherstr-32-9000-st-gallen/86179428/,APARTMENT,APARTMENT,9000,St. Gallen,St. Gallen,St. Gallen,1200.0,160.0,1360.0,3.0,,,,1.0,False,False,47.419596201611,9.354443690352,True,False,False,False,False,False,False,False,False,False,
86178967,2026-10-08,2026-10-08,https://flatfox.ch/en/flat/weiherstrasse-15-9400-rorschach/86178967/,APARTMENT,APARTMENT,9400,Rorschach,Rorschach,Rorschach,1060.0,230.0,1290.0,2.5,,,,3.0,False,False,47.476453201611,9.506120694359,True,False,False,False,False,True,False,False,False,False,
86178550,2026-10-08,2026-10-08,https://flatfox.ch/en/flat/langgasse-46-9008-st-gallen/86178550/,APARTMENT,APARTMENT,9008,St. Gallen,St. Gallen,St. Gallen,,250.0,1110.0,1.5,33.0,,,2.0,False,False,47.437034201619,9.388334690353,False,False,False,False,False,False,False,False,False,False,
86178435,2026-10-08,2026-10-08,https://flatfox.ch/en/flat/im-grund-3a-9244-niederuzwil/86178435/,APARTMENT,APARTMENT,9244,Niederuzwil,Uzwil,Wil,1100.0,290.0,,3.5,,,,3.0,False,False,47.446175201615,9.145988693354,True,False,False,False,True,True,True,False,False,False,
86177899,2026-10-08,2026-10-08,https://flatfox.ch/en/flat/morgental-392-9323-steinach/86177899/,APARTMENT,APARTMENT,9323,Steinach,Steinach,Rorschach,,,1650.0,5.0,91.0,,,,False,False,47.499168201614,9.423314695359,False,False,False,False,False,False,False,False,False,False,
86176562,2026-10-08,2026-10-08,https://flatfox.ch/en/flat/lehnstrasse-105-9014-st-gallen/86176562/,APARTMENT,APARTMENT,9014,St. Gallen,St. Gallen,St. Gallen,1480.0,200.0,1680.0,4.0,130.0,1984.0,,3.0,False,False,47.406104201619,9.325064695357,False,False,False,False,False,False,False,False,False,False,11.38
86176546,2026-10-08,2026-10-08,https://flatfox.ch/en/flat/lehnstrasse-109-9014-st-gallen/86176546/,APARTMENT,APARTMENT,9014,St. Gallen,St. Gallen,St. Gallen,1316.0,300.0,1616.0,4.0,128.0,1984.0,,3.0,False,False,47.406604201619,9.325196694357,False,False,False,False,False,False,False,False,False,False,10.28
86175267,2026-10-08,2026-10-08,https://flatfox.ch/en/flat/widacherstrasse-3a-8630-ruti-zh/86175267/,APARTMENT,APARTMENT,8630,Rüti ZH,Rapperswil-Jona,See-Gaster,2350.0,300.0,2650.0,4.5,109.0,,,4.0,False,False,47.252666201611,8.854499696356,True,True,False,False,False,True,False,False,False,False,21.56
86174115,2026-10-08,2026-10-08,https://flatfox.ch/en/flat/lindenstrasse-19a-9500-wil/86174115/,APARTMENT,APARTMENT,9500,Wil,Zuzwil (SG),Wil,1070.0,295.0,1365.0,3.5,72.0,,,2.0,False,False,47.458214201615,9.043548693354,False,True,False,False,False,False,False,False,False,False,14.86
86173431,2026-10-08,2026-10-08,https://flatfox.ch/en/flat/hauptstrasse-38-9126-necker/86173431/,APARTMENT,APARTMENT,9126,Necker,Neckertal,Toggenburg,,,1300.0,3.5,80.0,,,,False,False,47.345624201616,9.129800694355,False,False,False,False,False,False,False,False,False,False,
86173278,2026-10-08,2026-10-08,https://flatfox.ch/en/flat/krontalstrasse-9-9000-st-gallen/86173278/,APARTMENT,ROOF_FLAT,9000,St. Gallen,St. Gallen,St. Gallen,1150.0,300.0,1450.0,3.0,70.0,,,4.0,False,False,47.432428201612,9.399059695359,False,False,False,False,True,False,False,False,True,True,16.43
86172486,2026-10-08,2026-10-08,https://flatfox.ch/en/flat/obstgartenstrasse-8a-9300-wittenbach/86172486/,APARTMENT,APARTMENT,9300,Wittenbach,Berg (SG),Rorschach,1279.0,240.0,1519.0,3.5,79.0,,,1.0,False,False,47.459044201611,9.386724694355,False,False,False,False,False,False,False,False,False,False,16.19
86171769,2026-10-08,2026-10-08,https://flatfox.ch/en/flat/9403-goldach/86171769/,APARTMENT,FURNISHED_FLAT,9403,Goldach,Rorschacherberg,Rorschach,,,1560.0,2.5,64.0,,,14.0,True,True,47.478847201611,9.470043694356,False,True,False,False,False,False,False,True,False,False,
86171233,2026-10-08,2026-10-08,https://flatfox.ch/en/flat/unterwienacht-577-9405-wienacht-tobel/86171233/,APARTMENT,APARTMENT,9405,Wienacht-Tobel,Rorschacherberg,Rorschach,,,1150.0,1.0,30.0,,,,False,False,47.467016201619,9.534188694355,False,False,False,False,False,False,False,False,False,False,
86170695,2026-10-08,2026-10-08,https://flatfox.ch/en/flat/reherstr-24a-9016-st-gallen/86170695/,APARTMENT,APARTMENT,9016,St. Gallen,St. Gallen,St. Gallen,1370.0,250.0,1620.0,3.5,77.0,1979.0,2005.0,7.0,False,False,47.437305201619,9.418680695354,True,True,False,False,False,False,True,True,False,True,17.79
86170577,2026-10-08,2026-10-08,https://flatfox.ch/en/flat/kirchplatz-10-9450-luchingen/86170577/,APARTMENT,APARTMENT,9450,Lüchingen,Altstätten,Rheintal,,,1250.0,2.5,75.0,,,,False,False,47.377828201618,9.540804697352,False,False,False,False,False,False,False,False,False,False,
86170243,2026-10-08,2026-10-08,https://flatfox.ch/en/flat/ringstrasse-20-9200-gossau-sg/86170243/,APARTMENT,APARTMENT,9200,Gossau SG,Gossau (SG),St. Gallen,2010.0,365.0,2375.0,4.5,122.0,2015.0,,2.0,False,False,47.413724201611,9.246657694358,True,True,False,False,False,True,False,True,False,True,16.48
86169424,2026-10-08,2026-10-08,https://flatfox.ch/en/flat/fahnernstr-1-9000-st-gallen/86169424/,APARTMENT,APARTMENT,9000,St. Gallen,St. Gallen,St. Gallen,1060.0,150.0,1210.0,2.5,,1962.0,,0.0,False,False,47.410804201611,9.363508698353,False,False,False,False,False,False,False,False,False,False,
86168833,2026-10-08,2026-10-08,https://flatfox.ch/en/flat/eggstrasse-53-9630-wattwil/86168833/,HOUSE,SINGLE_HOUSE,9630,Wattwil,Mosnang,Toggenburg,,,2600.0,9.5,238.0,1967.0,2011.0,,False,False,47.291954201613,9.101480696357,True,False,True,False,False,True,True,True,True,True,
86166672,2026-10-08,2026-10-08,https://flatfox.ch/en/flat/neue-steig-1-9100-herisau/86166672/,HOUSE,SINGLE_HOUSE,9100,Herisau,Gossau (SG),St. Gallen,2700.0,,,6.5,260.0,1983.0,2021.0,,False,False,47.384454201619,9.275998690355,True,False,True,True,True,True,False,True,True,False,10.38
86166278,2026-10-08,2026-10-08,https://flatfox.ch/en/flat/alte-weberei-2a-9652-neu-st-johann/86166278/,APARTMENT,LOFT,9652,Neu St. Johann,Nesslau,Toggenburg,1640.0,250.0,1890.0,3.5,92.0,2026.0,,1.0,False,False,47.229106201619,9.195844694351,False,False,False,False,False,False,False,True,False,False,17.83
86165424,2026-10-08,2026-10-08,https://flatfox.ch/en/flat/stadeliweg-5a-9220-bischofszell/86165424/,APARTMENT,APARTMENT,9220,Bischofszell,Muolen,St. Gallen,1225.0,200.0,1425.0,2.5,74.0,1996.0,,0.0,False,False,47.496514201611,9.242583690353,True,True,False,False,False,False,True,True,False,False,16.55
86165215,2026-10-08,2026-10-08,https://flatfox.ch/en/flat/poststrasse-43-8580-amriswil/86165215/,APARTMENT,APARTMENT,8580,Amriswil,Muolen,St. Gallen,1095.0,225.0,1320.0,3.5,82.0,1973.0,,2.0,False,False,47.550484201617,9.298024694357,False,False,False,False,False,False,False,False,False,False,13.35
86164089,2026-10-08,2026-10-08,https://flatfox.ch/en/flat/wiesengrundstrasse-2-9524-zuzwil/86164089/,APARTMENT,APARTMENT,9524,Zuzwil,Zuzwil (SG),Wil,1500.0,200.0,1700.0,2.5,88.0,,,3.0,False,False,47.473038201611,9.108679694351,False,False,False,False,False,False,False,False,False,False,17.05
86164020,2026-10-08,2026-10-08,https://flatfox.ch/en/flat/reitbahnstrasse-17-9400-rorschach/86164020/,APARTMENT,APARTMENT,9400,Rorschach,Rorschach,Rorschach,950.0,200.0,1150.0,2.5,34.0,,2020.0,2.0,False,False,47.477379201614,9.488000695353,False,False,False,False,True,False,False,False,False,False,27.94
86163457,2026-10-08,2026-10-08,https://flatfox.ch/en/flat/rorschacherstr-61-9000-st-gallen/86163457/,APARTMENT,APARTMENT,9000,St. Gallen,St. Gallen,St. Gallen,1050.0,110.0,1160.0,1.5,31.0,,,4.0,False,False,47.427464201614,9.383665694356,False,False,False,False,False,False,False,False,False,False,33.87
86163454,2026-10-08,2026-10-08,https://flatfox.ch/en/flat/rorschacherstr-61-9000-st-gallen/86163454/,APARTMENT,APARTMENT,9000,St. Gallen,St. Gallen,St. Gallen,1680.0,190.0,1870.0,3.5,79.0,,,3.0,False,False,47.427464201614,9.383665694356,False,False,False,False,False,False,False,False,False,False,21.27
86163442,2026-10-08,2026-10-08,https://flatfox.ch/en/flat/rorschacherstr-59-9000-st-gallen/86163442/,APARTMENT,APARTMENT,9000,St. Gallen,St. Gallen,St. Gallen,1040.0,110.0,1150.0,1.5,28.0,,,1.0,False,False,47.427349201615,9.383469696359,False,False,False,False,False,False,False,False,False,False,37.14
86163262,2026-10-08,2026-10-08,https://flatfox.ch/en/flat/poststrasse-4-9500-wil-sg/86163262/,APARTMENT,ATTIC_FLAT,9500,Wil SG,Zuzwil (SG),Wil,2160.0,350.0,2510.0,4.5,145.0,1998.0,2019.0,3.0,False,False,47.463054201611,9.045115694351,False,False,False,False,False,False,False,False,False,False,14.9
86162994,2026-10-08,2026-10-08,https://flatfox.ch/en/flat/grossackerstrasse-2-9000-stgallen-9000-st-gallen/86162994/,APARTMENT,APARTMENT,9000,St. Gallen,St. Gallen,St. Gallen,1450.0,250.0,1700.0,4.5,,,2021.0,3.0,False,False,47.430434201618,9.392066697353,True,False,False,False,True,False,True,False,False,False,
86162152,2026-10-08,2026-10-08,https://flatfox.ch/en/flat/stadeliweg-3-9220-bischofszell/86162152/,APARTMENT,APARTMENT,9220,Bischofszell,Muolen,St. Gallen,1380.0,220.0,1600.0,3.5,82.0,1996.0,,2.0,False,False,47.496274201619,9.241918694355,True,False,False,False,False,False,True,True,False,False,16.83
86161917,2026-10-08,2026-10-08,https://flatfox.ch/en/flat/lehnstrasse-89-9014-st-gallen/86161917/,APARTMENT,APARTMENT,9014,St. Gallen,St. Gallen,St. Gallen,1940.0,210.0,2150.0,4.0,134.0,1988.0,2020.0,4.0,False,False,47.404905201612,9.324354698355,True,False,False,False,False,True,False,False,False,False,14.48
86161637,2026-10-08,2026-10-08,https://flatfox.ch/en/flat/lohstrasse-2-8580-amriswil/86161637/,APARTMENT,APARTMENT,8580,Amriswil,Muolen,St. Gallen,1310.0,160.0,1470.0,2.5,56.0,,,3.0,False,False,47.543947201617,9.307999694351,False,False,False,False,False,False,False,False,False,False,23.39
86160835,2026-10-08,2026-10-08,https://flatfox.ch/en/flat/bahnhofstrasse-23-7320-sargans/86160835/,APARTMENT,APARTMENT,7320,Sargans,Wartau,Werdenberg,1530.0,260.0,,4.0,,,,3.0,False,False,47.046094201619,9.443673694359,True,False,False,False,False,True,True,False,False,False,
86160363,2026-10-08,2026-10-08,https://flatfox.ch/en/flat/st-georgenstr-210-9011-st-gallen/86160363/,APARTMENT,ROOF_FLAT,9011,St. Gallen,St. Gallen,St. Gallen,1435.0,260.0,1695.0,3.5,99.0,1994.0,,3.0,False,False,47.414434201611,9.398254694358,True,True,False,False,False,False,False,False,True,False,14.49
86160350,2026-10-08,2026-10-08,https://flatfox.ch/en/flat/rorschacherstr-59-9000-st-gallen/86160350/,APARTMENT,APARTMENT,9000,St. Gallen,St. Gallen,St. Gallen,1050.0,110.0,1160.0,1.5,28.0,,,1.0,False,False,47.427349201615,9.383469696359,False,False,False,False,False,False,False,False,False,False,37.5
86160345,2026-10-08,2026-10-08,https://flatfox.ch/en/flat/ziegelbruckstrasse-8-8718-schanis/86160345/,APARTMENT,APARTMENT,8718,Schänis,Schänis,See-Gaster,1810.0,280.0,2090.0,5.5,150.0,0.0,,3.0,False,False,47.156834201616,9.045066696357,True,False,False,False,False,True,True,True,True,True,12.07
86159918,2026-10-08,2026-10-08,https://flatfox.ch/en/flat/erlengrund-5-9470-buchs-sg/86159918/,APARTMENT,APARTMENT,9470,Buchs SG,Grabs,Werdenberg,1575.0,290.0,1865.0,4.5,110.0,1985.0,,1.0,False,False,47.164894201617,9.482627697355,False,False,False,False,False,False,False,False,False,False,14.32
86158696,2026-10-08,2026-10-08,https://flatfox.ch/en/flat/ringstrasse-26-9200-gossau/86158696/,APARTMENT,APARTMENT,9200,Gossau,Gossau (SG),St. Gallen,,220.0,1560.0,3.5,74.0,,,1.0,False,False,47.414025201619,9.248498694356,True,False,True,True,False,False,False,False,False,False,
86157664,2026-10-08,2026-10-08,https://flatfox.ch/en/flat/8646-wagen/86157664/,HOUSE,VILLA,8646,Wagen,Rapperswil-Jona,See-Gaster,13900.0,,13900.0,8.0,429.0,2008.0,,,False,False,47.231009201619,8.886424694351,True,False,False,False,False,False,True,True,True,False,32.4
86156025,2026-10-08,2026-10-08,https://flatfox.ch/en/flat/ergetenstr-2-9244-niederuzwil/86156025/,APARTMENT,APARTMENT,9244,Niederuzwil,Uzwil,Wil,1200.0,290.0,1490.0,4.0,84.0,,,3.0,False,False,47.446134201616,9.144220694353,False,True,False,False,False,False,False,False,False,False,14.29
86155879,2026-10-08,2026-10-08,https://flatfox.ch/en/flat/burggass-5-9442-berneck/86155879/,APARTMENT,APARTMENT,9442,Berneck,Berneck,Rheintal,,380.0,1520.0,4.0,90.0,1667.0,2021.0,2.0,False,False,47.423704201618,9.612733696359,True,False,True,True,True,True,True,False,False,False,
86155877,2026-10-08,2026-10-08,https://flatfox.ch/en/flat/bronschhoferstrasse-44-9500-wil/86155877/,APARTMENT,APARTMENT,9500,Wil,Zuzwil (SG),Wil,1360.0,290.0,1650.0,3.5,,,,2.0,False,False,47.468380201614,9.041233698354,True,False,False,False,False,False,False,False,False,False,
86155875,2026-10-08,2026-10-08,https://flatfox.ch/en/flat/berneggstr-50-9000-st-gallen/86155875/,APARTMENT,APARTMENT,9000,St. Gallen,St. Gallen,St. Gallen,770.0,130.0,900.0,1.5,33.0,1962.0,2017.0,2.0,False,False,47.419274201612,9.373048694356,True,True,False,False,False,True,False,False,False,False,23.33
86155763,2026-10-08,2026-10-08,https://flatfox.ch/en/flat/toggenburgerstrasse-13-9652-neu-st-johann/86155763/,APARTMENT,APARTMENT,9652,Neu St. Johann,Nesslau,Toggenburg,1690.0,260.0,1950.0,3.5,93.0,2026.0,,1.0,False,False,47.229135201615,9.195839694356,True,False,False,False,False,False,False,True,False,False,18.17
86153789,2026-10-08,2026-10-08,https://flatfox.ch/en/flat/valenserstrasse-5b-7310-bad-ragaz/86153789/,APARTMENT,APARTMENT,7310,Bad Ragaz,Bad Ragaz,Sarganserland,1822.0,185.0,2007.0,3.5,101.0,2011.0,,1.0,False,False,47.001384201619,9.499224694353,True,True,False,False,False,True,False,False,False,False,18.04
86153601,2026-10-08,2026-10-08,https://flatfox.ch/en/flat/alt-ferrachstrasse-37-8630-ruti-zh/86153601/,APARTMENT,APARTMENT,8630,Rüti ZH,Rapperswil-Jona,See-Gaster,2270.0,360.0,2630.0,4.0,92.0,1986.0,,2.0,False,False,47.253774201617,8.858634694357,False,True,False,False,False,False,True,True,False,True,24.67
86152745,2026-10-08,2026-10-08,https://flatfox.ch/en/flat/9436-balgach/86152745/,HOUSE,SINGLE_HOUSE,9436,Balgach,Balgach,Rheintal,1220.0,,,4.0,,,,,False,False,47.405414201611,9.604270694351,True,False,True,False,False,True,True,False,False,False,
86152279,2026-10-08,2026-10-08,https://flatfox.ch/en/flat/ringstrasse-9-9300-wittenbach/86152279/,APARTMENT,APARTMENT,9300,Wittenbach,Berg (SG),Rorschach,1530.0,230.0,1760.0,5.5,100.0,,,0.0,False,False,47.460957201617,9.392789695354,True,False,False,False,False,False,False,False,False,False,15.3
86151276,2026-10-08,2026-10-08,https://flatfox.ch/en/flat/brugg-1-9043-trogen/86151276/,HOUSE,MULTI_FAMILY_HOUSE,9043,Trogen,Altstätten,Rheintal,990.0,200.0,1190.0,,,,,,False,False,47.400724201613,9.470074690357,False,False,False,False,False,False,False,False,False,False,
86150135,2026-10-08,2026-10-08,https://flatfox.ch/en/flat/engelgasse-12a-9000-st-gallen/86150135/,APARTMENT,APARTMENT,9000,St. Gallen,St. Gallen,St. Gallen,1120.0,170.0,1290.0,2.0,66.0,1902.0,1993.0,4.0,False,False,47.426664201612,9.375107690351,False,False,False,False,False,True,False,False,False,False,16.97
86150129,2026-10-08,2026-10-08,https://flatfox.ch/en/flat/sonnenbuhlweg-1-8630-ruti/86150129/,APARTMENT,APARTMENT,8630,Rüti,Rapperswil-Jona,See-Gaster,1950.0,357.0,2307.0,4.5,102.0,1985.0,,1.0,False,False,47.251304201611,8.856759694351,True,True,False,False,False,False,False,False,False,False,19.12
86148177,2026-10-08,2026-10-08,https://flatfox.ch/en/flat/9532-rickenbach-b-wil/86148177/,APARTMENT,APARTMENT,9532,Rickenbach b. Wil,Kirchberg (SG),Toggenburg,,,2800.0,4.5,200.0,,,,False,False,47.451724201613,9.041844694355,False,False,False,False,False,False,False,False,False,False,
86145206,2026-10-08,2026-10-08,https://flatfox.ch/en/flat/bahnhofstr-1-9300-wittenbach/86145206/,APARTMENT,APARTMENT,9300,Wittenbach,Berg (SG),Rorschach,1120.0,200.0,1320.0,3.0,64.0,1958.0,2007.0,0.0,False,False,47.463394201611,9.386199696358,False,False,False,False,False,False,False,False,False,False,17.5
86144152,2026-10-08,2026-10-08,https://flatfox.ch/en/flat/nordstr-12-9450-altstatten/86144152/,APARTMENT,APARTMENT,9450,Altstätten,Altstätten,Rheintal,1185.0,210.0,1395.0,3.5,74.0,,,4.0,False,False,47.377809201618,9.553244694359,True,False,False,False,False,True,False,False,False,False,16.01
86143371,2026-10-08,2026-10-08,https://flatfox.ch/en/flat/tablatstr-12-9016-st-gallen/86143371/,APARTMENT,APARTMENT,9016,St. Gallen,St. Gallen,St. Gallen,1335.0,230.0,1565.0,3.5,84.0,1981.0,2012.0,0.0,False,False,47.437728201616,9.420390690352,True,True,False,False,False,True,True,True,False,True,15.89
86142998,2026-10-08,2026-10-08,https://flatfox.ch/en/flat/trogenerstrasse-55-9450-luchingen/86142998/,APARTMENT,APARTMENT,9450,Lüchingen,Altstätten,Rheintal,,,2250.0,5.5,140.0,,,,False,False,47.382924201619,9.538294694351,False,False,False,False,False,False,False,False,False,False,
86142201,2026-10-08,2026-10-08,https://flatfox.ch/en/flat/salisstr-18-9000-st-gallen/86142201/,APARTMENT,APARTMENT,9000,St. Gallen,St. Gallen,St. Gallen,1410.0,260.0,1670.0,3.5,84.0,1999.0,,3.0,False,False,47.418850201616,9.355857694358,True,True,False,False,False,False,False,False,False,False,16.79
86142134,2026-10-08,2026-10-08,https://flatfox.ch/en/flat/iddastrasse-30a-9008-st-gallen/86142134/,APARTMENT,APARTMENT,9008,St. Gallen,St. Gallen,St. Gallen,1800.0,385.0,2185.0,5.5,112.0,,,1.0,False,False,47.437544201618,9.388074699356,False,False,False,False,False,False,False,False,False,False,16.07
86141227,2026-10-08,2026-10-08,https://flatfox.ch/en/flat/schottengasse-8-9220-bischofszell/86141227/,APARTMENT,APARTMENT,9220,Bischofszell,Muolen,St. Gallen,,,1290.0,3.5,,,,,False,False,47.494445201616,9.238206695356,False,False,False,False,False,False,False,False,False,False,
86138133,2026-10-08,2026-10-08,https://flatfox.ch/en/flat/schonbuelpark-3-9016-st-gallen/86138133/,APARTMENT,APARTMENT,9016,St. Gallen,St. Gallen,St. Gallen,1630.0,200.0,1830.0,2.5,88.0,2011.0,,4.0,False,False,47.440665201611,9.411778694351,True,True,False,False,False,False,False,True,False,True,18.52
86135393,2026-10-08,2026-10-08,https://flatfox.ch/en/flat/seeblickstrasse-17-9113-degersheim/86135393/,APARTMENT,APARTMENT,9113,Degersheim,Flawil,Wil,1250.0,340.0,1590.0,4.5,99.0,,,2.0,False,False,47.372114201612,9.203163693355,True,False,False,False,False,False,False,False,False,False,12.63
86132744,2026-10-08,2026-10-08,https://flatfox.ch/en/flat/schulstrasse-5-9200-gossau/86132744/,APARTMENT,APARTMENT,9200,Gossau,Gossau (SG),St. Gallen,,250.0,1670.0,3.5,,,,2.0,False,False,47.413194201618,9.272780694358,False,False,False,False,False,False,False,False,False,False,
86132711,2026-10-08,2026-10-08,https://flatfox.ch/en/flat/badstrasse-8-9000-st-gallen/86132711/,APARTMENT,APARTMENT,9000,St. Gallen,St. Gallen,St. Gallen,,220.0,1410.0,3.5,67.0,,,4.0,False,False,47.419087201614,9.352880699356,False,False,False,False,False,False,False,False,False,False,
86132296,2026-10-08,2026-10-08,https://flatfox.ch/en/flat/9500-wil-sg/86132296/,APARTMENT,APARTMENT,9500,Wil SG,Zuzwil (SG),Wil,,,550.0,1.0,,,,,False,False,47.460454201619,9.053136695357,False,False,False,False,False,False,False,False,False,False,
86132229,2026-10-08,2026-10-08,https://flatfox.ch/en/flat/eichfeldstrasse-20-8640-rapperswil-sg/86132229/,APARTMENT,APARTMENT,8640,Rapperswil SG,Rapperswil-Jona,See-Gaster,1450.0,280.0,,3.0,,,,1.0,False,False,47.226697201614,8.832186696351,True,False,False,False,False,False,False,False,False,False,
86131905,2026-10-08,2026-10-08,https://flatfox.ch/en/flat/grueb-6-9100-herisau/86131905/,APARTMENT,APARTMENT,9100,Herisau,Gossau (SG),St. Gallen,1310.0,160.0,1470.0,3.5,,1970.0,2021.0,4.0,False,False,47.386497201617,9.276374694358,False,False,False,False,False,False,False,False,False,False,
86131683,2026-10-08,2026-10-08,https://flatfox.ch/en/flat/9015-st-gallen/86131683/,APARTMENT,APARTMENT,9015,St. Gallen,Gossau (SG),St. Gallen,,,590.0,1.0,,,,,False,False,47.408015201619,9.304518694358,False,False,False,False,False,False,False,False,False,False,
86131587,2026-10-08,2026-10-08,https://flatfox.ch/en/flat/9015-st-gallen/86131587/,APARTMENT,APARTMENT,9015,St. Gallen,Gossau (SG),St. Gallen,,,590.0,1.0,,,,,False,False,47.408054201617,9.304523693354,False,False,False,False,False,False,False,False,False,False,
86131106,2026-10-08,2026-10-08,https://flatfox.ch/en/flat/hechtackerstrasse-14-9014-st-gallen/86131106/,APARTMENT,APARTMENT,9014,St. Gallen,St. Gallen,St. Gallen,1640.0,220.0,1860.0,3.5,88.0,2020.0,,4.0,False,False,47.408114201615,9.339793694358,False,True,False,False,False,False,False,False,False,False,18.64
86127556,2026-10-08,2026-10-08,https://flatfox.ch/en/flat/rorschacher-strasse-244-9000-st-gallen/86127556/,APARTMENT,APARTMENT,9000,St. Gallen,St. Gallen,St. Gallen,1490.0,180.0,1670.0,3.5,66.0,,,3.0,False,False,47.436617201612,9.405090694355,True,False,False,False,False,False,False,False,False,False,22.58
86127117,2026-10-08,2026-10-08,https://flatfox.ch/en/flat/bildstrasse-19-9030-abtwil/86127117/,APARTMENT,APARTMENT,9030,Abtwil,Gaiserwald,St. Gallen,1460.0,250.0,,4.5,,,,0.0,False,False,47.417964201614,9.312610694352,True,False,False,False,False,True,True,False,False,True,
86126503,2026-10-08,2026-10-08,https://flatfox.ch/en/flat/zilstrasse-74a-9016-st-gallen/86126503/,APARTMENT,APARTMENT,9016,St. Gallen,St. Gallen,St. Gallen,1105.0,255.0,1360.0,2.5,77.0,,,2.0,False,False,47.442884201612,9.411897699356,False,False,False,False,False,False,False,False,False,False,14.35
86123481,2026-10-08,2026-10-08,https://flatfox.ch/en/flat/9100-herisau/86123481/,APARTMENT,APARTMENT,9100,Herisau,Gossau (SG),St. Gallen,,,990.0,4.0,50.0,,,2.0,False,True,47.382424201613,9.286768694358,False,False,False,True,True,True,False,False,False,True,
86122182,2026-10-08,2026-10-08,https://flatfox.ch/en/flat/pizolstrasse-5-7320-sargans/86122182/,APARTMENT,APARTMENT,7320,Sargans,Wartau,Werdenberg,2265.0,300.0,2565.0,4.5,126.0,,,1.0,False,False,47.045158201612,9.441857694353,False,False,False,False,False,False,False,False,False,False,17.98
86117281,2026-10-08,2026-10-08,https://flatfox.ch/en/flat/bernhardswiesweg-4-9014-st-gallen/86117281/,APARTMENT,APARTMENT,9014,St. Gallen,St. Gallen,St. Gallen,1340.0,240.0,1580.0,4.0,88.0,1982.0,,1.0,False,False,47.408285201618,9.332384694352,True,True,False,False,False,False,False,True,False,True,15.23
86116014,2026-10-08,2026-10-08,https://flatfox.ch/en/flat/st-gallerstrasse-40-9403-goldach/86116014/,APARTMENT,APARTMENT,9403,Goldach,Rorschacherberg,Rorschach,,200.0,2035.0,4.5,,,2026.0,,False,False,47.478538201617,9.474530690357,True,False,True,True,True,False,True,False,False,False,
86115937,2026-10-08,2026-10-08,https://flatfox.ch/en/flat/volksbadstrasse-8-9000-st-gallen/86115937/,APARTMENT,APARTMENT,9000,St. Gallen,St. Gallen,St. Gallen,700.0,160.0,860.0,1.0,30.0,,,1.0,False,False,47.428494201616,9.384774695356,False,False,False,False,False,False,False,False,False,False,23.33
86111188,2026-10-08,2026-10-08,https://flatfox.ch/en/flat/pizalunweg-6-7310-bad-ragaz/86111188/,APARTMENT,APARTMENT,7310,Bad Ragaz,Bad Ragaz,Sarganserland,,,1545.0,1.5,27.0,,,,False,False,47.007224201619,9.497336694352,False,False,False,False,False,False,False,False,False,False,
86109036,2026-10-08,2026-10-08,https://flatfox.ch/en/flat/hinterwies-17-9042-speicher/86109036/,APARTMENT,APARTMENT,9042,Speicher,St. Gallen,St. Gallen,1250.0,260.0,,3.5,69.0,,,0.0,False,False,47.416234201616,9.436259694356,True,False,False,False,False,False,False,False,False,False,18.12
86106941,2026-10-08,2026-10-08,https://flatfox.ch/en/flat/seeblickstrasse-3-9113-degersheim/86106941/,APARTMENT,SINGLE_ROOM,9113,Degersheim,Flawil,Wil,,,600.0,1.0,15.0,,,,False,False,47.372603201614,9.202043697356,False,False,False,False,False,False,False,False,False,False,
86103140,2026-10-08,2026-10-08,https://flatfox.ch/en/flat/ahornstrasse-23-9000-st-gallen/86103140/,APARTMENT,APARTMENT,9000,St. Gallen,St. Gallen,St. Gallen,1520.0,160.0,1680.0,2.5,58.0,2022.0,,4.0,False,False,47.414084201612,9.346415694359,True,True,False,False,False,False,False,True,False,True,26.21
86100944,2026-10-08,2026-10-08,https://flatfox.ch/en/flat/denkmalweg-1-8877-murg/86100944/,APARTMENT,SINGLE_ROOM,8877,Murg,Quarten,Sarganserland,,,650.0,1.0,28.0,,,,False,False,47.112328201611,9.213283695356,False,False,False,False,False,False,False,False,False,False,
86096641,2026-10-08,2026-10-08,https://flatfox.ch/en/flat/feldgass-1-9478-azmoos/86096641/,APARTMENT,APARTMENT,9478,Azmoos,Wartau,Werdenberg,1420.0,190.0,1610.0,2.5,66.0,2012.0,,1.0,False,False,47.080004201617,9.477595694352,True,True,False,False,False,False,True,True,False,False,21.52
86096127,2026-10-08,2026-10-08,https://flatfox.ch/en/flat/lowengartenstrasse-12-9400-rorschach/86096127/,APARTMENT,APARTMENT,9400,Rorschach,Rorschach,Rorschach,1110.0,140.0,1250.0,1.0,38.0,,,4.0,False,False,47.477593201617,9.483076694354,True,True,False,False,False,False,False,False,False,False,29.21
86092057,2026-10-08,2026-10-08,https://flatfox.ch/en/flat/bahnhofstrasse-15-9450-altstatten/86092057/,APARTMENT,APARTMENT,9450,Altstätten,Altstätten,Rheintal,1160.0,160.0,1320.0,2.5,60.0,,2026.0,1.0,False,False,47.377814201619,9.546655694351,False,True,True,False,True,False,True,True,False,False,19.33
86091350,2026-10-08,2026-10-08,https://flatfox.ch/en/flat/schontalstrasse-11b-9244-niederuzwil/86091350/,APARTMENT,APARTMENT,9244,Niederuzwil,Uzwil,Wil,1370.0,200.0,1570.0,3.5,88.0,,,3.0,False,False,47.443284201611,9.136587695351,False,False,False,False,False,False,False,False,False,False,15.57
86091026,2026-10-08,2026-10-08,https://flatfox.ch/en/flat/burenbuchelstr-18a-9016-st-gallen/86091026/,APARTMENT,APARTMENT,9016,St. Gallen,St. Gallen,St. Gallen,1110.0,250.0,1360.0,3.5,63.0,1962.0,,1.0,False,False,47.435744201615,9.411015694356,True,False,False,False,False,False,False,False,False,False,17.62
86091021,2026-10-08,2026-10-08,https://flatfox.ch/en/flat/hagenwilerstr-8-8580-amriswil/86091021/,APARTMENT,APARTMENT,8580,Amriswil,Muolen,St. Gallen,1540.0,190.0,1730.0,3.5,91.0,2010.0,,2.0,False,False,47.543414201617,9.285493694351,True,True,False,False,False,False,True,True,False,False,16.92
86091012,2026-10-08,2026-10-08,https://flatfox.ch/en/flat/langgasse-13-9008-st-gallen/86091012/,APARTMENT,ROOF_FLAT,9008,St. Gallen,St. Gallen,St. Gallen,1700.0,255.0,1955.0,2.5,106.0,1988.0,,5.0,False,False,47.434754201611,9.384799694354,False,True,False,False,False,False,False,True,False,True,16.04
86090810,2026-10-08,2026-10-08,https://flatfox.ch/en/flat/signalstrasse-7-9400-rorschach/86090810/,APARTMENT,APARTMENT,9400,Rorschach,Rorschach,Rorschach,1310.0,250.0,1560.0,3.5,98.0,1940.0,,3.0,False,False,47.477774201616,9.492416694359,False,False,False,False,False,True,False,False,False,False,13.37
86090467,2026-10-08,2026-10-08,https://flatfox.ch/en/flat/schulstrasse-4-9450-altstatten-sg/86090467/,APARTMENT,ATTIC_FLAT,9450,Altstätten SG,Altstätten,Rheintal,2010.0,350.0,2360.0,4.5,113.0,2017.0,,3.0,False,False,47.381506201611,9.545680694357,True,True,False,False,False,True,False,True,False,True,17.79
86090056,2026-10-08,2026-10-08,https://flatfox.ch/en/flat/bruggereggstrasse-15-9100-herisau/86090056/,APARTMENT,APARTMENT,9100,Herisau,Gossau (SG),St. Gallen,1516.0,320.0,1836.0,4.5,100.0,1975.0,2021.0,0.0,False,False,47.377750201616,9.265013698351,False,False,False,False,False,False,False,False,False,False,15.16
86089268,2026-10-08,2026-10-08,https://flatfox.ch/en/flat/hofackerstrasse-16b-9606-butschwil-ganterschwil/86089268/,APARTMENT,APARTMENT,9606,Bütschwil-Ganterschwil,Bütschwil-Ganterschwil,Toggenburg,1945.0,200.0,2145.0,4.5,120.0,,,2.0,False,False,47.365280201619,9.075990694351,False,False,False,False,False,False,False,False,False,False,16.21
86088620,2026-10-08,2026-10-08,https://flatfox.ch/en/flat/oberstrasse-205-9000-st-gallen/86088620/,APARTMENT,APARTMENT,9000,St. Gallen,St. Gallen,St. Gallen,1100.0,190.0,,2.5,53.0,,,3.0,False,False,47.412134201615,9.351958699358,True,False,False,False,False,False,False,False,False,False,20.75
86088547,2026-10-08,2026-10-08,https://flatfox.ch/en/flat/zurcherstrasse-438-9015-st-gallen/86088547/,APARTMENT,DUPLEX,9015,St. Gallen,Gossau (SG),St. Gallen,1780.0,250.0,,5.5,,,,2.0,False,False,47.407495201616,9.308606694353,False,False,True,True,True,False,True,False,False,True,
86088447,2026-10-08,2026-10-08,https://flatfox.ch/en/flat/rainstr-22-9500-wil-sg/86088447/,APARTMENT,APARTMENT,9500,Wil SG,Zuzwil (SG),Wil,1290.0,280.0,1570.0,3.5,87.0,1980.0,,2.0,False,False,47.454755201611,9.050728694358,True,True,False,False,False,False,False,False,False,False,14.83
86088438,2026-10-08,2026-10-08,https://flatfox.ch/en/flat/oberstrasse-205-9000-st-gallen/86088438/,APARTMENT,APARTMENT,9000,St. Gallen,St. Gallen,St. Gallen,1230.0,200.0,,3.5,65.0,,,3.0,False,False,47.412134201615,9.351958699358,True,False,False,False,False,False,False,False,False,False,18.92
86087821,2026-10-08,2026-10-08,https://flatfox.ch/en/flat/hochistrasse-11-8722-kaltbrunn/86087821/,APARTMENT,APARTMENT,8722,Kaltbrunn,Gommiswald,See-Gaster,,,1260.0,2.5,60.0,,,,False,False,47.217175201615,9.012850698355,False,False,False,False,False,False,False,False,False,False,
86085123,2026-10-08,2026-10-08,https://flatfox.ch/en/flat/obere-waldhofstrasse-5-9240-uzwil/86085123/,APARTMENT,APARTMENT,9240,Uzwil,Oberuzwil,Wil,,,1970.0,4.5,92.0,,2025.0,3.0,False,False,47.440564201614,9.124784696357,True,False,True,True,True,True,True,True,False,False,
86082180,2026-10-08,2026-10-08,https://flatfox.ch/en/flat/rheinstr-45-7320-sargans/86082180/,APARTMENT,ROOF_FLAT,7320,Sargans,Wartau,Werdenberg,1900.0,310.0,2210.0,4.5,113.0,2010.0,,3.0,False,False,47.051164201614,9.446013695353,True,True,False,False,False,False,True,True,False,True,16.81
86081031,2026-10-08,2026-10-08,https://flatfox.ch/en/flat/grossstein-6-8718-schanis/86081031/,APARTMENT,APARTMENT,8718,Schänis,Schänis,See-Gaster,1590.0,240.0,1830.0,4.5,103.0,0.0,,2.0,False,False,47.156125201611,9.045004694353,True,False,False,False,False,True,False,True,True,True,15.44
86079424,2026-10-08,2026-10-08,https://flatfox.ch/en/flat/grundgasse-5-9500-wil-sg/86079424/,APARTMENT,APARTMENT,9500,Wil SG,Zuzwil (SG),Wil,1200.0,380.0,1580.0,4.5,115.0,1989.0,2020.0,0.0,False,False,47.472094201611,9.053376694356,True,True,False,False,False,False,False,False,False,False,10.43
86076951,2026-10-08,2026-10-08,https://flatfox.ch/en/flat/hechtackerstrasse-14-9014-st-gallen/86076951/,APARTMENT,APARTMENT,9014,St. Gallen,St. Gallen,St. Gallen,1600.0,220.0,1820.0,3.5,88.0,2020.0,,0.0,False,False,47.408114201615,9.339793694358,True,True,False,False,False,False,False,False,False,False,18.18
86075173,2026-10-08,2026-10-08,https://flatfox.ch/en/flat/im-gubel-26-8630-ruti-zh/86075173/,APARTMENT,APARTMENT,8630,Rüti ZH,Rapperswil-Jona,See-Gaster,2900.0,270.0,3170.0,4.5,99.0,1989.0,2025.0,1.0,False,False,47.259177201616,8.863026699357,True,True,True,False,False,False,True,True,True,True,29.29
86071823,2026-10-08,2026-10-08,https://flatfox.ch/en/flat/bahnhofstrasse-15-9450-altstatten/86071823/,APARTMENT,APARTMENT,9450,Altstätten,Altstätten,Rheintal,1630.0,190.0,1820.0,3.5,98.0,,2026.0,1.0,False,False,47.377814201619,9.546655694351,True,True,True,False,True,True,True,True,False,False,16.63
86069487,2026-10-08,2026-10-08,https://flatfox.ch/en/flat/badstrasse-8-9000-st-gallen/86069487/,APARTMENT,APARTMENT,9000,St. Gallen,St. Gallen,St. Gallen,,250.0,1490.0,4.0,75.0,,,4.0,False,False,47.419087201614,9.352880699356,False,False,False,False,False,False,False,False,False,False,
86067731,2026-10-08,2026-10-08,https://flatfox.ch/en/flat/sonnenbuhlweg-1-8630-ruti/86067731/,APARTMENT,APARTMENT,8630,Rüti,Rapperswil-Jona,See-Gaster,1440.0,277.0,1717.0,3.5,79.0,1985.0,,0.0,False,False,47.251304201611,8.856759694351,True,True,False,False,False,False,False,False,False,False,18.23
86054834,2026-10-08,2026-10-08,https://flatfox.ch/en/flat/lehnstrasse-91-9014-st-gallen/86054834/,APARTMENT,APARTMENT,9014,St. Gallen,St. Gallen,St. Gallen,1700.0,190.0,1890.0,4.5,96.0,1988.0,2020.0,1.0,False,False,47.405035201611,9.324554694355,True,False,False,False,False,False,False,False,False,False,17.71
86053261,2026-10-08,2026-10-08,https://flatfox.ch/en/flat/toggenburgerstrasse-15-9652-neu-st-johann/86053261/,APARTMENT,APARTMENT,9652,Neu St. Johann,Nesslau,Toggenburg,2150.0,300.0,2450.0,4.5,101.0,,2026.0,1.0,False,False,47.229294201615,9.195354694351,True,False,False,False,False,False,True,False,False,True,21.29
86047555,2026-10-08,2026-10-08,https://flatfox.ch/en/flat/dorfstrasse-23-9621-oberhelfenschwil/86047555/,APARTMENT,APARTMENT,9621,Oberhelfenschwil,Neckertal,Toggenburg,,150.0,2500.0,5.5,120.0,2026.0,,2.0,False,False,47.355664201617,9.112364694354,True,False,False,False,True,True,True,True,False,False,
86047480,2026-10-08,2026-10-08,https://flatfox.ch/en/flat/dorfstrasse-23-9621-oberhelfenschwil/86047480/,APARTMENT,APARTMENT,9621,Oberhelfenschwil,Neckertal,Toggenburg,,150.0,1500.0,2.5,65.0,2026.0,,0.0,False,False,47.355664201617,9.112364694354,True,False,False,False,True,True,True,False,False,False,
86045321,2026-10-08,2026-10-08,https://flatfox.ch/en/flat/nafenackerstrasse-3-9000-st-gallen/86045321/,APARTMENT,APARTMENT,9000,St. Gallen,St. Gallen,St. Gallen,1200.0,160.0,,3.0,,,,2.0,False,False,47.426594201615,9.390944694359,False,False,False,False,False,False,False,False,False,False,
86043589,2026-10-08,2026-10-08,https://flatfox.ch/en/flat/bocklinstrasse-3-9000-st-gallen/86043589/,APARTMENT,APARTMENT,9000,St. Gallen,St. Gallen,St. Gallen,,,1850.0,1.0,50.0,,,1.0,True,False,47.428704201617,9.376029694351,True,False,True,True,True,True,False,False,False,False,
86032917,2026-10-08,2026-10-08,https://flatfox.ch/en/flat/bienenstrasschen-5-9400-rorschach/86032917/,APARTMENT,APARTMENT,9400,Rorschach,Rorschach,Rorschach,1210.0,180.0,1390.0,3.0,,,,0.0,False,False,47.475914201611,9.494593694353,False,False,False,False,False,False,False,False,False,False,
86028231,2026-10-08,2026-10-08,https://flatfox.ch/en/flat/schwellbrunnerstrasse-47-9100-herisau/86028231/,APARTMENT,APARTMENT,9100,Herisau,Gossau (SG),St. Gallen,1600.0,300.0,1900.0,5.5,111.0,1962.0,2002.0,4.0,False,False,47.380644201617,9.267604693357,False,False,False,False,False,False,False,False,False,False,14.41
86021150,2026-10-08,2026-10-08,https://flatfox.ch/en/flat/st-gallerstrasse-151-8645-rapperswil-jona/86021150/,APARTMENT,APARTMENT,8645,Rapperswil-Jona,Rapperswil-Jona,See-Gaster,2232.0,262.0,2494.0,4.5,98.0,1966.0,1996.0,3.0,False,False,47.231314201614,8.851338699355,False,False,False,False,False,False,True,True,False,False,22.78
86020932,2026-10-08,2026-10-08,https://flatfox.ch/en/flat/9032-engelburg/86020932/,APARTMENT,APARTMENT,9032,Engelburg,Gaiserwald,St. Gallen,,,1790.0,3.5,87.0,,,,False,False,47.442818201616,9.344219694353,False,False,False,False,False,False,False,False,False,False,
86020352,2026-10-08,2026-10-08,https://flatfox.ch/en/flat/loch-1309-9428-walzenhausen/86020352/,APARTMENT,APARTMENT,9428,Walzenhausen,St. Margrethen,Rheintal,1245.0,200.0,1445.0,4.0,86.0,1994.0,,1.0,False,False,47.451865201619,9.599103694355,False,True,False,False,False,False,True,True,False,True,14.48
86017743,2026-10-08,2026-10-08,https://flatfox.ch/en/flat/karl-volker-strasse-26-9435-heerbrugg/86017743/,APARTMENT,APARTMENT,9435,Heerbrugg,Balgach,Rheintal,1020.0,150.0,1170.0,3.0,59.0,1959.0,2005.0,3.0,False,False,47.416255201616,9.631214693351,False,False,False,False,False,False,False,False,False,True,17.29
86009966,2026-10-08,2026-10-08,https://flatfox.ch/en/flat/seeblickstr-11-9010-st-gallen/86009966/,APARTMENT,DUPLEX,9010,St. Gallen,St. Gallen,St. Gallen,3090.0,360.0,3450.0,4.5,148.0,2023.0,,2.0,False,False,47.440317201611,9.377538694358,False,False,False,False,False,False,False,True,False,False,20.88
86008911,2026-10-08,2026-10-08,https://flatfox.ch/en/flat/langgasse-46-9008-st-gallen/86008911/,APARTMENT,APARTMENT,9008,St. Gallen,St. Gallen,St. Gallen,,270.0,1210.0,2.0,39.0,,,2.0,False,False,47.437047201613,9.388328694355,False,False,False,False,False,False,False,False,False,False,
86008479,2026-10-08,2026-10-08,https://flatfox.ch/en/flat/bahnhofstrasse-154-9244-niederuzwil/86008479/,APARTMENT,APARTMENT,9244,Niederuzwil,Uzwil,Wil,,,800.0,1.0,15.0,,,,False,False,47.445644201616,9.146570694354,False,False,False,False,False,False,False,False,False,False,
86008107,2026-10-08,2026-10-08,https://flatfox.ch/en/flat/dornierstrasse-7b-9423-altenrhein/86008107/,APARTMENT,SINGLE_ROOM,9423,Altenrhein,Thal,Rorschach,,,650.0,1.0,14.0,,,,False,False,47.489179201615,9.555445695352,False,False,False,False,False,False,False,False,False,False,
86005836,2026-10-08,2026-10-08,https://flatfox.ch/en/flat/schonbuelpark-3-9016-st-gallen/86005836/,APARTMENT,APARTMENT,9016,St. Gallen,St. Gallen,St. Gallen,1560.0,250.0,1810.0,2.5,88.0,2011.0,,5.0,False,False,47.440665201611,9.411778694351,True,True,False,False,False,True,False,True,False,True,17.73
86001418,2026-10-08,2026-10-08,https://flatfox.ch/en/flat/hauptstrasse-76-9422-staad-sg/86001418/,APARTMENT,APARTMENT,9422,Staad SG,Thal,Rorschach,1700.0,150.0,1850.0,4.0,,,2025.0,2.0,False,False,47.483914201619,9.542018694356,True,False,True,True,False,False,True,True,False,False,
85995268,2026-10-08,2026-10-08,https://flatfox.ch/en/flat/dorfplatz-8-8737-gommiswald/85995268/,APARTMENT,APARTMENT,8737,Gommiswald,Kaltbrunn,See-Gaster,,155.0,1454.0,2.5,56.0,2021.0,,2.0,False,False,47.231114201615,9.023703694351,True,True,False,False,False,False,True,False,False,False,
85993109,2026-10-08,2026-10-08,https://flatfox.ch/en/flat/hirschenweg-2-8580-amriswil/85993109/,APARTMENT,APARTMENT,8580,Amriswil,Muolen,St. Gallen,,100.0,750.0,1.0,,,,2.0,False,False,47.545224201611,9.284593694358,False,True,False,False,False,False,True,False,False,True,
85991708,2026-10-08,2026-10-08,https://flatfox.ch/en/flat/gerenstrasse-12-9400-rorschach/85991708/,APARTMENT,APARTMENT,9400,Rorschach,Rorschach,Rorschach,1260.0,150.0,1410.0,2.5,47.0,,,3.0,False,False,47.477614201616,9.487064696358,True,False,False,False,False,False,False,False,False,False,26.81
85991672,2026-10-08,2026-10-08,https://flatfox.ch/en/flat/lowenstrasse-16-9400-rorschach/85991672/,APARTMENT,STUDIO,9400,Rorschach,Rorschach,Rorschach,,100.0,950.0,,,,2026.0,0.0,False,False,47.476534201611,9.488483694358,True,False,True,True,True,False,True,False,False,False,
85988673,2026-10-08,2026-10-08,https://flatfox.ch/en/flat/gauschlastrasse-1-2-9478-azmoos/85988673/,APARTMENT,APARTMENT,9478,Azmoos,Wartau,Werdenberg,1290.0,330.0,1620.0,3.5,84.0,,,2.0,False,False,47.076648201619,9.476574696351,True,False,False,False,False,True,True,True,False,False,15.36
85987429,2026-10-08,2026-10-08,https://flatfox.ch/en/flat/tramstrasse-1-9444-diepoldsau/85987429/,APARTMENT,SINGLE_ROOM,9444,Diepoldsau,Diepoldsau,Rheintal,,,750.0,1.0,15.0,,,,False,False,47.386224201613,9.654257690358,False,False,False,False,False,False,False,False,False,False,
85987287,2026-10-08,2026-10-08,https://flatfox.ch/en/flat/fabrikstrasse-8-9240-uzwil/85987287/,APARTMENT,APARTMENT,9240,Uzwil,Oberuzwil,Wil,1090.0,260.0,1350.0,3.5,69.0,,,2.0,False,False,47.437190201615,9.138538694357,False,False,False,False,False,False,False,False,False,False,15.8
85986775,2026-10-08,2026-10-08,https://flatfox.ch/en/flat/hechtackerstrasse-12d-9014-st-gallen/85986775/,APARTMENT,APARTMENT,9014,St. Gallen,St. Gallen,St. Gallen,1600.0,220.0,1820.0,3.5,88.0,2020.0,,0.0,False,False,47.407529201612,9.339326694353,True,False,False,False,False,True,False,False,False,False,18.18
85986431,2026-10-08,2026-10-08,https://flatfox.ch/en/flat/bildstock-10-9323-steinach/85986431/,APARTMENT,APARTMENT,9323,Steinach,Steinach,Rorschach,1130.0,290.0,1420.0,4.0,79.0,1961.0,1994.0,0.0,False,False,47.499077201611,9.439497694358,False,False,False,False,False,False,False,False,False,False,14.3
85980755,2026-10-08,2026-10-08,https://flatfox.ch/en/flat/neufeldstrasse-7-9450-altstatten/85980755/,APARTMENT,APARTMENT,9450,Altstätten,Altstätten,Rheintal,1190.0,210.0,1400.0,4.0,81.0,1975.0,,1.0,False,False,47.381184201611,9.554313694357,True,False,False,False,False,True,True,True,False,True,14.69
85980710,2026-10-08,2026-10-08,https://flatfox.ch/en/flat/kirchgasse-1-9606-butschwil/85980710/,APARTMENT,APARTMENT,9606,Bütschwil,Bütschwil-Ganterschwil,Toggenburg,1540.0,250.0,1790.0,3.5,87.0,,,1.0,False,False,47.358808201611,9.072703695351,True,True,False,False,False,True,False,False,False,False,17.7
85980703,2026-10-08,2026-10-08,https://flatfox.ch/en/flat/kirchgasse-1-9606-butschwil/85980703/,APARTMENT,APARTMENT,9606,Bütschwil,Bütschwil-Ganterschwil,Toggenburg,1642.0,200.0,1842.0,3.5,87.0,,,1.0,False,False,47.358808201611,9.072703695351,True,True,False,False,False,True,False,False,False,False,18.87
85973847,2026-10-08,2026-10-08,https://flatfox.ch/en/flat/kronenstrasse-10-9400-rorschach/85973847/,APARTMENT,APARTMENT,9400,Rorschach,Rorschach,Rorschach,1940.0,240.0,2180.0,4.5,,2023.0,,2.0,False,False,47.478114201612,9.490156696353,False,True,False,False,False,False,False,False,False,False,
85967512,2026-10-08,2026-10-08,https://flatfox.ch/en/flat/lowenstrasse-23-9400-rorschach/85967512/,APARTMENT,APARTMENT,9400,Rorschach,Rorschach,Rorschach,850.0,100.0,950.0,1.0,,,2026.0,,False,False,47.476368201611,9.488088694353,False,True,False,False,False,False,False,True,False,False,
85964606,2026-10-08,2026-10-08,https://flatfox.ch/en/flat/schossenrietstrasse-2-9442-berneck/85964606/,APARTMENT,APARTMENT,9442,Berneck,Berneck,Rheintal,,,1370.0,2.5,100.0,,,,False,False,47.422624201619,9.609748693353,False,False,False,False,False,False,False,False,False,False,
85958719,2026-10-08,2026-10-08,https://flatfox.ch/en/flat/schuetzenweg-24-9470-buchs-sg/85958719/,APARTMENT,APARTMENT,9470,Buchs SG,Grabs,Werdenberg,1830.0,300.0,2130.0,4.5,100.0,1983.0,1983.0,2.0,False,False,47.155954201618,9.477133694351,False,False,False,False,False,False,False,False,False,False,18.3
85958393,2026-10-08,2026-10-08,https://flatfox.ch/en/flat/spiltrucklistrasse-3b-9011-st-gallen/85958393/,APARTMENT,APARTMENT,9011,St. Gallen,St. Gallen,St. Gallen,1350.0,200.0,,3.5,70.0,,,0.0,False,False,47.415245201615,9.384237695355,True,False,False,False,True,True,False,False,False,True,19.29
85957339,2026-10-08,2026-10-08,https://flatfox.ch/en/flat/ahornstrasse-23-9000-st-gallen/85957339/,APARTMENT,APARTMENT,9000,St. Gallen,St. Gallen,St. Gallen,2000.0,260.0,2260.0,4.5,96.0,2022.0,,2.0,False,False,47.414084201612,9.346415694359,True,True,False,False,False,True,False,True,False,True,20.83
85947760,2026-10-08,2026-10-08,https://flatfox.ch/en/flat/hinterwies-13-9042-speicher/85947760/,APARTMENT,APARTMENT,9042,Speicher,St. Gallen,St. Gallen,1100.0,250.0,,2.5,58.0,,,0.0,False,False,47.416369201615,9.436828698355,True,False,False,False,False,False,False,False,False,False,18.97
85941132,2026-10-08,2026-10-08,https://flatfox.ch/en/flat/landstrasse-3-9533-dietschwil/85941132/,APARTMENT,APARTMENT,9533,Dietschwil,Kirchberg (SG),Toggenburg,,,,2.5,,,,,False,False,47.421534201611,9.016077694356,False,False,False,False,False,False,False,False,False,False,
85941114,2026-10-08,2026-10-08,https://flatfox.ch/en/flat/staatsstrasse-52-rebstein-schweiz-9445-rebstein/85941114/,APARTMENT,APARTMENT,9445,Rebstein,Rebstein,Rheintal,,200.0,1500.0,3.5,100.0,,,2.0,False,False,47.400796201619,9.588397694355,True,False,True,False,True,True,True,False,False,False,
85940544,2026-10-08,2026-10-08,https://flatfox.ch/en/flat/spisergasse-10-9000-st-gallen/85940544/,APARTMENT,APARTMENT,9000,St. Gallen,St. Gallen,St. Gallen,2330.0,260.0,,3.0,73.0,,2025.0,3.0,False,False,47.424798201615,9.377229694356,True,True,True,True,True,False,False,False,False,False,31.92
85938051,2026-10-08,2026-10-08,https://flatfox.ch/en/flat/dorfstrasse-1-hauptwil-9213-hauptwil/85938051/,APARTMENT,APARTMENT,9213,Hauptwil,Waldkirch,St. Gallen,,,1600.0,4.0,95.0,,,,False,False,47.479614201615,9.251747695354,False,False,False,False,False,False,False,False,False,False,
85936956,2026-10-08,2026-10-08,https://flatfox.ch/en/flat/feldbachstr-10-9000-st-gallen/85936956/,APARTMENT,APARTMENT,9000,St. Gallen,St. Gallen,St. Gallen,1300.0,300.0,1600.0,4.0,80.0,1920.0,2011.0,3.0,False,False,47.420750201613,9.354633694357,False,False,False,False,False,False,True,False,False,False,16.25
85936367,2026-10-08,2026-10-08,https://flatfox.ch/en/flat/egg-9103-schwellbrunn/85936367/,HOUSE,SINGLE_HOUSE,9103,Schwellbrunn,Neckertal,Toggenburg,1680.0,,,4.5,,,,,False,False,47.349754201611,9.248299699356,True,False,False,False,False,True,False,False,False,False,
85936031,2026-10-08,2026-10-08,https://flatfox.ch/en/flat/st-gallerstr-66-9200-gossau-sg/85936031/,APARTMENT,APARTMENT,9200,Gossau SG,Gossau (SG),St. Gallen,1825.0,330.0,2155.0,4.5,103.0,1920.0,2013.0,4.0,False,False,47.416267201616,9.250939695352,False,True,False,False,False,False,False,False,False,True,17.72
85921801,2026-10-08,2026-10-08,https://flatfox.ch/en/flat/fanenrietstrasse-3-7320-sargans/85921801/,APARTMENT,ATTIC_FLAT,7320,Sargans,Wartau,Werdenberg,2500.0,295.0,2795.0,4.5,122.0,,,2.0,False,False,47.056214201612,9.450138696356,True,True,False,False,False,True,False,False,False,False,20.49
85919651,2026-10-08,2026-10-08,https://flatfox.ch/en/flat/hochistrasse-11-8722-kaltbrunn/85919651/,APARTMENT,APARTMENT,8722,Kaltbrunn,Gommiswald,See-Gaster,,,1790.0,3.5,110.0,,,,False,False,47.217175201615,9.012850698355,False,False,False,False,False,False,False,False,False,False,
85919333,2026-10-08,2026-10-08,https://flatfox.ch/en/flat/sankt-gallerstrasse-51-9032-engelburg/85919333/,APARTMENT,APARTMENT,9032,Engelburg,Gaiserwald,St. Gallen,,,1790.0,3.5,87.0,,,,False,False,47.440664201613,9.347973694351,False,False,False,False,False,False,False,False,False,False,
85914053,2026-10-08,2026-10-08,https://flatfox.ch/en/flat/achslenstr-3-9016-st-gallen/85914053/,APARTMENT,APARTMENT,9016,St. Gallen,St. Gallen,St. Gallen,1230.0,250.0,1480.0,3.5,78.0,,1999.0,4.0,False,False,47.433434201613,9.413537699354,False,False,False,False,False,False,False,False,False,False,15.77
85913441,2026-10-08,2026-10-08,https://flatfox.ch/en/flat/birkenstrasse-4-9230-flawil/85913441/,APARTMENT,APARTMENT,9230,Flawil,Oberuzwil,Wil,1332.0,200.0,1532.0,3.5,66.0,,,1.0,False,False,47.410784201616,9.197479694355,True,False,False,False,False,True,False,False,False,False,20.18
85907368,2026-10-08,2026-10-08,https://flatfox.ch/en/flat/gerbiweg-57-8636-wald-zh/85907368/,APARTMENT,APARTMENT,8636,Wald ZH,Eschenbach (SG),See-Gaster,,,,,,,,,False,False,47.275494201614,8.919523690351,True,True,True,True,True,True,True,True,False,False,
85907200,2026-10-08,2026-10-08,https://flatfox.ch/en/flat/8636-wald-zh/85907200/,APARTMENT,APARTMENT,8636,Wald ZH,Eschenbach (SG),See-Gaster,,,,4.5,,,,,False,False,47.283204201618,8.923186694354,True,False,True,True,True,True,True,True,False,False,
85906598,2026-10-08,2026-10-08,https://flatfox.ch/en/flat/gehrenacker-8-9030-abtwil-stgallen/85906598/,HOUSE,SINGLE_HOUSE,9030,abtwil St.Gallen,Gaiserwald,St. Gallen,,290.0,1980.0,4.0,120.0,,,,True,True,47.423954201617,9.318835694354,True,False,True,True,True,True,False,True,True,False,
85900286,2026-10-08,2026-10-08,https://flatfox.ch/en/flat/gass-2-8637-laupen-zh/85900286/,APARTMENT,APARTMENT,8637,Laupen ZH,Eschenbach (SG),See-Gaster,1393.0,250.0,1643.0,4.0,,,,2.0,False,False,47.266094201611,8.931770694352,True,False,False,False,False,True,False,False,False,False,
85894214,2026-10-08,2026-10-08,https://flatfox.ch/en/flat/schneebergstr-34-9000-st-gallen/85894214/,APARTMENT,APARTMENT,9000,St. Gallen,St. Gallen,St. Gallen,2000.0,270.0,2270.0,5.0,113.0,1911.0,2016.0,2.0,False,False,47.418384201613,9.371434694351,True,False,False,False,False,True,False,False,False,False,17.7
85892827,2026-10-08,2026-10-08,https://flatfox.ch/en/flat/burgstrasse-66-9000-st-gallen/85892827/,APARTMENT,APARTMENT,9000,St. Gallen,St. Gallen,St. Gallen,1280.0,190.0,1470.0,,66.0,,,,False,False,47.417485201611,9.357916694356,False,False,False,False,False,False,False,False,False,False,19.39
85891115,2026-10-08,2026-10-08,https://flatfox.ch/en/flat/9473-gams/85891115/,APARTMENT,SINGLE_ROOM,9473,Gams,Sennwald,Werdenberg,,,850.0,1.0,,,,,False,False,47.203954201611,9.441360694351,False,False,False,False,False,False,False,False,False,False,
85887469,2026-10-08,2026-10-08,https://flatfox.ch/en/flat/bruggereggstrasse-15-9100-herisau/85887469/,APARTMENT,APARTMENT,9100,Herisau,Gossau (SG),St. Gallen,1430.0,300.0,1730.0,4.5,104.0,1975.0,2021.0,2.0,False,False,47.377750201616,9.265013698351,False,False,False,False,False,False,False,False,False,False,13.75
85884608,2026-10-08,2026-10-08,https://flatfox.ch/en/flat/in-den-erlen-12-9030-abtwil-sg/85884608/,APARTMENT,APARTMENT,9030,Abtwil SG,Gaiserwald,St. Gallen,,200.0,1290.0,3.0,53.0,,,3.0,False,False,47.419295201617,9.314859690352,True,False,False,False,True,True,True,False,False,True,
85879854,2026-10-08,2026-10-08,https://flatfox.ch/en/flat/kreuzbleichestrasse-6-9000-st-gallen/85879854/,APARTMENT,APARTMENT,9000,St. Gallen,St. Gallen,St. Gallen,2275.0,200.0,2475.0,5.5,83.0,,,4.0,False,False,47.420194201615,9.356596694356,True,False,False,False,False,True,False,False,False,False,27.41
85858810,2026-10-08,2026-10-08,https://flatfox.ch/en/flat/pizolstrasse-5-7320-sargans/85858810/,APARTMENT,APARTMENT,7320,Sargans,Wartau,Werdenberg,1790.0,150.0,1940.0,2.5,59.0,,,4.0,False,False,47.045158201612,9.441857694353,True,False,False,False,False,False,False,False,False,False,30.34
85847481,2026-10-08,2026-10-08,https://flatfox.ch/en/flat/9443-widnau/85847481/,HOUSE,SINGLE_HOUSE,9443,Widnau,Diepoldsau,Rheintal,,,3500.0,5.0,5000.0,,,,False,False,47.402364201616,9.640520694351,False,False,False,False,False,False,False,False,False,False,
85838671,2026-10-08,2026-10-08,https://flatfox.ch/en/flat/sulzbachstrasse-2-9404-rorschacherberg/85838671/,APARTMENT,APARTMENT,9404,Rorschacherberg,Thal,Rorschach,1210.0,250.0,1460.0,4.0,73.0,,,2.0,False,False,47.472028201613,9.484063694358,True,False,False,False,False,True,False,False,False,False,16.58
85833357,2026-10-08,2026-10-08,https://flatfox.ch/en/flat/hagenwilerstr-6-8580-amriswil/85833357/,APARTMENT,APARTMENT,8580,Amriswil,Muolen,St. Gallen,1790.0,230.0,2020.0,4.5,109.0,2010.0,,0.0,False,False,47.543524201616,9.284849695351,True,True,False,False,False,False,True,True,False,False,16.42
85827444,2026-10-08,2026-10-08,https://flatfox.ch/en/flat/brugghalden-8-9300-wittenbach/85827444/,APARTMENT,APARTMENT,9300,Wittenbach,Berg (SG),Rorschach,1200.0,150.0,1350.0,3.0,70.0,,,,False,False,47.451404201611,9.398389693352,True,True,True,False,False,True,True,True,False,False,17.14
85826452,2026-10-08,2026-10-08,https://flatfox.ch/en/flat/feldwiesenstrasse-7-9606-butschwil/85826452/,APARTMENT,APARTMENT,9606,Bütschwil,Bütschwil-Ganterschwil,Toggenburg,1680.0,300.0,1980.0,4.5,114.0,2017.0,,1.0,False,False,47.356137201613,9.075266694359,True,True,True,True,False,False,False,False,False,False,14.74
85823848,2026-10-08,2026-10-08,https://flatfox.ch/en/flat/ludwigstr-5-9010-st-gallen/85823848/,APARTMENT,DUPLEX,9010,St. Gallen,St. Gallen,St. Gallen,1635.0,200.0,1835.0,2.5,72.0,2023.0,,0.0,False,False,47.439900201614,9.377457696359,False,False,False,False,False,False,False,True,False,False,22.71
85821729,2026-10-08,2026-10-08,https://flatfox.ch/en/flat/bahnhofpark-1-7320-sargans/85821729/,APARTMENT,APARTMENT,7320,Sargans,Wartau,Werdenberg,1510.0,280.0,1790.0,,91.0,,,1.0,False,False,47.045667201618,9.443980694351,False,False,False,False,False,False,False,False,False,False,16.59
85820421,2026-10-08,2026-10-08,https://flatfox.ch/en/flat/nordstrasse-1-9220-bischofszell/85820421/,APARTMENT,APARTMENT,9220,Bischofszell,Muolen,St. Gallen,1803.0,280.0,2083.0,4.5,98.0,,,3.0,False,False,47.497738201615,9.240254693351,True,True,False,False,False,True,False,False,False,False,18.4
85816975,2026-10-08,2026-10-08,https://flatfox.ch/en/flat/langgasse-74-9008-st-gallen/85816975/,APARTMENT,APARTMENT,9008,St. Gallen,St. Gallen,St. Gallen,2290.0,130.0,2420.0,3.5,78.0,,,2.0,False,False,47.439114201616,9.390933694358,True,True,False,False,False,True,False,False,False,False,29.36
85809491,2026-10-08,2026-10-08,https://flatfox.ch/en/flat/solitudenstrasse-3-9012-st-gallen/85809491/,APARTMENT,APARTMENT,9012,St. Gallen,St. Gallen,St. Gallen,1420.0,230.0,,3.5,90.0,,,0.0,False,False,47.412475201615,9.363863694356,True,False,False,False,True,False,True,True,False,True,15.78
85804771,2026-10-08,2026-10-08,https://flatfox.ch/en/flat/felsenbergstrasse-19-9400-rorschach/85804771/,APARTMENT,SINGLE_ROOM,9400,Rorschach,Rorschach,Rorschach,,,1000.0,1.0,,,,,False,False,47.475646201611,9.504057694355,False,False,False,False,False,False,False,False,False,False,
85794861,2026-10-08,2026-10-08,https://flatfox.ch/en/flat/hauptstrase-4-9434-au-sg/85794861/,APARTMENT,APARTMENT,9434,Au SG,Berneck,Rheintal,,,1350.0,3.0,54.0,,,,False,False,47.440748201611,9.643905698353,False,False,False,False,False,False,False,False,False,False,
85778335,2026-10-08,2026-10-08,https://flatfox.ch/en/flat/feldstrasse-10-9450-altstatten/85778335/,APARTMENT,APARTMENT,9450,Altstätten,Altstätten,Rheintal,1720.0,170.0,1890.0,3.5,82.0,2026.0,,0.0,False,False,47.378285201618,9.546903694351,True,True,True,False,True,True,True,True,False,False,20.98
85765461,2026-10-08,2026-10-08,https://flatfox.ch/en/flat/veltur-28-9475-sevelen/85765461/,APARTMENT,APARTMENT,9475,Sevelen,Sevelen,Werdenberg,,,1500.0,3.5,70.0,,,,False,False,47.123345201612,9.487184694354,False,False,False,False,False,False,False,False,False,False,
85753884,2026-10-08,2026-10-08,https://flatfox.ch/en/flat/santisblickstr-4a-8580-amriswil/85753884/,APARTMENT,APARTMENT,8580,Amriswil,Muolen,St. Gallen,2400.0,260.0,2660.0,5.5,137.0,,,0.0,False,False,47.549204201616,9.307163694356,False,False,False,False,False,False,False,True,False,True,17.52
85740643,2026-10-08,2026-10-08,https://flatfox.ch/en/flat/im-zentrum-3a-9300-wittenbach/85740643/,APARTMENT,STUDIO,9300,Wittenbach,Berg (SG),Rorschach,780.0,85.0,865.0,1.0,39.0,2008.0,,0.0,False,False,47.460175201615,9.387154690356,False,True,False,False,False,False,True,True,False,True,20.0
85740642,2026-10-08,2026-10-08,https://flatfox.ch/en/flat/im-zentrum-3a-9300-wittenbach/85740642/,APARTMENT,STUDIO,9300,Wittenbach,Berg (SG),Rorschach,765.0,100.0,865.0,1.0,39.0,2008.0,,0.0,False,False,47.460175201615,9.387154690356,False,True,False,False,False,False,True,True,False,True,19.62
85722763,2026-10-08,2026-10-08,https://flatfox.ch/en/flat/wil-sg-9500-wil-sg/85722763/,APARTMENT,APARTMENT,9500,Wil SG,Zuzwil (SG),Wil,,,270.0,1.0,30.0,,,,False,False,47.460454201611,9.053085697355,False,False,False,False,False,False,False,False,False,False,
85720952,2026-10-08,2026-10-08,https://flatfox.ch/en/flat/st-georgenstr-210a-9011-st-gallen/85720952/,APARTMENT,DUPLEX,9011,St. Gallen,St. Gallen,St. Gallen,1800.0,390.0,2190.0,3.5,130.0,1994.0,,4.0,False,False,47.414134201618,9.398110698356,True,True,False,False,False,False,False,False,True,False,13.85
85707822,2026-10-08,2026-10-08,https://flatfox.ch/en/flat/industriestrasse-3a-9015-st-gallen/85707822/,APARTMENT,APARTMENT,9015,St. Gallen,Gossau (SG),St. Gallen,1310.0,180.0,,3.0,92.0,,,4.0,False,False,47.404535201613,9.302264690355,False,False,False,False,False,False,False,False,False,False,14.24
85698915,2026-10-08,2026-10-08,https://flatfox.ch/en/flat/bahnhofstrasse-25-9445-rebstein/85698915/,APARTMENT,APARTMENT,9445,Rebstein,Rebstein,Rheintal,890.0,160.0,1050.0,3.0,,,,2.0,False,False,47.397374201613,9.583485694357,False,False,False,False,False,False,True,False,False,False,
85698849,2026-10-08,2026-10-08,https://flatfox.ch/en/flat/schonauweg-7-9000-st-gallen/85698849/,APARTMENT,APARTMENT,9000,St. Gallen,St. Gallen,St. Gallen,1160.0,260.0,1420.0,3.5,99.0,1972.0,,2.0,False,False,47.417784201618,9.345565694358,False,False,False,False,False,False,False,False,False,True,11.72
85692325,2026-10-08,2026-10-08,https://flatfox.ch/en/flat/breitenaachstrasse-15-8580-amriswil/85692325/,APARTMENT,APARTMENT,8580,Amriswil,Muolen,St. Gallen,1700.0,180.0,1880.0,3.5,91.0,,,,False,False,47.541834201619,9.289797695351,True,True,False,False,False,False,False,True,False,True,18.68
85692321,2026-10-08,2026-10-08,https://flatfox.ch/en/flat/quellenstrasse-36-8580-amriswil/85692321/,APARTMENT,APARTMENT,8580,Amriswil,Muolen,St. Gallen,2220.0,200.0,2420.0,4.5,108.0,,,,False,False,47.541374201614,9.289497699352,True,True,False,False,False,False,False,True,False,True,20.56
85683596,2026-10-08,2026-10-08,https://flatfox.ch/en/flat/hauptstrasse-99-9430-st-margrethen-sg/85683596/,APARTMENT,APARTMENT,9430,St. Margrethen SG,St. Margrethen,Rheintal,1150.0,240.0,1390.0,3.5,,,,1.0,False,False,47.453294201612,9.631919694353,True,True,True,False,False,False,False,False,False,False,
85683374,2026-10-08,2026-10-08,https://flatfox.ch/en/flat/schuetzenweg-24-9470-buchs-sg/85683374/,APARTMENT,ROOF_FLAT,9470,Buchs SG,Grabs,Werdenberg,1500.0,290.0,1790.0,3.5,80.0,1983.0,1983.0,3.0,False,False,47.155954201618,9.477133694351,False,False,False,False,False,False,False,False,False,False,18.75
85681557,2026-10-08,2026-10-08,https://flatfox.ch/en/flat/bauholzstrasse-2-9300-wittenbach/85681557/,APARTMENT,APARTMENT,9300,Wittenbach,Berg (SG),Rorschach,1630.0,250.0,1880.0,3.5,86.0,,,2.0,False,False,47.460196201619,9.390683699355,True,False,False,False,False,True,False,False,False,False,18.95
85672433,2026-10-08,2026-10-08,https://flatfox.ch/en/flat/burgstrasse-2-9400-rorschach/85672433/,APARTMENT,APARTMENT,9400,Rorschach,Rorschach,Rorschach,1590.0,150.0,1740.0,4.0,,,,4.0,False,False,47.476607201618,9.492155694355,False,False,True,False,False,False,True,False,False,False,
85669682,2026-10-08,2026-10-08,https://flatfox.ch/en/flat/hauptstrasse-27-9213-hauptwil/85669682/,APARTMENT,APARTMENT,9213,Hauptwil,Waldkirch,St. Gallen,1380.0,250.0,1630.0,3.5,104.0,1830.0,2021.0,1.0,False,False,47.478974201615,9.250636694357,True,True,False,False,False,False,False,False,False,True,13.27
85655172,2026-10-08,2026-10-08,https://flatfox.ch/en/flat/reitbahnstrasse-29-9400-rorschach/85655172/,APARTMENT,APARTMENT,9400,Rorschach,Rorschach,Rorschach,1350.0,160.0,1510.0,3.5,,,2025.0,4.0,False,False,47.476363201615,9.487454698352,True,True,False,False,False,False,False,True,False,False,
85647927,2026-10-08,2026-10-08,https://flatfox.ch/en/flat/braunauerstrasse-2a-haus-b-9512-rossruti/85647927/,APARTMENT,APARTMENT,9512,Rossrüti,Wil (SG),Wil,1490.0,200.0,1690.0,3.5,72.0,,,3.0,False,False,47.474560201619,9.061706696351,False,False,False,False,False,False,False,False,False,False,20.69
85639621,2026-10-08,2026-10-08,https://flatfox.ch/en/flat/fanenrietstrasse-1-7320-sargans/85639621/,APARTMENT,ATTIC_FLAT,7320,Sargans,Wartau,Werdenberg,2400.0,295.0,2695.0,4.5,122.0,2021.0,,2.0,False,False,47.056284201611,9.450674695351,True,True,False,False,False,True,False,False,False,False,19.67
85638631,2026-10-08,2026-10-08,https://flatfox.ch/en/flat/rickenstrasse-89-8646-wagen/85638631/,APARTMENT,ROOF_FLAT,8646,Wagen,Rapperswil-Jona,See-Gaster,1950.0,250.0,2200.0,3.5,88.0,2004.0,2013.0,4.0,False,False,47.231374201613,8.890365690357,True,True,True,False,False,True,True,False,False,False,22.16
85634979,2026-10-08,2026-10-08,https://flatfox.ch/en/flat/waselistrasse-1-1a-1b-1c-1d-kirchgasse-3-5-9442-be/85634979/,APARTMENT,APARTMENT,9442,Berneck,Berneck,Rheintal,,0.0,,5.5,,2027.0,,,False,False,47.424758201611,9.611833694357,True,True,False,False,False,False,True,True,False,False,
85634977,2026-10-08,2026-10-08,https://flatfox.ch/en/flat/waselistrasse-1-1a-1b-1c-1d-kirchgasse-3-5-9442-be/85634977/,APARTMENT,APARTMENT,9442,Berneck,Berneck,Rheintal,,0.0,,4.5,,2027.0,,,False,False,47.424758201611,9.611833694357,True,True,False,False,False,False,True,True,False,False,
85634965,2026-10-08,2026-10-08,https://flatfox.ch/en/flat/waselistrasse-1-1a-1b-1c-1d-kirchgasse-3-5-9442-be/85634965/,APARTMENT,APARTMENT,9442,Berneck,Berneck,Rheintal,,0.0,,3.5,,2027.0,,,False,False,47.424758201611,9.611833694357,True,True,False,False,False,False,True,True,False,False,
85634944,2026-10-08,2026-10-08,https://flatfox.ch/en/flat/waselistrasse-1-1a-1b-1c-1d-kirchgasse-3-5-9442-be/85634944/,APARTMENT,APARTMENT,9442,Berneck,Berneck,Rheintal,,0.0,,2.5,,2027.0,,,False,False,47.424758201611,9.611833694357,True,True,False,False,False,False,True,True,False,False,
85634852,2026-10-08,2026-10-08,https://flatfox.ch/en/flat/tulpenstrasse-17-9200-gossau-sg/85634852/,APARTMENT,APARTMENT,9200,Gossau SG,Gossau (SG),St. Gallen,1250.0,210.0,1660.0,3.5,65.0,,,,False,False,47.421164201611,9.245888698356,False,False,False,False,False,False,False,False,False,False,19.23
85631037,2026-10-08,2026-10-08,https://flatfox.ch/en/flat/riedstrasse-37-8636-wald-zh/85631037/,APARTMENT,SINGLE_ROOM,8636,Wald ZH,Eschenbach (SG),See-Gaster,,,1500.0,1.0,,,,,False,False,47.308844201612,8.912637694353,False,False,False,False,False,False,False,False,False,False,
85598449,2026-10-08,2026-10-08,https://flatfox.ch/en/flat/hauptstrasse-80-9434-au-sg/85598449/,APARTMENT,APARTMENT,9434,Au SG,Berneck,Rheintal,810.0,140.0,950.0,2.5,45.0,,,1.0,False,False,47.434944201619,9.635353694353,False,False,False,False,True,False,False,False,False,False,18.0
85588342,2026-10-08,2026-10-08,https://flatfox.ch/en/flat/stadeliweg-3-9220-bischofszell/85588342/,APARTMENT,APARTMENT,9220,Bischofszell,Muolen,St. Gallen,1535.0,280.0,1815.0,4.5,100.0,1996.0,,0.0,False,False,47.496274201619,9.241918694355,True,False,False,False,False,False,True,True,False,False,15.35
85577615,2026-10-08,2026-10-08,https://flatfox.ch/en/flat/oberstrasse-106-9000-st-gallen/85577615/,APARTMENT,APARTMENT,9000,St. Gallen,St. Gallen,St. Gallen,1100.0,90.0,1190.0,2.0,37.0,,2016.0,0.0,False,False,47.415789201612,9.360834695356,False,False,False,False,False,False,True,False,False,True,29.73
85567426,2026-10-08,2026-10-08,https://flatfox.ch/en/flat/hauptstrasse-50-9475-sevelen/85567426/,APARTMENT,LOFT,9475,Sevelen,Sevelen,Werdenberg,,,2380.0,2.0,120.0,,2019.0,2.0,False,False,47.119924201611,9.485514693359,True,False,False,False,False,True,True,False,False,False,
85562338,2026-10-08,2026-10-08,https://flatfox.ch/en/flat/larchenstrasse-3-9630-wattwil/85562338/,APARTMENT,APARTMENT,9630,Wattwil,Mosnang,Toggenburg,1540.0,220.0,1760.0,4.5,76.0,,,1.0,False,False,47.292124201614,9.097929694359,True,False,False,False,False,True,False,False,False,False,20.26
85559843,2026-10-08,2026-10-08,https://flatfox.ch/en/flat/stockbergstrasse-4-9014-st-gallen/85559843/,APARTMENT,APARTMENT,9014,St. Gallen,St. Gallen,St. Gallen,1350.0,220.0,1570.0,2.5,54.0,,,1.0,False,False,47.407346201614,9.334118693352,True,False,False,False,False,True,False,False,False,False,25.0
85552416,2026-10-08,2026-10-08,https://flatfox.ch/en/flat/spyristrasse-5-9008-stgallen/85552416/,APARTMENT,APARTMENT,9008,St.Gallen,St. Gallen,St. Gallen,1280.0,200.0,,5.0,,,,4.0,False,False,47.436677201611,9.392090694351,False,False,False,False,False,False,False,False,False,False,
85491876,2026-10-08,2026-10-08,https://flatfox.ch/en/flat/industriestrasse-32-9400-rorschach/85491876/,APARTMENT,APARTMENT,9400,Rorschach,Rorschach,Rorschach,1150.0,200.0,1350.0,3.5,57.0,,,1.0,False,False,47.476277201614,9.484207694358,False,False,False,False,False,True,False,False,False,False,20.18
85491873,2026-10-08,2026-10-08,https://flatfox.ch/en/flat/industriestrasse-32-9400-rorschach/85491873/,APARTMENT,APARTMENT,9400,Rorschach,Rorschach,Rorschach,1160.0,200.0,1360.0,3.5,57.0,,,2.0,False,False,47.476277201614,9.484207694358,False,False,False,False,False,False,False,False,False,False,20.35
85482469,2026-10-08,2026-10-08,https://flatfox.ch/en/flat/muller-friedberg-strasse-5-9630-wattwil/85482469/,APARTMENT,APARTMENT,9630,Wattwil,Mosnang,Toggenburg,1200.0,250.0,1450.0,4.5,87.0,,,7.0,False,False,47.306127201614,9.081124694352,False,False,False,False,False,False,False,False,False,False,13.79
85456521,2026-10-08,2026-10-08,https://flatfox.ch/en/flat/in-den-erlen-4-9030-abtwil/85456521/,APARTMENT,APARTMENT,9030,Abtwil,Gaiserwald,St. Gallen,1160.0,180.0,1340.0,3.0,65.0,,,3.0,False,False,47.419888201616,9.315250694357,True,False,False,False,False,True,False,False,False,False,17.85
85435233,2026-10-08,2026-10-08,https://flatfox.ch/en/flat/ringgasse-27-9450-altstatten/85435233/,APARTMENT,APARTMENT,9450,Altstätten,Altstätten,Rheintal,1265.0,130.0,1395.0,3.5,78.0,1920.0,2009.0,3.0,False,False,47.376904201611,9.540404698355,True,False,False,False,False,True,False,False,False,False,16.22
85422916,2026-10-08,2026-10-08,https://flatfox.ch/en/flat/bahnhofstrasse-15-9615-dietfurt/85422916/,APARTMENT,APARTMENT,9615,Dietfurt,Bütschwil-Ganterschwil,Toggenburg,,,1580.0,2.0,61.0,,,,False,False,47.344584201611,9.078455696357,False,False,False,False,False,False,False,False,False,False,
85422215,2026-10-08,2026-10-08,https://flatfox.ch/en/flat/kirchgasse-1-9606-butschwil/85422215/,APARTMENT,APARTMENT,9606,Bütschwil,Bütschwil-Ganterschwil,Toggenburg,1640.0,220.0,1860.0,3.5,87.0,,,0.0,False,False,47.358806201611,9.072718694358,True,True,False,False,False,True,False,False,False,False,18.85
85418457,2026-10-08,2026-10-08,https://flatfox.ch/en/flat/badstrasse-31-flawil-9230-flawil/85418457/,APARTMENT,APARTMENT,9230,Flawil,Oberuzwil,Wil,,,450.0,1.0,,,,,False,False,47.413104201617,9.183673694354,False,False,False,False,False,False,False,False,False,False,
85409040,2026-10-08,2026-10-08,https://flatfox.ch/en/flat/im-zentrum-3b-9300-wittenbach/85409040/,APARTMENT,STUDIO,9300,Wittenbach,Berg (SG),Rorschach,855.0,80.0,935.0,1.0,51.0,2008.0,,0.0,False,False,47.460224201617,9.387034698351,False,True,False,False,False,False,True,True,False,True,16.76
85380845,2026-10-08,2026-10-08,https://flatfox.ch/en/flat/bildstrasse-19-9030-abtwil/85380845/,APARTMENT,ATTIC_FLAT,9030,Abtwil,Gaiserwald,St. Gallen,,280.0,2380.0,3.5,80.0,,,4.0,False,False,47.417964201614,9.312610694352,True,False,True,True,True,True,True,True,False,True,
85380269,2026-10-08,2026-10-08,https://flatfox.ch/en/flat/st-gallerstrasse-24-9300-wittenbach/85380269/,APARTMENT,APARTMENT,9300,Wittenbach,Berg (SG),Rorschach,1770.0,300.0,,4.5,102.0,,,4.0,False,False,47.456226201611,9.397478694351,True,False,True,True,True,True,False,False,True,True,17.35
85379961,2026-10-08,2026-10-08,https://flatfox.ch/en/flat/bildstrasse-15-9030-abtwil-sg/85379961/,APARTMENT,APARTMENT,9030,Abtwil SG,Gaiserwald,St. Gallen,1270.0,300.0,,3.5,70.0,,,2.0,False,False,47.417724201613,9.312778694351,True,False,False,False,True,True,False,False,False,True,18.14
85323803,2026-10-08,2026-10-08,https://flatfox.ch/en/flat/stadeliweg-3-9220-bischofszell/85323803/,APARTMENT,APARTMENT,9220,Bischofszell,Muolen,St. Gallen,1535.0,300.0,1835.0,4.5,100.0,1996.0,,0.0,False,False,47.496274201619,9.241918694355,True,False,False,False,False,False,True,True,False,False,15.35
85320295,2026-10-08,2026-10-08,https://flatfox.ch/en/flat/leimatstrasse-32-9000-st-gallen/85320295/,APARTMENT,APARTMENT,9000,St. Gallen,St. Gallen,St. Gallen,1700.0,,,3.0,76.0,,,,True,True,47.433264201617,9.380614694354,False,False,False,False,True,False,False,False,False,False,22.37
85302472,2026-10-08,2026-10-08,https://flatfox.ch/en/flat/baumattstrasse-6-9212-arnegg/85302472/,APARTMENT,APARTMENT,9212,Arnegg,Andwil (SG),St. Gallen,1400.0,160.0,1560.0,2.5,57.0,,,0.0,False,False,47.445354201611,9.255093698359,True,True,False,False,False,False,True,True,False,True,24.56
85297553,2026-10-08,2026-10-08,https://flatfox.ch/en/flat/grossackerstrasse-2-9000-st-gallen/85297553/,APARTMENT,STUDIO,9000,St. Gallen,St. Gallen,St. Gallen,,,500.0,1.0,,,,5.0,False,False,47.430434201618,9.392066697353,False,False,False,False,False,False,False,False,False,False,
85291922,2026-10-08,2026-10-08,https://flatfox.ch/en/flat/seeblickstr-10-haus-a-8645-jona/85291922/,APARTMENT,ATTIC_FLAT,8645,Jona,Rapperswil-Jona,See-Gaster,3900.0,420.0,4320.0,4.5,126.0,2024.0,,3.0,False,False,47.219584201612,8.832267694351,False,False,False,False,False,True,False,True,False,True,30.95
85271141,2026-10-08,2026-10-08,https://flatfox.ch/en/flat/robert-walserstrasse-9-9100-herisau/85271141/,APARTMENT,APARTMENT,9100,Herisau,Gossau (SG),St. Gallen,1340.0,270.0,1610.0,3.5,92.0,1991.0,2014.0,2.0,False,False,47.396903201617,9.265500698356,False,False,False,False,False,False,False,False,False,False,14.57
85269830,2026-10-08,2026-10-08,https://flatfox.ch/en/flat/bahnhofstr-40b-9200-gossau-sg/85269830/,APARTMENT,APARTMENT,9200,Gossau SG,Gossau (SG),St. Gallen,1875.0,250.0,2125.0,3.5,108.0,2008.0,,3.0,False,False,47.412514201616,9.251693694352,True,True,False,False,False,False,False,True,False,False,17.36
85268781,2026-10-08,2026-10-08,https://flatfox.ch/en/flat/risegg-11-9422-staad/85268781/,APARTMENT,APARTMENT,9422,Staad,Thal,Rorschach,1400.0,240.0,1640.0,3.5,85.0,,,2.0,False,False,47.479334201612,9.540366694358,True,False,False,False,False,False,False,False,False,False,16.47
85261272,2026-10-08,2026-10-08,https://flatfox.ch/en/flat/im-zentrum-3b-9300-wittenbach/85261272/,APARTMENT,STUDIO,9300,Wittenbach,Berg (SG),Rorschach,900.0,80.0,980.0,1.0,59.0,2008.0,,0.0,False,False,47.460224201617,9.387034698351,False,True,False,False,False,False,True,True,False,True,15.25
85159506,2026-10-08,2026-10-08,https://flatfox.ch/en/flat/degersheimerstrasse-21-9100-herisau/85159506/,APARTMENT,APARTMENT,9100,Herisau,Gossau (SG),St. Gallen,1160.0,200.0,1360.0,2.5,60.0,,,3.0,False,False,47.384790201611,9.270110695352,True,True,False,False,False,False,False,False,False,False,19.33
85155785,2026-10-08,2026-10-08,https://flatfox.ch/en/flat/gerbestrasse-1-9242-oberuzwil/85155785/,APARTMENT,APARTMENT,9242,Oberuzwil,Oberuzwil,Wil,2200.0,290.0,2490.0,4.5,88.0,,,2.0,False,False,47.430704201611,9.124744690351,True,False,False,False,False,False,False,False,False,False,25.0
85132051,2026-10-08,2026-10-08,https://flatfox.ch/en/flat/fliederstrasse-13-9200-gossau-sg/85132051/,APARTMENT,APARTMENT,9200,Gossau SG,Gossau (SG),St. Gallen,1360.0,220.0,1580.0,4.5,90.0,,,,False,False,47.416444201613,9.243367694355,True,False,False,False,False,True,True,True,False,False,15.11
85110547,2026-10-08,2026-10-08,https://flatfox.ch/en/flat/robert-walserstrasse-9-9100-herisau/85110547/,APARTMENT,APARTMENT,9100,Herisau,Gossau (SG),St. Gallen,1350.0,280.0,1630.0,3.5,94.0,1991.0,2014.0,3.0,False,False,47.396903201617,9.265500698356,False,False,False,False,False,False,False,False,False,False,14.36
84831633,2026-10-08,2026-10-08,https://flatfox.ch/en/flat/brugghalden-15-9300-wittenbach/84831633/,APARTMENT,APARTMENT,9300,Wittenbach,Berg (SG),Rorschach,1200.0,280.0,1480.0,4.5,85.0,1968.0,2009.0,2.0,False,False,47.452164201611,9.398476696354,False,False,False,False,False,False,False,False,False,False,14.12
84823301,2026-10-08,2026-10-08,https://flatfox.ch/en/flat/hauptstrasse-34-9400-rorschach/84823301/,APARTMENT,APARTMENT,9400,Rorschach,Rorschach,Rorschach,1100.0,200.0,1300.0,4.0,,,,4.0,False,False,47.478124201617,9.494683694351,True,False,False,False,True,False,False,False,False,True,
84689772,2026-10-08,2026-10-08,https://flatfox.ch/en/flat/poststrasse-15-9477-trubbach/84689772/,APARTMENT,FURNISHED_FLAT,9477,Trübbach,Wartau,Werdenberg,1600.0,290.0,1890.0,2.5,72.0,,,3.0,True,False,47.074594201611,9.478024694351,True,False,False,False,False,True,False,False,False,False,22.22
84679680,2026-10-08,2026-10-08,https://flatfox.ch/en/flat/industriestrasse-28-9400-rorschach/84679680/,APARTMENT,APARTMENT,9400,Rorschach,Rorschach,Rorschach,1200.0,220.0,1420.0,3.5,63.0,,,3.0,False,False,47.476585201612,9.484438698356,False,False,False,False,False,False,False,False,False,False,19.05
84575191,2026-10-08,2026-10-08,https://flatfox.ch/en/flat/loch-1308-9428-walzenhausen/84575191/,APARTMENT,APARTMENT,9428,Walzenhausen,St. Margrethen,Rheintal,1395.0,460.0,1855.0,4.5,96.0,1994.0,,2.0,False,False,47.451788201611,9.599209696356,False,False,False,False,False,False,True,True,False,True,14.53
84534750,2026-10-08,2026-10-08,https://flatfox.ch/en/flat/ulrich-roschstrasse-61-9500-wil/84534750/,APARTMENT,APARTMENT,9500,Wil,Zuzwil (SG),Wil,1950.0,240.0,2190.0,4.5,111.0,1986.0,,1.0,False,False,47.470274201616,9.059267699351,True,False,False,False,False,True,False,False,False,False,17.57
84455770,2026-10-08,2026-10-08,https://flatfox.ch/en/flat/kronengasse-2-9463-oberriet-sg/84455770/,APARTMENT,APARTMENT,9463,Oberriet SG,Altstätten,Rheintal,1950.0,200.0,2150.0,4.5,104.0,2019.0,,1.0,False,False,47.319085201612,9.563404694358,True,True,False,False,True,True,False,False,False,False,18.75
34152142,2026-10-08,2026-10-08,https://flatfox.ch/en/flat/st-gallerstrasse-86-9200-gossau-sg/34152142/,APARTMENT,APARTMENT,9200,Gossau SG,Gossau (SG),St. Gallen,1800.0,230.0,2030.0,4.5,,,,2.0,False,False,47.416624201613,9.253090699358,True,True,False,False,True,False,False,False,False,True,
1905618,2026-10-08,2026-10-08,https://flatfox.ch/en/flat/ulrich-roschstrasse-53-9500-wil/1905618/,APARTMENT,APARTMENT,9500,Wil,Zuzwil (SG),Wil,1850.0,280.0,2130.0,5.5,130.0,1986.0,,1.0,False,False,47.470329201615,9.060364694354,False,False,False,False,False,False,False,False,False,False,14.23
1819842,2026-10-08,2026-10-08,https://flatfox.ch/en/flat/langgasse-125-9008-st-gallen/1819842/,APARTMENT,APARTMENT,9008,St. Gallen,St. Gallen,St. Gallen,1230.0,280.0,1510.0,2.0,46.0,,,2.0,False,False,47.443238201614,9.395168694359,True,False,False,False,False,True,False,False,False,False,26.74
1796100,2026-10-08,2026-10-08,https://flatfox.ch/en/flat/tempelackerstrasse-20-9000-st-gallen/1796100/,APARTMENT,APARTMENT,9000,St. Gallen,St. Gallen,St. Gallen,590.0,120.0,710.0,1.5,27.0,1920.0,,3.0,False,False,47.428594201613,9.389859695351,False,False,False,False,False,False,False,False,False,False,21.85
1792665,2026-10-08,2026-10-08,https://flatfox.ch/en/flat/hauptstrasse-99-9430-st-margrethen-sg/1792665/,APARTMENT,APARTMENT,9430,St. Margrethen SG,St. Margrethen,Rheintal,1300.0,290.0,1590.0,4.5,,,,2.0,False,False,47.453294201612,9.631919694353,True,True,False,False,False,False,True,True,False,False,
1786735,2026-10-08,2026-10-08,https://flatfox.ch/en/flat/degersheimerstrasse-21-9100-herisau/1786735/,APARTMENT,APARTMENT,9100,Herisau,Gossau (SG),St. Gallen,1200.0,200.0,1400.0,3.0,60.0,,,2.0,False,False,47.384790201611,9.270110695352,True,True,False,False,False,False,False,False,False,False,20.0
1783683,2026-10-08,2026-10-08,https://flatfox.ch/en/flat/industriestrasse-28-9400-rorschach/1783683/,APARTMENT,APARTMENT,9400,Rorschach,Rorschach,Rorschach,1000.0,180.0,1180.0,2.5,43.0,,,0.0,False,False,47.476585201612,9.484438698356,False,False,False,False,False,False,False,False,False,False,23.26
1779619,2026-10-08,2026-10-08,https://flatfox.ch/en/flat/in-den-erlen-4-9030-abtwil/1779619/,APARTMENT,APARTMENT,9030,Abtwil,Gaiserwald,St. Gallen,1240.0,220.0,1460.0,4.0,65.0,,,2.0,False,False,47.419888201616,9.315250694357,True,False,False,False,False,True,False,False,False,False,19.08
1763644,2026-10-08,2026-10-08,https://flatfox.ch/en/flat/larchenstrasse-3-9630-wattwil/1763644/,APARTMENT,APARTMENT,9630,Wattwil,Mosnang,Toggenburg,1540.0,220.0,1760.0,4.5,76.0,,,2.0,False,False,47.292124201614,9.097929694359,True,False,False,False,False,True,False,False,False,False,20.26
1684953,2026-10-08,2026-10-08,https://flatfox.ch/en/flat/stockbergstrasse-4-9014-st-gallen/1684953/,APARTMENT,APARTMENT,9014,St. Gallen,St. Gallen,St. Gallen,1330.0,160.0,1490.0,2.5,54.0,,,2.0,False,False,47.407346201614,9.334118693352,False,False,False,False,False,True,False,False,False,False,24.63
1606033,2026-10-08,2026-10-08,https://flatfox.ch/en/flat/neufeldstrasse-7-9450-altstatten/1606033/,APARTMENT,APARTMENT,9450,Altstätten,Altstätten,Rheintal,1230.0,230.0,1460.0,4.0,81.0,1975.0,,3.0,False,False,47.381184201611,9.554313694357,False,False,False,False,False,False,True,True,False,True,15.19
1605878,2026-10-08,2026-10-08,https://flatfox.ch/en/flat/industriestrasse-28-9400-rorschach/1605878/,APARTMENT,APARTMENT,9400,Rorschach,Rorschach,Rorschach,1240.0,220.0,1460.0,3.5,60.0,,,3.0,False,False,47.476585201612,9.484438698356,False,False,False,False,False,True,False,False,False,False,20.67
1582419,2026-10-08,2026-10-08,https://flatfox.ch/en/flat/schibistrasse-11-9000-st-gallen/1582419/,APARTMENT,APARTMENT,9000,St. Gallen,St. Gallen,St. Gallen,2090.0,180.0,0.0,3.5,83.0,1918.0,2025.0,2.0,False,False,47.417024201611,9.348427694355,False,True,False,False,False,False,True,True,False,False,25.18
1552638,2026-10-08,2026-10-08,https://flatfox.ch/en/flat/schibistrasse-11-9000-st-gallen/1552638/,APARTMENT,APARTMENT,9000,St. Gallen,St. Gallen,St. Gallen,2090.0,180.0,0.0,3.5,83.0,1918.0,2025.0,3.0,False,False,47.417024201611,9.348427694355,True,True,False,False,False,True,True,True,False,True,25.18
1552637,2026-10-08,2026-10-08,https://flatfox.ch/en/flat/schibistrasse-11-9000-st-gallen/1552637/,APARTMENT,APARTMENT,9000,St. Gallen,St. Gallen,St. Gallen,2090.0,180.0,0.0,3.5,83.0,1918.0,2025.0,3.0,False,False,47.417024201611,9.348427694355,True,True,False,False,False,True,True,True,False,True,25.18
1552636,2026-10-08,2026-10-08,https://flatfox.ch/en/flat/schibistrasse-11-9000-st-gallen/1552636/,APARTMENT,APARTMENT,9000,St. Gallen,St. Gallen,St. Gallen,2090.0,180.0,0.0,3.5,83.0,1918.0,2025.0,2.0,False,False,47.417024201611,9.348427694355,True,True,False,False,False,True,True,True,False,True,25.18
1552635,2026-10-08,2026-10-08,https://flatfox.ch/en/flat/schibistrasse-11-9000-st-gallen/1552635/,APARTMENT,APARTMENT,9000,St. Gallen,St. Gallen,St. Gallen,2090.0,180.0,0.0,3.5,83.0,1918.0,2025.0,1.0,False,False,47.417024201611,9.348427694355,True,True,False,False,False,True,True,True,False,True,25.18
1552634,2026-10-08,2026-10-08,https://flatfox.ch/en/flat/schibistrasse-11-9000-st-gallen/1552634/,APARTMENT,APARTMENT,9000,St. Gallen,St. Gallen,St. Gallen,2090.0,180.0,0.0,3.5,83.0,1918.0,2025.0,1.0,False,False,47.417024201611,9.348427694355,True,True,False,False,False,True,True,True,False,True,25.18
1552633,2026-10-08,2026-10-08,https://flatfox.ch/en/flat/schibistrasse-11-9000-st-gallen/1552633/,APARTMENT,APARTMENT,9000,St. Gallen,St. Gallen,St. Gallen,2090.0,180.0,0.0,3.5,83.0,1918.0,2025.0,0.0,False,False,47.417024201611,9.348427694355,True,True,False,False,False,False,True,True,False,True,25.18
1543596,2026-10-08,2026-10-08,https://flatfox.ch/en/flat/gerbestrasse-1-9242-oberuzwil/1543596/,APARTMENT,APARTMENT,9242,Oberuzwil,Oberuzwil,Wil,2200.0,290.0,2490.0,4.5,,,,1.0,False,False,47.430704201611,9.124744690351,True,False,False,False,False,False,False,False,False,False,
1529913,2026-10-08,2026-10-08,https://flatfox.ch/en/flat/oberrieterstrasse-33-9462-montlingen/1529913/,APARTMENT,DUPLEX,9462,Montlingen,Oberriet (SG),Rheintal,1710.0,130.0,1840.0,3.5,90.0,2025.0,,0.0,False,False,47.333684201612,9.584395694355,True,False,True,False,True,False,False,True,False,False,19.0
1519191,2026-10-08,2026-10-08,https://flatfox.ch/en/flat/steingrueblistrasse-22-9000-stgallen/1519191/,APARTMENT,APARTMENT,9000,St.Gallen,St. Gallen,St. Gallen,1080.0,210.0,,1.0,38.0,,,1.0,False,False,47.426396201611,9.388794694359,False,True,True,True,True,False,False,True,False,True,28.42
1519183,2026-10-08,2026-10-08,https://flatfox.ch/en/flat/steingrueblistrasse-22-9000-stgallen/1519183/,APARTMENT,FURNISHED_FLAT,9000,St.Gallen,St. Gallen,St. Gallen,1080.0,210.0,,1.0,38.0,2026.0,,1.0,False,False,47.426396201611,9.388794694359,False,True,True,False,True,False,False,False,False,True,28.42
1456333,2026-10-08,2026-10-08,https://flatfox.ch/en/flat/niederburerstrasse-40-9220-bischofszell/1456333/,APARTMENT,APARTMENT,9220,Bischofszell,Muolen,St. Gallen,1720.0,280.0,2000.0,4.5,107.0,,,1.0,False,False,47.488694201613,9.232848698352,False,False,False,False,False,False,False,False,False,False,16.07
1434675,2026-10-08,2026-10-08,https://flatfox.ch/en/flat/industriestrasse-24-9400-rorschach/1434675/,APARTMENT,FURNISHED_FLAT,9400,Rorschach,Rorschach,Rorschach,690.0,100.0,790.0,1.0,20.0,,2015.0,2.0,True,False,47.476824201616,9.484573694353,False,False,False,False,False,False,False,False,False,True,34.5
1393907,2026-10-08,2026-10-08,https://flatfox.ch/en/flat/schibistrasse-11-9000-st-gallen/1393907/,APARTMENT,APARTMENT,9000,St. Gallen,St. Gallen,St. Gallen,2090.0,180.0,0.0,3.5,83.0,1918.0,2025.0,0.0,False,False,47.417024201611,9.348427694355,True,True,False,False,False,True,True,True,False,False,25.18
1356715,2026-10-08,2026-10-08,https://flatfox.ch/en/flat/brauerstrasse-1-9000-st-gallen/1356715/,APARTMENT,APARTMENT,9000,St. Gallen,St. Gallen,St. Gallen,,100.0,1390.0,3.5,,,,3.0,False,False,47.433553201615,9.399538694358,False,False,True,True,False,True,False,False,False,True,
1316963,2026-10-08,2026-10-08,https://flatfox.ch/en/flat/trischliplatz-kronenstrasse-9400-rorschach/1316963/,APARTMENT,APARTMENT,9400,Rorschach,Rorschach,Rorschach,1590.0,150.0,1740.0,2.5,,2023.0,,3.0,False,False,47.478514201611,9.489578694352,False,True,False,False,False,False,False,False,False,False,
1258002,2026-10-08,2026-10-08,https://flatfox.ch/en/flat/leimatstrasse-32-9000-st-gallen/1258002/,APARTMENT,APARTMENT,9000,St. Gallen,St. Gallen,St. Gallen,2100.0,,,4.0,88.0,,,,True,True,47.433264201617,9.380614694354,False,False,False,False,True,False,False,False,False,False,23.86
